<?xml version="1.0"?>
<gpx version="1.1" creator="Ski Nav">
<wpt lat="46.193310" lon="6.768150"><ele>1798</ele><time>2027-01-17T08:15:00Z</time></wpt>
<wpt lat="46.193120" lon="6.768200"><ele>1798</ele><time>2027-01-17T08:15:02Z</time></wpt>
<wpt lat="46.193070" lon="6.768210"><ele>1798</ele><time>2027-01-17T08:15:02Z</time></wpt>
<wpt lat="46.193050" lon="6.768200"><ele>1798</ele><time>2027-01-17T08:15:02Z</time></wpt>
<wpt lat="46.192865" lon="6.768095"><ele>1798</ele><time>2027-01-17T08:15:05Z</time></wpt>
<wpt lat="46.192680" lon="6.767990"><ele>1792</ele><time>2027-01-17T08:15:07Z</time></wpt>
<wpt lat="46.192630" lon="6.767960"><ele>1791</ele><time>2027-01-17T08:15:07Z</time></wpt>
<wpt lat="46.192600" lon="6.767940"><ele>1790</ele><time>2027-01-17T08:15:08Z</time></wpt>
<wpt lat="46.192580" lon="6.767920"><ele>1789</ele><time>2027-01-17T08:15:08Z</time></wpt>
<wpt lat="46.192580" lon="6.767920"><ele>1789</ele><time>2027-01-17T08:15:08Z</time></wpt>
<wpt lat="46.192460" lon="6.767830"><ele>1786</ele><time>2027-01-17T08:15:10Z</time></wpt>
<wpt lat="46.192440" lon="6.767790"><ele>1785</ele><time>2027-01-17T08:15:10Z</time></wpt>
<wpt lat="46.192420" lon="6.767750"><ele>1784</ele><time>2027-01-17T08:15:10Z</time></wpt>
<wpt lat="46.192410" lon="6.767710"><ele>1783</ele><time>2027-01-17T08:15:11Z</time></wpt>
<wpt lat="46.192410" lon="6.767650"><ele>1781</ele><time>2027-01-17T08:15:11Z</time></wpt>
<wpt lat="46.192420" lon="6.767600"><ele>1780</ele><time>2027-01-17T08:15:12Z</time></wpt>
<wpt lat="46.192430" lon="6.767550"><ele>1778</ele><time>2027-01-17T08:15:12Z</time></wpt>
<wpt lat="46.192450" lon="6.767520"><ele>1778</ele><time>2027-01-17T08:15:12Z</time></wpt>
<wpt lat="46.192470" lon="6.767500"><ele>1777</ele><time>2027-01-17T08:15:13Z</time></wpt>
<wpt lat="46.192500" lon="6.767480"><ele>1777</ele><time>2027-01-17T08:15:13Z</time></wpt>
<wpt lat="46.192800" lon="6.767350"><ele>1776</ele><time>2027-01-17T08:15:16Z</time></wpt>
<wpt lat="46.193070" lon="6.767230"><ele>1774</ele><time>2027-01-17T08:15:20Z</time></wpt>
<wpt lat="46.193230" lon="6.767180"><ele>1772</ele><time>2027-01-17T08:15:21Z</time></wpt>
<wpt lat="46.193330" lon="6.767110"><ele>1770</ele><time>2027-01-17T08:15:23Z</time></wpt>
<wpt lat="46.193450" lon="6.767050"><ele>1769</ele><time>2027-01-17T08:15:24Z</time></wpt>
<wpt lat="46.193590" lon="6.767000"><ele>1768</ele><time>2027-01-17T08:15:26Z</time></wpt>
<wpt lat="46.193700" lon="6.766910"><ele>1766</ele><time>2027-01-17T08:15:27Z</time></wpt>
<wpt lat="46.193730" lon="6.766890"><ele>1766</ele><time>2027-01-17T08:15:27Z</time></wpt>
<wpt lat="46.193920" lon="6.766780"><ele>1765</ele><time>2027-01-17T08:15:30Z</time></wpt>
<wpt lat="46.193990" lon="6.766720"><ele>1764</ele><time>2027-01-17T08:15:31Z</time></wpt>
<wpt lat="46.194120" lon="6.766520"><ele>1761</ele><time>2027-01-17T08:15:33Z</time></wpt>
<wpt lat="46.194170" lon="6.766460"><ele>1760</ele><time>2027-01-17T08:15:33Z</time></wpt>
<wpt lat="46.194210" lon="6.766380"><ele>1758</ele><time>2027-01-17T08:15:34Z</time></wpt>
<wpt lat="46.194370" lon="6.765930"><ele>1750</ele><time>2027-01-17T08:15:38Z</time></wpt>
<wpt lat="46.194410" lon="6.765840"><ele>1749</ele><time>2027-01-17T08:15:39Z</time></wpt>
<wpt lat="46.194530" lon="6.765635"><ele>1749</ele><time>2027-01-17T08:15:41Z</time></wpt>
<wpt lat="46.194650" lon="6.765430"><ele>1749</ele><time>2027-01-17T08:15:43Z</time></wpt>
<wpt lat="46.194770" lon="6.765225"><ele>1749</ele><time>2027-01-17T08:15:45Z</time></wpt>
<wpt lat="46.194890" lon="6.765020"><ele>1740</ele><time>2027-01-17T08:15:47Z</time></wpt>
<wpt lat="46.194980" lon="6.764850"><ele>1738</ele><time>2027-01-17T08:15:49Z</time></wpt>
<wpt lat="46.195040" lon="6.764690"><ele>1736</ele><time>2027-01-17T08:15:50Z</time></wpt>
<wpt lat="46.195130" lon="6.764390"><ele>1732</ele><time>2027-01-17T08:15:53Z</time></wpt>
<wpt lat="46.195135" lon="6.764107"><ele>1732</ele><time>2027-01-17T08:15:55Z</time></wpt>
<wpt lat="46.195140" lon="6.763824"><ele>1732</ele><time>2027-01-17T08:15:57Z</time></wpt>
<wpt lat="46.195145" lon="6.763541"><ele>1732</ele><time>2027-01-17T08:15:59Z</time></wpt>
<wpt lat="46.195150" lon="6.763258"><ele>1732</ele><time>2027-01-17T08:16:01Z</time></wpt>
<wpt lat="46.195155" lon="6.762975"><ele>1732</ele><time>2027-01-17T08:16:04Z</time></wpt>
<wpt lat="46.195160" lon="6.762692"><ele>1732</ele><time>2027-01-17T08:16:06Z</time></wpt>
<wpt lat="46.195165" lon="6.762409"><ele>1732</ele><time>2027-01-17T08:16:08Z</time></wpt>
<wpt lat="46.195170" lon="6.762126"><ele>1732</ele><time>2027-01-17T08:16:10Z</time></wpt>
<wpt lat="46.195175" lon="6.761843"><ele>1732</ele><time>2027-01-17T08:16:12Z</time></wpt>
<wpt lat="46.195180" lon="6.761560"><ele>1701</ele><time>2027-01-17T08:16:14Z</time></wpt>
<wpt lat="46.195193" lon="6.761290"><ele>1701</ele><time>2027-01-17T08:16:17Z</time></wpt>
<wpt lat="46.195207" lon="6.761021"><ele>1701</ele><time>2027-01-17T08:16:19Z</time></wpt>
<wpt lat="46.195220" lon="6.760751"><ele>1701</ele><time>2027-01-17T08:16:21Z</time></wpt>
<wpt lat="46.195233" lon="6.760482"><ele>1701</ele><time>2027-01-17T08:16:23Z</time></wpt>
<wpt lat="46.195247" lon="6.760212"><ele>1701</ele><time>2027-01-17T08:16:25Z</time></wpt>
<wpt lat="46.195260" lon="6.759943"><ele>1701</ele><time>2027-01-17T08:16:27Z</time></wpt>
<wpt lat="46.195273" lon="6.759673"><ele>1701</ele><time>2027-01-17T08:16:29Z</time></wpt>
<wpt lat="46.195287" lon="6.759404"><ele>1701</ele><time>2027-01-17T08:16:31Z</time></wpt>
<wpt lat="46.195300" lon="6.759134"><ele>1701</ele><time>2027-01-17T08:16:33Z</time></wpt>
<wpt lat="46.195313" lon="6.758865"><ele>1701</ele><time>2027-01-17T08:16:35Z</time></wpt>
<wpt lat="46.195327" lon="6.758595"><ele>1701</ele><time>2027-01-17T08:16:37Z</time></wpt>
<wpt lat="46.195340" lon="6.758326"><ele>1701</ele><time>2027-01-17T08:16:39Z</time></wpt>
<wpt lat="46.195353" lon="6.758056"><ele>1701</ele><time>2027-01-17T08:16:42Z</time></wpt>
<wpt lat="46.195367" lon="6.757787"><ele>1701</ele><time>2027-01-17T08:16:44Z</time></wpt>
<wpt lat="46.195380" lon="6.757517"><ele>1701</ele><time>2027-01-17T08:16:46Z</time></wpt>
<wpt lat="46.195393" lon="6.757248"><ele>1701</ele><time>2027-01-17T08:16:48Z</time></wpt>
<wpt lat="46.195407" lon="6.756978"><ele>1701</ele><time>2027-01-17T08:16:50Z</time></wpt>
<wpt lat="46.195420" lon="6.756709"><ele>1701</ele><time>2027-01-17T08:16:52Z</time></wpt>
<wpt lat="46.195433" lon="6.756439"><ele>1701</ele><time>2027-01-17T08:16:54Z</time></wpt>
<wpt lat="46.195447" lon="6.756170"><ele>1701</ele><time>2027-01-17T08:16:56Z</time></wpt>
<wpt lat="46.195460" lon="6.755900"><ele>1673</ele><time>2027-01-17T08:16:58Z</time></wpt>
<wpt lat="46.195520" lon="6.755700"><ele>1673</ele><time>2027-01-17T08:17:00Z</time></wpt>
<wpt lat="46.195523" lon="6.755420"><ele>1673</ele><time>2027-01-17T08:17:02Z</time></wpt>
<wpt lat="46.195527" lon="6.755140"><ele>1673</ele><time>2027-01-17T08:17:04Z</time></wpt>
<wpt lat="46.195530" lon="6.754860"><ele>1671</ele><time>2027-01-17T08:17:06Z</time></wpt>
<wpt lat="46.195523" lon="6.754580"><ele>1671</ele><time>2027-01-17T08:17:08Z</time></wpt>
<wpt lat="46.195517" lon="6.754300"><ele>1671</ele><time>2027-01-17T08:17:11Z</time></wpt>
<wpt lat="46.195510" lon="6.754020"><ele>1671</ele><time>2027-01-17T08:17:13Z</time></wpt>
<wpt lat="46.195503" lon="6.753740"><ele>1671</ele><time>2027-01-17T08:17:15Z</time></wpt>
<wpt lat="46.195497" lon="6.753460"><ele>1671</ele><time>2027-01-17T08:17:17Z</time></wpt>
<wpt lat="46.195490" lon="6.753180"><ele>1662</ele><time>2027-01-17T08:17:19Z</time></wpt>
<wpt lat="46.195485" lon="6.752910"><ele>1662</ele><time>2027-01-17T08:17:21Z</time></wpt>
<wpt lat="46.195480" lon="6.752640"><ele>1657</ele><time>2027-01-17T08:17:23Z</time></wpt>
<wpt lat="46.195505" lon="6.752315"><ele>1657</ele><time>2027-01-17T08:17:26Z</time></wpt>
<wpt lat="46.195530" lon="6.751990"><ele>1652</ele><time>2027-01-17T08:17:28Z</time></wpt>
<wpt lat="46.195550" lon="6.751640"><ele>1648</ele><time>2027-01-17T08:17:31Z</time></wpt>
<wpt lat="46.195430" lon="6.751850"><ele>1648</ele><time>2027-01-17T08:17:33Z</time></wpt>
<wpt lat="46.195310" lon="6.752060"><ele>1648</ele><time>2027-01-17T08:17:35Z</time></wpt>
<wpt lat="46.195190" lon="6.752270"><ele>1638</ele><time>2027-01-17T08:18:37Z</time></wpt>
<wpt lat="46.195200" lon="6.752400"><ele>1638</ele><time>2027-01-17T08:18:40Z</time></wpt>
<wpt lat="46.195210" lon="6.752530"><ele>1643</ele><time>2027-01-17T08:18:42Z</time></wpt>
<wpt lat="46.195217" lon="6.752639"><ele>1643</ele><time>2027-01-17T08:18:45Z</time></wpt>
<wpt lat="46.195223" lon="6.752748"><ele>1643</ele><time>2027-01-17T08:18:47Z</time></wpt>
<wpt lat="46.195230" lon="6.752857"><ele>1643</ele><time>2027-01-17T08:18:49Z</time></wpt>
<wpt lat="46.195237" lon="6.752966"><ele>1643</ele><time>2027-01-17T08:18:51Z</time></wpt>
<wpt lat="46.195243" lon="6.753074"><ele>1643</ele><time>2027-01-17T08:18:53Z</time></wpt>
<wpt lat="46.195250" lon="6.753183"><ele>1643</ele><time>2027-01-17T08:18:55Z</time></wpt>
<wpt lat="46.195257" lon="6.753292"><ele>1643</ele><time>2027-01-17T08:18:57Z</time></wpt>
<wpt lat="46.195263" lon="6.753401"><ele>1643</ele><time>2027-01-17T08:18:59Z</time></wpt>
<wpt lat="46.195270" lon="6.753510"><ele>1658</ele><time>2027-01-17T08:19:01Z</time></wpt>
<wpt lat="46.195276" lon="6.753617"><ele>1658</ele><time>2027-01-17T08:19:03Z</time></wpt>
<wpt lat="46.195282" lon="6.753724"><ele>1658</ele><time>2027-01-17T08:19:06Z</time></wpt>
<wpt lat="46.195289" lon="6.753831"><ele>1658</ele><time>2027-01-17T08:19:08Z</time></wpt>
<wpt lat="46.195295" lon="6.753938"><ele>1658</ele><time>2027-01-17T08:19:10Z</time></wpt>
<wpt lat="46.195301" lon="6.754044"><ele>1658</ele><time>2027-01-17T08:19:12Z</time></wpt>
<wpt lat="46.195307" lon="6.754151"><ele>1658</ele><time>2027-01-17T08:19:14Z</time></wpt>
<wpt lat="46.195314" lon="6.754258"><ele>1658</ele><time>2027-01-17T08:19:16Z</time></wpt>
<wpt lat="46.195320" lon="6.754365"><ele>1658</ele><time>2027-01-17T08:19:18Z</time></wpt>
<wpt lat="46.195326" lon="6.754472"><ele>1658</ele><time>2027-01-17T08:19:20Z</time></wpt>
<wpt lat="46.195332" lon="6.754579"><ele>1658</ele><time>2027-01-17T08:19:22Z</time></wpt>
<wpt lat="46.195339" lon="6.754686"><ele>1658</ele><time>2027-01-17T08:19:24Z</time></wpt>
<wpt lat="46.195345" lon="6.754792"><ele>1658</ele><time>2027-01-17T08:19:26Z</time></wpt>
<wpt lat="46.195351" lon="6.754899"><ele>1658</ele><time>2027-01-17T08:19:28Z</time></wpt>
<wpt lat="46.195358" lon="6.755006"><ele>1658</ele><time>2027-01-17T08:19:30Z</time></wpt>
<wpt lat="46.195364" lon="6.755113"><ele>1658</ele><time>2027-01-17T08:19:32Z</time></wpt>
<wpt lat="46.195370" lon="6.755220"><ele>1669</ele><time>2027-01-17T08:19:34Z</time></wpt>
<wpt lat="46.195376" lon="6.755324"><ele>1669</ele><time>2027-01-17T08:19:36Z</time></wpt>
<wpt lat="46.195383" lon="6.755427"><ele>1669</ele><time>2027-01-17T08:19:38Z</time></wpt>
<wpt lat="46.195389" lon="6.755531"><ele>1669</ele><time>2027-01-17T08:19:40Z</time></wpt>
<wpt lat="46.195396" lon="6.755634"><ele>1669</ele><time>2027-01-17T08:19:42Z</time></wpt>
<wpt lat="46.195402" lon="6.755738"><ele>1669</ele><time>2027-01-17T08:19:44Z</time></wpt>
<wpt lat="46.195409" lon="6.755841"><ele>1669</ele><time>2027-01-17T08:19:46Z</time></wpt>
<wpt lat="46.195415" lon="6.755945"><ele>1669</ele><time>2027-01-17T08:19:48Z</time></wpt>
<wpt lat="46.195421" lon="6.756049"><ele>1669</ele><time>2027-01-17T08:19:50Z</time></wpt>
<wpt lat="46.195428" lon="6.756152"><ele>1669</ele><time>2027-01-17T08:19:52Z</time></wpt>
<wpt lat="46.195434" lon="6.756256"><ele>1669</ele><time>2027-01-17T08:19:54Z</time></wpt>
<wpt lat="46.195441" lon="6.756359"><ele>1669</ele><time>2027-01-17T08:19:56Z</time></wpt>
<wpt lat="46.195447" lon="6.756463"><ele>1669</ele><time>2027-01-17T08:19:58Z</time></wpt>
<wpt lat="46.195454" lon="6.756566"><ele>1669</ele><time>2027-01-17T08:20:00Z</time></wpt>
<wpt lat="46.195460" lon="6.756670"><ele>1673</ele><time>2027-01-17T08:20:02Z</time></wpt>
<wpt lat="46.195466" lon="6.756774"><ele>1673</ele><time>2027-01-17T08:20:04Z</time></wpt>
<wpt lat="46.195472" lon="6.756877"><ele>1673</ele><time>2027-01-17T08:20:06Z</time></wpt>
<wpt lat="46.195479" lon="6.756981"><ele>1673</ele><time>2027-01-17T08:20:08Z</time></wpt>
<wpt lat="46.195485" lon="6.757085"><ele>1673</ele><time>2027-01-17T08:20:10Z</time></wpt>
<wpt lat="46.195491" lon="6.757189"><ele>1673</ele><time>2027-01-17T08:20:12Z</time></wpt>
<wpt lat="46.195498" lon="6.757293"><ele>1673</ele><time>2027-01-17T08:20:14Z</time></wpt>
<wpt lat="46.195504" lon="6.757396"><ele>1673</ele><time>2027-01-17T08:20:16Z</time></wpt>
<wpt lat="46.195510" lon="6.757500"><ele>1673</ele><time>2027-01-17T08:20:18Z</time></wpt>
<wpt lat="46.195516" lon="6.757604"><ele>1673</ele><time>2027-01-17T08:20:20Z</time></wpt>
<wpt lat="46.195522" lon="6.757707"><ele>1673</ele><time>2027-01-17T08:20:23Z</time></wpt>
<wpt lat="46.195529" lon="6.757811"><ele>1673</ele><time>2027-01-17T08:20:25Z</time></wpt>
<wpt lat="46.195535" lon="6.757915"><ele>1673</ele><time>2027-01-17T08:20:27Z</time></wpt>
<wpt lat="46.195541" lon="6.758019"><ele>1673</ele><time>2027-01-17T08:20:29Z</time></wpt>
<wpt lat="46.195548" lon="6.758122"><ele>1673</ele><time>2027-01-17T08:20:31Z</time></wpt>
<wpt lat="46.195554" lon="6.758226"><ele>1673</ele><time>2027-01-17T08:20:33Z</time></wpt>
<wpt lat="46.195560" lon="6.758330"><ele>1675</ele><time>2027-01-17T08:20:35Z</time></wpt>
<wpt lat="46.195566" lon="6.758434"><ele>1675</ele><time>2027-01-17T08:20:37Z</time></wpt>
<wpt lat="46.195572" lon="6.758538"><ele>1675</ele><time>2027-01-17T08:20:39Z</time></wpt>
<wpt lat="46.195578" lon="6.758642"><ele>1675</ele><time>2027-01-17T08:20:41Z</time></wpt>
<wpt lat="46.195584" lon="6.758746"><ele>1675</ele><time>2027-01-17T08:20:43Z</time></wpt>
<wpt lat="46.195589" lon="6.758851"><ele>1675</ele><time>2027-01-17T08:20:45Z</time></wpt>
<wpt lat="46.195595" lon="6.758955"><ele>1675</ele><time>2027-01-17T08:20:47Z</time></wpt>
<wpt lat="46.195601" lon="6.759059"><ele>1675</ele><time>2027-01-17T08:20:49Z</time></wpt>
<wpt lat="46.195607" lon="6.759163"><ele>1675</ele><time>2027-01-17T08:20:51Z</time></wpt>
<wpt lat="46.195613" lon="6.759267"><ele>1675</ele><time>2027-01-17T08:20:53Z</time></wpt>
<wpt lat="46.195619" lon="6.759371"><ele>1675</ele><time>2027-01-17T08:20:55Z</time></wpt>
<wpt lat="46.195625" lon="6.759475"><ele>1675</ele><time>2027-01-17T08:20:57Z</time></wpt>
<wpt lat="46.195631" lon="6.759579"><ele>1675</ele><time>2027-01-17T08:20:59Z</time></wpt>
<wpt lat="46.195636" lon="6.759684"><ele>1675</ele><time>2027-01-17T08:21:01Z</time></wpt>
<wpt lat="46.195642" lon="6.759788"><ele>1675</ele><time>2027-01-17T08:21:03Z</time></wpt>
<wpt lat="46.195648" lon="6.759892"><ele>1675</ele><time>2027-01-17T08:21:05Z</time></wpt>
<wpt lat="46.195654" lon="6.759996"><ele>1675</ele><time>2027-01-17T08:21:07Z</time></wpt>
<wpt lat="46.195660" lon="6.760100"><ele>1696</ele><time>2027-01-17T08:21:09Z</time></wpt>
<wpt lat="46.195667" lon="6.760215"><ele>1696</ele><time>2027-01-17T08:21:11Z</time></wpt>
<wpt lat="46.195675" lon="6.760330"><ele>1696</ele><time>2027-01-17T08:21:13Z</time></wpt>
<wpt lat="46.195682" lon="6.760445"><ele>1696</ele><time>2027-01-17T08:21:15Z</time></wpt>
<wpt lat="46.195690" lon="6.760560"><ele>1696</ele><time>2027-01-17T08:21:18Z</time></wpt>
<wpt lat="46.195698" lon="6.760675"><ele>1696</ele><time>2027-01-17T08:21:20Z</time></wpt>
<wpt lat="46.195705" lon="6.760790"><ele>1696</ele><time>2027-01-17T08:21:22Z</time></wpt>
<wpt lat="46.195712" lon="6.760905"><ele>1696</ele><time>2027-01-17T08:21:24Z</time></wpt>
<wpt lat="46.195720" lon="6.761020"><ele>1698</ele><time>2027-01-17T08:21:27Z</time></wpt>
<wpt lat="46.195727" lon="6.761134"><ele>1698</ele><time>2027-01-17T08:21:29Z</time></wpt>
<wpt lat="46.195734" lon="6.761249"><ele>1698</ele><time>2027-01-17T08:21:31Z</time></wpt>
<wpt lat="46.195741" lon="6.761363"><ele>1698</ele><time>2027-01-17T08:21:33Z</time></wpt>
<wpt lat="46.195749" lon="6.761477"><ele>1698</ele><time>2027-01-17T08:21:35Z</time></wpt>
<wpt lat="46.195756" lon="6.761591"><ele>1698</ele><time>2027-01-17T08:21:38Z</time></wpt>
<wpt lat="46.195763" lon="6.761706"><ele>1698</ele><time>2027-01-17T08:21:40Z</time></wpt>
<wpt lat="46.195770" lon="6.761820"><ele>1704</ele><time>2027-01-17T08:21:42Z</time></wpt>
<wpt lat="46.195778" lon="6.761931"><ele>1704</ele><time>2027-01-17T08:21:44Z</time></wpt>
<wpt lat="46.195786" lon="6.762041"><ele>1704</ele><time>2027-01-17T08:21:46Z</time></wpt>
<wpt lat="46.195794" lon="6.762152"><ele>1704</ele><time>2027-01-17T08:21:48Z</time></wpt>
<wpt lat="46.195801" lon="6.762263"><ele>1704</ele><time>2027-01-17T08:21:51Z</time></wpt>
<wpt lat="46.195809" lon="6.762374"><ele>1704</ele><time>2027-01-17T08:21:53Z</time></wpt>
<wpt lat="46.195817" lon="6.762484"><ele>1704</ele><time>2027-01-17T08:21:55Z</time></wpt>
<wpt lat="46.195825" lon="6.762595"><ele>1704</ele><time>2027-01-17T08:21:57Z</time></wpt>
<wpt lat="46.195833" lon="6.762706"><ele>1704</ele><time>2027-01-17T08:21:59Z</time></wpt>
<wpt lat="46.195841" lon="6.762816"><ele>1704</ele><time>2027-01-17T08:22:01Z</time></wpt>
<wpt lat="46.195849" lon="6.762927"><ele>1704</ele><time>2027-01-17T08:22:03Z</time></wpt>
<wpt lat="46.195856" lon="6.763038"><ele>1704</ele><time>2027-01-17T08:22:06Z</time></wpt>
<wpt lat="46.195864" lon="6.763149"><ele>1704</ele><time>2027-01-17T08:22:08Z</time></wpt>
<wpt lat="46.195872" lon="6.763259"><ele>1704</ele><time>2027-01-17T08:22:10Z</time></wpt>
<wpt lat="46.195880" lon="6.763370"><ele>1724</ele><time>2027-01-17T08:22:12Z</time></wpt>
<wpt lat="46.195886" lon="6.763479"><ele>1724</ele><time>2027-01-17T08:22:14Z</time></wpt>
<wpt lat="46.195892" lon="6.763589"><ele>1724</ele><time>2027-01-17T08:22:16Z</time></wpt>
<wpt lat="46.195899" lon="6.763698"><ele>1724</ele><time>2027-01-17T08:22:18Z</time></wpt>
<wpt lat="46.195905" lon="6.763808"><ele>1724</ele><time>2027-01-17T08:22:20Z</time></wpt>
<wpt lat="46.195911" lon="6.763917"><ele>1724</ele><time>2027-01-17T08:22:23Z</time></wpt>
<wpt lat="46.195918" lon="6.764026"><ele>1724</ele><time>2027-01-17T08:22:25Z</time></wpt>
<wpt lat="46.195924" lon="6.764136"><ele>1724</ele><time>2027-01-17T08:22:27Z</time></wpt>
<wpt lat="46.195930" lon="6.764245"><ele>1724</ele><time>2027-01-17T08:22:29Z</time></wpt>
<wpt lat="46.195936" lon="6.764354"><ele>1724</ele><time>2027-01-17T08:22:31Z</time></wpt>
<wpt lat="46.195943" lon="6.764464"><ele>1724</ele><time>2027-01-17T08:22:33Z</time></wpt>
<wpt lat="46.195949" lon="6.764573"><ele>1724</ele><time>2027-01-17T08:22:35Z</time></wpt>
<wpt lat="46.195955" lon="6.764682"><ele>1724</ele><time>2027-01-17T08:22:37Z</time></wpt>
<wpt lat="46.195961" lon="6.764792"><ele>1724</ele><time>2027-01-17T08:22:39Z</time></wpt>
<wpt lat="46.195968" lon="6.764901"><ele>1724</ele><time>2027-01-17T08:22:42Z</time></wpt>
<wpt lat="46.195974" lon="6.765011"><ele>1724</ele><time>2027-01-17T08:22:44Z</time></wpt>
<wpt lat="46.195980" lon="6.765120"><ele>1746</ele><time>2027-01-17T08:22:46Z</time></wpt>
<wpt lat="46.195987" lon="6.765225"><ele>1746</ele><time>2027-01-17T08:22:48Z</time></wpt>
<wpt lat="46.195994" lon="6.765329"><ele>1746</ele><time>2027-01-17T08:22:50Z</time></wpt>
<wpt lat="46.196001" lon="6.765434"><ele>1746</ele><time>2027-01-17T08:22:52Z</time></wpt>
<wpt lat="46.196007" lon="6.765539"><ele>1746</ele><time>2027-01-17T08:22:54Z</time></wpt>
<wpt lat="46.196014" lon="6.765644"><ele>1746</ele><time>2027-01-17T08:22:56Z</time></wpt>
<wpt lat="46.196021" lon="6.765748"><ele>1746</ele><time>2027-01-17T08:22:58Z</time></wpt>
<wpt lat="46.196028" lon="6.765853"><ele>1746</ele><time>2027-01-17T08:23:00Z</time></wpt>
<wpt lat="46.196035" lon="6.765958"><ele>1746</ele><time>2027-01-17T08:23:02Z</time></wpt>
<wpt lat="46.196042" lon="6.766063"><ele>1746</ele><time>2027-01-17T08:23:04Z</time></wpt>
<wpt lat="46.196048" lon="6.766167"><ele>1746</ele><time>2027-01-17T08:23:06Z</time></wpt>
<wpt lat="46.196055" lon="6.766272"><ele>1746</ele><time>2027-01-17T08:23:08Z</time></wpt>
<wpt lat="46.196062" lon="6.766377"><ele>1746</ele><time>2027-01-17T08:23:10Z</time></wpt>
<wpt lat="46.196069" lon="6.766482"><ele>1746</ele><time>2027-01-17T08:23:12Z</time></wpt>
<wpt lat="46.196076" lon="6.766586"><ele>1746</ele><time>2027-01-17T08:23:14Z</time></wpt>
<wpt lat="46.196083" lon="6.766691"><ele>1746</ele><time>2027-01-17T08:23:16Z</time></wpt>
<wpt lat="46.196089" lon="6.766796"><ele>1746</ele><time>2027-01-17T08:23:18Z</time></wpt>
<wpt lat="46.196096" lon="6.766901"><ele>1746</ele><time>2027-01-17T08:23:20Z</time></wpt>
<wpt lat="46.196103" lon="6.767005"><ele>1746</ele><time>2027-01-17T08:23:22Z</time></wpt>
<wpt lat="46.196110" lon="6.767110"><ele>1801</ele><time>2027-01-17T08:23:24Z</time></wpt>
<wpt lat="46.196117" lon="6.767220"><ele>1801</ele><time>2027-01-17T08:23:26Z</time></wpt>
<wpt lat="46.196124" lon="6.767330"><ele>1801</ele><time>2027-01-17T08:23:28Z</time></wpt>
<wpt lat="46.196131" lon="6.767440"><ele>1801</ele><time>2027-01-17T08:23:31Z</time></wpt>
<wpt lat="46.196138" lon="6.767550"><ele>1801</ele><time>2027-01-17T08:23:33Z</time></wpt>
<wpt lat="46.196145" lon="6.767660"><ele>1801</ele><time>2027-01-17T08:23:35Z</time></wpt>
<wpt lat="46.196152" lon="6.767770"><ele>1801</ele><time>2027-01-17T08:23:37Z</time></wpt>
<wpt lat="46.196158" lon="6.767880"><ele>1801</ele><time>2027-01-17T08:23:39Z</time></wpt>
<wpt lat="46.196165" lon="6.767990"><ele>1801</ele><time>2027-01-17T08:23:41Z</time></wpt>
<wpt lat="46.196172" lon="6.768100"><ele>1801</ele><time>2027-01-17T08:23:43Z</time></wpt>
<wpt lat="46.196179" lon="6.768210"><ele>1801</ele><time>2027-01-17T08:23:45Z</time></wpt>
<wpt lat="46.196186" lon="6.768320"><ele>1801</ele><time>2027-01-17T08:23:48Z</time></wpt>
<wpt lat="46.196193" lon="6.768430"><ele>1801</ele><time>2027-01-17T08:23:50Z</time></wpt>
<wpt lat="46.196200" lon="6.768540"><ele>1817</ele><time>2027-01-17T08:23:52Z</time></wpt>
<wpt lat="46.196205" lon="6.768644"><ele>1817</ele><time>2027-01-17T08:23:54Z</time></wpt>
<wpt lat="46.196211" lon="6.768748"><ele>1817</ele><time>2027-01-17T08:23:56Z</time></wpt>
<wpt lat="46.196216" lon="6.768852"><ele>1817</ele><time>2027-01-17T08:23:58Z</time></wpt>
<wpt lat="46.196222" lon="6.768955"><ele>1817</ele><time>2027-01-17T08:24:00Z</time></wpt>
<wpt lat="46.196227" lon="6.769059"><ele>1817</ele><time>2027-01-17T08:24:02Z</time></wpt>
<wpt lat="46.196232" lon="6.769163"><ele>1817</ele><time>2027-01-17T08:24:04Z</time></wpt>
<wpt lat="46.196238" lon="6.769267"><ele>1817</ele><time>2027-01-17T08:24:06Z</time></wpt>
<wpt lat="46.196243" lon="6.769371"><ele>1817</ele><time>2027-01-17T08:24:08Z</time></wpt>
<wpt lat="46.196248" lon="6.769475"><ele>1817</ele><time>2027-01-17T08:24:10Z</time></wpt>
<wpt lat="46.196254" lon="6.769578"><ele>1817</ele><time>2027-01-17T08:24:12Z</time></wpt>
<wpt lat="46.196259" lon="6.769682"><ele>1817</ele><time>2027-01-17T08:24:14Z</time></wpt>
<wpt lat="46.196265" lon="6.769786"><ele>1817</ele><time>2027-01-17T08:24:16Z</time></wpt>
<wpt lat="46.196270" lon="6.769890"><ele>1823</ele><time>2027-01-17T08:24:18Z</time></wpt>
<wpt lat="46.196276" lon="6.769996"><ele>1823</ele><time>2027-01-17T08:24:20Z</time></wpt>
<wpt lat="46.196283" lon="6.770103"><ele>1823</ele><time>2027-01-17T08:24:22Z</time></wpt>
<wpt lat="46.196289" lon="6.770209"><ele>1823</ele><time>2027-01-17T08:24:24Z</time></wpt>
<wpt lat="46.196296" lon="6.770316"><ele>1823</ele><time>2027-01-17T08:24:26Z</time></wpt>
<wpt lat="46.196302" lon="6.770422"><ele>1823</ele><time>2027-01-17T08:24:28Z</time></wpt>
<wpt lat="46.196309" lon="6.770529"><ele>1823</ele><time>2027-01-17T08:24:30Z</time></wpt>
<wpt lat="46.196315" lon="6.770635"><ele>1823</ele><time>2027-01-17T08:24:32Z</time></wpt>
<wpt lat="46.196321" lon="6.770741"><ele>1823</ele><time>2027-01-17T08:24:34Z</time></wpt>
<wpt lat="46.196328" lon="6.770848"><ele>1823</ele><time>2027-01-17T08:24:36Z</time></wpt>
<wpt lat="46.196334" lon="6.770954"><ele>1823</ele><time>2027-01-17T08:24:39Z</time></wpt>
<wpt lat="46.196341" lon="6.771061"><ele>1823</ele><time>2027-01-17T08:24:41Z</time></wpt>
<wpt lat="46.196347" lon="6.771167"><ele>1823</ele><time>2027-01-17T08:24:43Z</time></wpt>
<wpt lat="46.196354" lon="6.771274"><ele>1823</ele><time>2027-01-17T08:24:45Z</time></wpt>
<wpt lat="46.196360" lon="6.771380"><ele>1841</ele><time>2027-01-17T08:24:47Z</time></wpt>
<wpt lat="46.196367" lon="6.771484"><ele>1841</ele><time>2027-01-17T08:24:49Z</time></wpt>
<wpt lat="46.196373" lon="6.771588"><ele>1841</ele><time>2027-01-17T08:24:51Z</time></wpt>
<wpt lat="46.196380" lon="6.771693"><ele>1841</ele><time>2027-01-17T08:24:53Z</time></wpt>
<wpt lat="46.196387" lon="6.771797"><ele>1841</ele><time>2027-01-17T08:24:55Z</time></wpt>
<wpt lat="46.196393" lon="6.771901"><ele>1841</ele><time>2027-01-17T08:24:57Z</time></wpt>
<wpt lat="46.196400" lon="6.772005"><ele>1841</ele><time>2027-01-17T08:24:59Z</time></wpt>
<wpt lat="46.196407" lon="6.772109"><ele>1841</ele><time>2027-01-17T08:25:01Z</time></wpt>
<wpt lat="46.196413" lon="6.772213"><ele>1841</ele><time>2027-01-17T08:25:03Z</time></wpt>
<wpt lat="46.196420" lon="6.772317"><ele>1841</ele><time>2027-01-17T08:25:05Z</time></wpt>
<wpt lat="46.196427" lon="6.772422"><ele>1841</ele><time>2027-01-17T08:25:07Z</time></wpt>
<wpt lat="46.196433" lon="6.772526"><ele>1841</ele><time>2027-01-17T08:25:09Z</time></wpt>
<wpt lat="46.196440" lon="6.772630"><ele>1855</ele><time>2027-01-17T08:25:11Z</time></wpt>
<wpt lat="46.196450" lon="6.772785"><ele>1855</ele><time>2027-01-17T08:25:14Z</time></wpt>
<wpt lat="46.196460" lon="6.772940"><ele>1855</ele><time>2027-01-17T08:25:17Z</time></wpt>
<wpt lat="46.196220" lon="6.773450"><ele>1858</ele><time>2027-01-17T08:25:21Z</time></wpt>
<wpt lat="46.196170" lon="6.773510"><ele>1859</ele><time>2027-01-17T08:25:21Z</time></wpt>
<wpt lat="46.196150" lon="6.773560"><ele>1859</ele><time>2027-01-17T08:25:22Z</time></wpt>
<wpt lat="46.196130" lon="6.773630"><ele>1859</ele><time>2027-01-17T08:25:22Z</time></wpt>
<wpt lat="46.196100" lon="6.773800"><ele>1859</ele><time>2027-01-17T08:25:23Z</time></wpt>
<wpt lat="46.196080" lon="6.773860"><ele>1859</ele><time>2027-01-17T08:25:24Z</time></wpt>
<wpt lat="46.196050" lon="6.773930"><ele>1859</ele><time>2027-01-17T08:25:24Z</time></wpt>
<wpt lat="46.196020" lon="6.774020"><ele>1859</ele><time>2027-01-17T08:25:25Z</time></wpt>
<wpt lat="46.195990" lon="6.774100"><ele>1859</ele><time>2027-01-17T08:25:26Z</time></wpt>
<wpt lat="46.195890" lon="6.774290"><ele>1860</ele><time>2027-01-17T08:25:27Z</time></wpt>
<wpt lat="46.195820" lon="6.774430"><ele>1861</ele><time>2027-01-17T08:25:28Z</time></wpt>
<wpt lat="46.195790" lon="6.774500"><ele>1861</ele><time>2027-01-17T08:25:29Z</time></wpt>
<wpt lat="46.195770" lon="6.774560"><ele>1861</ele><time>2027-01-17T08:25:29Z</time></wpt>
<wpt lat="46.195760" lon="6.774630"><ele>1860</ele><time>2027-01-17T08:25:30Z</time></wpt>
<wpt lat="46.195730" lon="6.774710"><ele>1861</ele><time>2027-01-17T08:25:30Z</time></wpt>
<wpt lat="46.195670" lon="6.775120"><ele>1859</ele><time>2027-01-17T08:25:33Z</time></wpt>
<wpt lat="46.195660" lon="6.775200"><ele>1859</ele><time>2027-01-17T08:25:33Z</time></wpt>
<wpt lat="46.195650" lon="6.775280"><ele>1859</ele><time>2027-01-17T08:25:34Z</time></wpt>
<wpt lat="46.195650" lon="6.775370"><ele>1858</ele><time>2027-01-17T08:25:35Z</time></wpt>
<wpt lat="46.195630" lon="6.775580"><ele>1857</ele><time>2027-01-17T08:25:36Z</time></wpt>
<wpt lat="46.195620" lon="6.775790"><ele>1856</ele><time>2027-01-17T08:25:37Z</time></wpt>
<wpt lat="46.195610" lon="6.776135"><ele>1856</ele><time>2027-01-17T08:25:39Z</time></wpt>
<wpt lat="46.195600" lon="6.776480"><ele>1853</ele><time>2027-01-17T08:25:42Z</time></wpt>
<wpt lat="46.195600" lon="6.776590"><ele>1852</ele><time>2027-01-17T08:25:42Z</time></wpt>
<wpt lat="46.195600" lon="6.776680"><ele>1852</ele><time>2027-01-17T08:25:43Z</time></wpt>
<wpt lat="46.195600" lon="6.776720"><ele>1852</ele><time>2027-01-17T08:25:43Z</time></wpt>
<wpt lat="46.195600" lon="6.776830"><ele>1851</ele><time>2027-01-17T08:25:44Z</time></wpt>
<wpt lat="46.195600" lon="6.776920"><ele>1851</ele><time>2027-01-17T08:25:45Z</time></wpt>
<wpt lat="46.195620" lon="6.777020"><ele>1850</ele><time>2027-01-17T08:25:45Z</time></wpt>
<wpt lat="46.195640" lon="6.777100"><ele>1848</ele><time>2027-01-17T08:25:46Z</time></wpt>
<wpt lat="46.195660" lon="6.777180"><ele>1847</ele><time>2027-01-17T08:25:46Z</time></wpt>
<wpt lat="46.195790" lon="6.777460"><ele>1847</ele><time>2027-01-17T08:25:48Z</time></wpt>
<wpt lat="46.195920" lon="6.777740"><ele>1833</ele><time>2027-01-17T08:25:51Z</time></wpt>
<wpt lat="46.195960" lon="6.777820"><ele>1831</ele><time>2027-01-17T08:25:51Z</time></wpt>
<wpt lat="46.196010" lon="6.777920"><ele>1829</ele><time>2027-01-17T08:25:52Z</time></wpt>
<wpt lat="46.196040" lon="6.778010"><ele>1827</ele><time>2027-01-17T08:25:53Z</time></wpt>
<wpt lat="46.196100" lon="6.778200"><ele>1824</ele><time>2027-01-17T08:25:54Z</time></wpt>
<wpt lat="46.196100" lon="6.778200"><ele>1824</ele><time>2027-01-17T08:25:54Z</time></wpt>
<wpt lat="46.196160" lon="6.777940"><ele>1822</ele><time>2027-01-17T08:25:56Z</time></wpt>
<wpt lat="46.196260" lon="6.777700"><ele>1818</ele><time>2027-01-17T08:25:58Z</time></wpt>
<wpt lat="46.196310" lon="6.777490"><ele>1816</ele><time>2027-01-17T08:25:59Z</time></wpt>
<wpt lat="46.196420" lon="6.777030"><ele>1810</ele><time>2027-01-17T08:26:02Z</time></wpt>
<wpt lat="46.196450" lon="6.776740"><ele>1808</ele><time>2027-01-17T08:26:04Z</time></wpt>
<wpt lat="46.196540" lon="6.776280"><ele>1803</ele><time>2027-01-17T08:26:07Z</time></wpt>
<wpt lat="46.196700" lon="6.776070"><ele>1797</ele><time>2027-01-17T08:26:09Z</time></wpt>
<wpt lat="46.196940" lon="6.775760"><ele>1788</ele><time>2027-01-17T08:26:12Z</time></wpt>
<wpt lat="46.197140" lon="6.775590"><ele>1782</ele><time>2027-01-17T08:26:14Z</time></wpt>
<wpt lat="46.197345" lon="6.775415"><ele>1782</ele><time>2027-01-17T08:26:16Z</time></wpt>
<wpt lat="46.197550" lon="6.775240"><ele>1775</ele><time>2027-01-17T08:26:19Z</time></wpt>
<wpt lat="46.197770" lon="6.775100"><ele>1772</ele><time>2027-01-17T08:26:21Z</time></wpt>
<wpt lat="46.197780" lon="6.775130"><ele>1771</ele><time>2027-01-17T08:26:21Z</time></wpt>
<wpt lat="46.197830" lon="6.775200"><ele>1769</ele><time>2027-01-17T08:26:22Z</time></wpt>
<wpt lat="46.197850" lon="6.775230"><ele>1768</ele><time>2027-01-17T08:26:22Z</time></wpt>
<wpt lat="46.197860" lon="6.775290"><ele>1767</ele><time>2027-01-17T08:26:22Z</time></wpt>
<wpt lat="46.197860" lon="6.775350"><ele>1766</ele><time>2027-01-17T08:26:23Z</time></wpt>
<wpt lat="46.197870" lon="6.775430"><ele>1765</ele><time>2027-01-17T08:26:23Z</time></wpt>
<wpt lat="46.197890" lon="6.775630"><ele>1763</ele><time>2027-01-17T08:26:25Z</time></wpt>
<wpt lat="46.197890" lon="6.775670"><ele>1763</ele><time>2027-01-17T08:26:25Z</time></wpt>
<wpt lat="46.197910" lon="6.775730"><ele>1762</ele><time>2027-01-17T08:26:25Z</time></wpt>
<wpt lat="46.197940" lon="6.775770"><ele>1761</ele><time>2027-01-17T08:26:26Z</time></wpt>
<wpt lat="46.197970" lon="6.775830"><ele>1760</ele><time>2027-01-17T08:26:26Z</time></wpt>
<wpt lat="46.198070" lon="6.775950"><ele>1758</ele><time>2027-01-17T08:26:27Z</time></wpt>
<wpt lat="46.198120" lon="6.775990"><ele>1757</ele><time>2027-01-17T08:26:28Z</time></wpt>
<wpt lat="46.198150" lon="6.776020"><ele>1756</ele><time>2027-01-17T08:26:28Z</time></wpt>
<wpt lat="46.198180" lon="6.776040"><ele>1756</ele><time>2027-01-17T08:26:28Z</time></wpt>
<wpt lat="46.198210" lon="6.776050"><ele>1756</ele><time>2027-01-17T08:26:29Z</time></wpt>
<wpt lat="46.198340" lon="6.776080"><ele>1753</ele><time>2027-01-17T08:26:30Z</time></wpt>
<wpt lat="46.198370" lon="6.776090"><ele>1753</ele><time>2027-01-17T08:26:30Z</time></wpt>
<wpt lat="46.198420" lon="6.776110"><ele>1752</ele><time>2027-01-17T08:26:31Z</time></wpt>
<wpt lat="46.198460" lon="6.776110"><ele>1751</ele><time>2027-01-17T08:26:31Z</time></wpt>
<wpt lat="46.198480" lon="6.776110"><ele>1751</ele><time>2027-01-17T08:26:31Z</time></wpt>
<wpt lat="46.198520" lon="6.776110"><ele>1751</ele><time>2027-01-17T08:26:32Z</time></wpt>
<wpt lat="46.198540" lon="6.776120"><ele>1750</ele><time>2027-01-17T08:26:32Z</time></wpt>
<wpt lat="46.198570" lon="6.776130"><ele>1750</ele><time>2027-01-17T08:26:32Z</time></wpt>
<wpt lat="46.198680" lon="6.776220"><ele>1748</ele><time>2027-01-17T08:26:33Z</time></wpt>
<wpt lat="46.198710" lon="6.776250"><ele>1747</ele><time>2027-01-17T08:26:34Z</time></wpt>
<wpt lat="46.198740" lon="6.776300"><ele>1746</ele><time>2027-01-17T08:26:34Z</time></wpt>
<wpt lat="46.198810" lon="6.776350"><ele>1745</ele><time>2027-01-17T08:26:35Z</time></wpt>
<wpt lat="46.199120" lon="6.776570"><ele>1737</ele><time>2027-01-17T08:26:38Z</time></wpt>
<wpt lat="46.199170" lon="6.776600"><ele>1735</ele><time>2027-01-17T08:26:38Z</time></wpt>
<wpt lat="46.199240" lon="6.776620"><ele>1733</ele><time>2027-01-17T08:26:39Z</time></wpt>
<wpt lat="46.199290" lon="6.776640"><ele>1731</ele><time>2027-01-17T08:26:40Z</time></wpt>
<wpt lat="46.199340" lon="6.776650"><ele>1730</ele><time>2027-01-17T08:26:40Z</time></wpt>
<wpt lat="46.199602" lon="6.776648"><ele>1730</ele><time>2027-01-17T08:26:43Z</time></wpt>
<wpt lat="46.199865" lon="6.776645"><ele>1730</ele><time>2027-01-17T08:26:45Z</time></wpt>
<wpt lat="46.200128" lon="6.776643"><ele>1730</ele><time>2027-01-17T08:26:47Z</time></wpt>
<wpt lat="46.200390" lon="6.776640"><ele>1706</ele><time>2027-01-17T08:26:50Z</time></wpt>
<wpt lat="46.200440" lon="6.776640"><ele>1705</ele><time>2027-01-17T08:26:50Z</time></wpt>
<wpt lat="46.200530" lon="6.776650"><ele>1703</ele><time>2027-01-17T08:26:51Z</time></wpt>
<wpt lat="46.200560" lon="6.776650"><ele>1703</ele><time>2027-01-17T08:26:51Z</time></wpt>
<wpt lat="46.200590" lon="6.776640"><ele>1702</ele><time>2027-01-17T08:26:52Z</time></wpt>
<wpt lat="46.200660" lon="6.776610"><ele>1701</ele><time>2027-01-17T08:26:52Z</time></wpt>
<wpt lat="46.200690" lon="6.776600"><ele>1701</ele><time>2027-01-17T08:26:53Z</time></wpt>
<wpt lat="46.200720" lon="6.776580"><ele>1700</ele><time>2027-01-17T08:26:53Z</time></wpt>
<wpt lat="46.200850" lon="6.776560"><ele>1698</ele><time>2027-01-17T08:26:54Z</time></wpt>
<wpt lat="46.200880" lon="6.776540"><ele>1697</ele><time>2027-01-17T08:26:54Z</time></wpt>
<wpt lat="46.200910" lon="6.776530"><ele>1697</ele><time>2027-01-17T08:26:55Z</time></wpt>
<wpt lat="46.200940" lon="6.776500"><ele>1696</ele><time>2027-01-17T08:26:55Z</time></wpt>
<wpt lat="46.201060" lon="6.776380"><ele>1693</ele><time>2027-01-17T08:26:56Z</time></wpt>
<wpt lat="46.201140" lon="6.776290"><ele>1692</ele><time>2027-01-17T08:26:57Z</time></wpt>
<wpt lat="46.201210" lon="6.776200"><ele>1690</ele><time>2027-01-17T08:26:58Z</time></wpt>
<wpt lat="46.201280" lon="6.776150"><ele>1689</ele><time>2027-01-17T08:26:59Z</time></wpt>
<wpt lat="46.201330" lon="6.776130"><ele>1687</ele><time>2027-01-17T08:26:59Z</time></wpt>
<wpt lat="46.201360" lon="6.776110"><ele>1687</ele><time>2027-01-17T08:27:00Z</time></wpt>
<wpt lat="46.201400" lon="6.776100"><ele>1685</ele><time>2027-01-17T08:27:00Z</time></wpt>
<wpt lat="46.201470" lon="6.776090"><ele>1684</ele><time>2027-01-17T08:27:01Z</time></wpt>
<wpt lat="46.201550" lon="6.776070"><ele>1681</ele><time>2027-01-17T08:27:02Z</time></wpt>
<wpt lat="46.201610" lon="6.776040"><ele>1680</ele><time>2027-01-17T08:27:02Z</time></wpt>
<wpt lat="46.201680" lon="6.776020"><ele>1678</ele><time>2027-01-17T08:27:03Z</time></wpt>
<wpt lat="46.201770" lon="6.775980"><ele>1676</ele><time>2027-01-17T08:27:04Z</time></wpt>
<wpt lat="46.201850" lon="6.775940"><ele>1673</ele><time>2027-01-17T08:27:04Z</time></wpt>
<wpt lat="46.201930" lon="6.775910"><ele>1671</ele><time>2027-01-17T08:27:05Z</time></wpt>
<wpt lat="46.202010" lon="6.775870"><ele>1669</ele><time>2027-01-17T08:27:06Z</time></wpt>
<wpt lat="46.202245" lon="6.775785"><ele>1669</ele><time>2027-01-17T08:27:08Z</time></wpt>
<wpt lat="46.202480" lon="6.775700"><ele>1653</ele><time>2027-01-17T08:27:10Z</time></wpt>
<wpt lat="46.202550" lon="6.775670"><ele>1650</ele><time>2027-01-17T08:27:11Z</time></wpt>
<wpt lat="46.202610" lon="6.775640"><ele>1648</ele><time>2027-01-17T08:27:12Z</time></wpt>
<wpt lat="46.202700" lon="6.775590"><ele>1644</ele><time>2027-01-17T08:27:13Z</time></wpt>
<wpt lat="46.202780" lon="6.775550"><ele>1640</ele><time>2027-01-17T08:27:13Z</time></wpt>
<wpt lat="46.202840" lon="6.775510"><ele>1638</ele><time>2027-01-17T08:27:14Z</time></wpt>
<wpt lat="46.202900" lon="6.775480"><ele>1635</ele><time>2027-01-17T08:27:15Z</time></wpt>
<wpt lat="46.203110" lon="6.775320"><ele>1626</ele><time>2027-01-17T08:27:17Z</time></wpt>
<wpt lat="46.203160" lon="6.775290"><ele>1624</ele><time>2027-01-17T08:27:17Z</time></wpt>
<wpt lat="46.203210" lon="6.775270"><ele>1622</ele><time>2027-01-17T08:27:18Z</time></wpt>
<wpt lat="46.203270" lon="6.775260"><ele>1620</ele><time>2027-01-17T08:27:18Z</time></wpt>
<wpt lat="46.203310" lon="6.775280"><ele>1618</ele><time>2027-01-17T08:27:19Z</time></wpt>
<wpt lat="46.203360" lon="6.775310"><ele>1616</ele><time>2027-01-17T08:27:19Z</time></wpt>
<wpt lat="46.203400" lon="6.775350"><ele>1614</ele><time>2027-01-17T08:27:20Z</time></wpt>
<wpt lat="46.203440" lon="6.775410"><ele>1612</ele><time>2027-01-17T08:27:20Z</time></wpt>
<wpt lat="46.203470" lon="6.775480"><ele>1610</ele><time>2027-01-17T08:27:21Z</time></wpt>
<wpt lat="46.203620" lon="6.775940"><ele>1603</ele><time>2027-01-17T08:27:24Z</time></wpt>
<wpt lat="46.203680" lon="6.775900"><ele>1601</ele><time>2027-01-17T08:27:25Z</time></wpt>
<wpt lat="46.203820" lon="6.775700"><ele>1596</ele><time>2027-01-17T08:27:26Z</time></wpt>
<wpt lat="46.203890" lon="6.775570"><ele>1594</ele><time>2027-01-17T08:27:27Z</time></wpt>
<wpt lat="46.203990" lon="6.775400"><ele>1592</ele><time>2027-01-17T08:27:29Z</time></wpt>
<wpt lat="46.204060" lon="6.775300"><ele>1590</ele><time>2027-01-17T08:27:30Z</time></wpt>
<wpt lat="46.204180" lon="6.775170"><ele>1588</ele><time>2027-01-17T08:27:31Z</time></wpt>
<wpt lat="46.204330" lon="6.775040"><ele>1585</ele><time>2027-01-17T08:27:33Z</time></wpt>
<wpt lat="46.204490" lon="6.774930"><ele>1581</ele><time>2027-01-17T08:27:34Z</time></wpt>
<wpt lat="46.204520" lon="6.774890"><ele>1581</ele><time>2027-01-17T08:27:35Z</time></wpt>
<wpt lat="46.204580" lon="6.774860"><ele>1580</ele><time>2027-01-17T08:27:35Z</time></wpt>
<wpt lat="46.204620" lon="6.774860"><ele>1579</ele><time>2027-01-17T08:27:36Z</time></wpt>
<wpt lat="46.204660" lon="6.774860"><ele>1578</ele><time>2027-01-17T08:27:36Z</time></wpt>
<wpt lat="46.204700" lon="6.774870"><ele>1576</ele><time>2027-01-17T08:27:37Z</time></wpt>
<wpt lat="46.204740" lon="6.774900"><ele>1575</ele><time>2027-01-17T08:27:37Z</time></wpt>
<wpt lat="46.204770" lon="6.774920"><ele>1574</ele><time>2027-01-17T08:27:37Z</time></wpt>
<wpt lat="46.204810" lon="6.774960"><ele>1572</ele><time>2027-01-17T08:27:38Z</time></wpt>
<wpt lat="46.204840" lon="6.774980"><ele>1571</ele><time>2027-01-17T08:27:38Z</time></wpt>
<wpt lat="46.204880" lon="6.775020"><ele>1569</ele><time>2027-01-17T08:27:38Z</time></wpt>
<wpt lat="46.204930" lon="6.775060"><ele>1568</ele><time>2027-01-17T08:27:39Z</time></wpt>
<wpt lat="46.204970" lon="6.775090"><ele>1566</ele><time>2027-01-17T08:27:39Z</time></wpt>
<wpt lat="46.205050" lon="6.775160"><ele>1563</ele><time>2027-01-17T08:27:40Z</time></wpt>
<wpt lat="46.205100" lon="6.775210"><ele>1561</ele><time>2027-01-17T08:27:41Z</time></wpt>
<wpt lat="46.205140" lon="6.775260"><ele>1559</ele><time>2027-01-17T08:27:41Z</time></wpt>
<wpt lat="46.205180" lon="6.775330"><ele>1557</ele><time>2027-01-17T08:27:42Z</time></wpt>
<wpt lat="46.205220" lon="6.775420"><ele>1555</ele><time>2027-01-17T08:27:43Z</time></wpt>
<wpt lat="46.205270" lon="6.775510"><ele>1552</ele><time>2027-01-17T08:27:43Z</time></wpt>
<wpt lat="46.205450" lon="6.775870"><ele>1542</ele><time>2027-01-17T08:27:46Z</time></wpt>
<wpt lat="46.205500" lon="6.775950"><ele>1539</ele><time>2027-01-17T08:27:47Z</time></wpt>
<wpt lat="46.205570" lon="6.776020"><ele>1537</ele><time>2027-01-17T08:27:48Z</time></wpt>
<wpt lat="46.205620" lon="6.776090"><ele>1535</ele><time>2027-01-17T08:27:48Z</time></wpt>
<wpt lat="46.205650" lon="6.776140"><ele>1533</ele><time>2027-01-17T08:27:49Z</time></wpt>
<wpt lat="46.205680" lon="6.776170"><ele>1532</ele><time>2027-01-17T08:27:49Z</time></wpt>
<wpt lat="46.205800" lon="6.776270"><ele>1528</ele><time>2027-01-17T08:27:50Z</time></wpt>
<wpt lat="46.205910" lon="6.776360"><ele>1524</ele><time>2027-01-17T08:27:52Z</time></wpt>
<wpt lat="46.206020" lon="6.776460"><ele>1521</ele><time>2027-01-17T08:27:53Z</time></wpt>
<wpt lat="46.206160" lon="6.776590"><ele>1516</ele><time>2027-01-17T08:27:54Z</time></wpt>
<wpt lat="46.206290" lon="6.776710"><ele>1512</ele><time>2027-01-17T08:27:56Z</time></wpt>
<wpt lat="46.206370" lon="6.776780"><ele>1510</ele><time>2027-01-17T08:27:57Z</time></wpt>
<wpt lat="46.206460" lon="6.776910"><ele>1507</ele><time>2027-01-17T08:27:58Z</time></wpt>
<wpt lat="46.206510" lon="6.777040"><ele>1505</ele><time>2027-01-17T08:27:59Z</time></wpt>
<wpt lat="46.206520" lon="6.777070"><ele>1504</ele><time>2027-01-17T08:27:59Z</time></wpt>
<wpt lat="46.206560" lon="6.777100"><ele>1503</ele><time>2027-01-17T08:27:59Z</time></wpt>
<wpt lat="46.206580" lon="6.777110"><ele>1503</ele><time>2027-01-17T08:28:00Z</time></wpt>
<wpt lat="46.206610" lon="6.777120"><ele>1503</ele><time>2027-01-17T08:28:00Z</time></wpt>
<wpt lat="46.206620" lon="6.777130"><ele>1502</ele><time>2027-01-17T08:28:00Z</time></wpt>
<wpt lat="46.206660" lon="6.777150"><ele>1502</ele><time>2027-01-17T08:28:00Z</time></wpt>
<wpt lat="46.206710" lon="6.777170"><ele>1501</ele><time>2027-01-17T08:28:01Z</time></wpt>
<wpt lat="46.206730" lon="6.777200"><ele>1501</ele><time>2027-01-17T08:28:01Z</time></wpt>
<wpt lat="46.206780" lon="6.777240"><ele>1500</ele><time>2027-01-17T08:28:02Z</time></wpt>
<wpt lat="46.206900" lon="6.777600"><ele>1498</ele><time>2027-01-17T08:28:04Z</time></wpt>
<wpt lat="46.206955" lon="6.777935"><ele>1498</ele><time>2027-01-17T08:28:06Z</time></wpt>
<wpt lat="46.207010" lon="6.778270"><ele>1503</ele><time>2027-01-17T08:29:09Z</time></wpt>
<wpt lat="46.207046" lon="6.778366"><ele>1503</ele><time>2027-01-17T08:29:11Z</time></wpt>
<wpt lat="46.207082" lon="6.778462"><ele>1503</ele><time>2027-01-17T08:29:13Z</time></wpt>
<wpt lat="46.207119" lon="6.778559"><ele>1503</ele><time>2027-01-17T08:29:15Z</time></wpt>
<wpt lat="46.207155" lon="6.778655"><ele>1503</ele><time>2027-01-17T08:29:17Z</time></wpt>
<wpt lat="46.207191" lon="6.778751"><ele>1503</ele><time>2027-01-17T08:29:19Z</time></wpt>
<wpt lat="46.207227" lon="6.778848"><ele>1503</ele><time>2027-01-17T08:29:21Z</time></wpt>
<wpt lat="46.207264" lon="6.778944"><ele>1503</ele><time>2027-01-17T08:29:23Z</time></wpt>
<wpt lat="46.207300" lon="6.779040"><ele>1513</ele><time>2027-01-17T08:29:25Z</time></wpt>
<wpt lat="46.207335" lon="6.779131"><ele>1513</ele><time>2027-01-17T08:29:27Z</time></wpt>
<wpt lat="46.207371" lon="6.779221"><ele>1513</ele><time>2027-01-17T08:29:29Z</time></wpt>
<wpt lat="46.207406" lon="6.779312"><ele>1513</ele><time>2027-01-17T08:29:31Z</time></wpt>
<wpt lat="46.207441" lon="6.779402"><ele>1513</ele><time>2027-01-17T08:29:33Z</time></wpt>
<wpt lat="46.207476" lon="6.779493"><ele>1513</ele><time>2027-01-17T08:29:35Z</time></wpt>
<wpt lat="46.207512" lon="6.779584"><ele>1513</ele><time>2027-01-17T08:29:37Z</time></wpt>
<wpt lat="46.207547" lon="6.779674"><ele>1513</ele><time>2027-01-17T08:29:39Z</time></wpt>
<wpt lat="46.207582" lon="6.779765"><ele>1513</ele><time>2027-01-17T08:29:41Z</time></wpt>
<wpt lat="46.207618" lon="6.779855"><ele>1513</ele><time>2027-01-17T08:29:43Z</time></wpt>
<wpt lat="46.207653" lon="6.779946"><ele>1513</ele><time>2027-01-17T08:29:45Z</time></wpt>
<wpt lat="46.207688" lon="6.780036"><ele>1513</ele><time>2027-01-17T08:29:47Z</time></wpt>
<wpt lat="46.207724" lon="6.780127"><ele>1513</ele><time>2027-01-17T08:29:49Z</time></wpt>
<wpt lat="46.207759" lon="6.780218"><ele>1513</ele><time>2027-01-17T08:29:51Z</time></wpt>
<wpt lat="46.207794" lon="6.780308"><ele>1513</ele><time>2027-01-17T08:29:53Z</time></wpt>
<wpt lat="46.207829" lon="6.780399"><ele>1513</ele><time>2027-01-17T08:29:55Z</time></wpt>
<wpt lat="46.207865" lon="6.780489"><ele>1513</ele><time>2027-01-17T08:29:57Z</time></wpt>
<wpt lat="46.207900" lon="6.780580"><ele>1538</ele><time>2027-01-17T08:29:59Z</time></wpt>
<wpt lat="46.207936" lon="6.780672"><ele>1538</ele><time>2027-01-17T08:30:01Z</time></wpt>
<wpt lat="46.207971" lon="6.780764"><ele>1538</ele><time>2027-01-17T08:30:03Z</time></wpt>
<wpt lat="46.208007" lon="6.780856"><ele>1538</ele><time>2027-01-17T08:30:06Z</time></wpt>
<wpt lat="46.208042" lon="6.780948"><ele>1538</ele><time>2027-01-17T08:30:08Z</time></wpt>
<wpt lat="46.208078" lon="6.781040"><ele>1538</ele><time>2027-01-17T08:30:10Z</time></wpt>
<wpt lat="46.208113" lon="6.781132"><ele>1538</ele><time>2027-01-17T08:30:12Z</time></wpt>
<wpt lat="46.208149" lon="6.781224"><ele>1538</ele><time>2027-01-17T08:30:14Z</time></wpt>
<wpt lat="46.208184" lon="6.781316"><ele>1538</ele><time>2027-01-17T08:30:16Z</time></wpt>
<wpt lat="46.208219" lon="6.781408"><ele>1538</ele><time>2027-01-17T08:30:18Z</time></wpt>
<wpt lat="46.208255" lon="6.781500"><ele>1538</ele><time>2027-01-17T08:30:20Z</time></wpt>
<wpt lat="46.208291" lon="6.781592"><ele>1538</ele><time>2027-01-17T08:30:22Z</time></wpt>
<wpt lat="46.208326" lon="6.781684"><ele>1538</ele><time>2027-01-17T08:30:24Z</time></wpt>
<wpt lat="46.208362" lon="6.781776"><ele>1538</ele><time>2027-01-17T08:30:26Z</time></wpt>
<wpt lat="46.208397" lon="6.781868"><ele>1538</ele><time>2027-01-17T08:30:28Z</time></wpt>
<wpt lat="46.208433" lon="6.781960"><ele>1538</ele><time>2027-01-17T08:30:30Z</time></wpt>
<wpt lat="46.208468" lon="6.782052"><ele>1538</ele><time>2027-01-17T08:30:32Z</time></wpt>
<wpt lat="46.208503" lon="6.782144"><ele>1538</ele><time>2027-01-17T08:30:34Z</time></wpt>
<wpt lat="46.208539" lon="6.782236"><ele>1538</ele><time>2027-01-17T08:30:36Z</time></wpt>
<wpt lat="46.208574" lon="6.782328"><ele>1538</ele><time>2027-01-17T08:30:38Z</time></wpt>
<wpt lat="46.208610" lon="6.782420"><ele>1598</ele><time>2027-01-17T08:30:40Z</time></wpt>
<wpt lat="46.208646" lon="6.782511"><ele>1598</ele><time>2027-01-17T08:30:42Z</time></wpt>
<wpt lat="46.208681" lon="6.782603"><ele>1598</ele><time>2027-01-17T08:30:44Z</time></wpt>
<wpt lat="46.208717" lon="6.782694"><ele>1598</ele><time>2027-01-17T08:30:46Z</time></wpt>
<wpt lat="46.208753" lon="6.782786"><ele>1598</ele><time>2027-01-17T08:30:48Z</time></wpt>
<wpt lat="46.208789" lon="6.782877"><ele>1598</ele><time>2027-01-17T08:30:50Z</time></wpt>
<wpt lat="46.208824" lon="6.782969"><ele>1598</ele><time>2027-01-17T08:30:52Z</time></wpt>
<wpt lat="46.208860" lon="6.783060"><ele>1598</ele><time>2027-01-17T08:30:54Z</time></wpt>
<wpt lat="46.208896" lon="6.783151"><ele>1598</ele><time>2027-01-17T08:30:56Z</time></wpt>
<wpt lat="46.208931" lon="6.783243"><ele>1598</ele><time>2027-01-17T08:30:58Z</time></wpt>
<wpt lat="46.208967" lon="6.783334"><ele>1598</ele><time>2027-01-17T08:31:00Z</time></wpt>
<wpt lat="46.209003" lon="6.783426"><ele>1598</ele><time>2027-01-17T08:31:02Z</time></wpt>
<wpt lat="46.209039" lon="6.783517"><ele>1598</ele><time>2027-01-17T08:31:04Z</time></wpt>
<wpt lat="46.209074" lon="6.783609"><ele>1598</ele><time>2027-01-17T08:31:06Z</time></wpt>
<wpt lat="46.209110" lon="6.783700"><ele>1598</ele><time>2027-01-17T08:31:08Z</time></wpt>
<wpt lat="46.209146" lon="6.783791"><ele>1598</ele><time>2027-01-17T08:31:10Z</time></wpt>
<wpt lat="46.209181" lon="6.783883"><ele>1598</ele><time>2027-01-17T08:31:12Z</time></wpt>
<wpt lat="46.209217" lon="6.783974"><ele>1598</ele><time>2027-01-17T08:31:14Z</time></wpt>
<wpt lat="46.209253" lon="6.784066"><ele>1598</ele><time>2027-01-17T08:31:16Z</time></wpt>
<wpt lat="46.209289" lon="6.784157"><ele>1598</ele><time>2027-01-17T08:31:18Z</time></wpt>
<wpt lat="46.209324" lon="6.784249"><ele>1598</ele><time>2027-01-17T08:31:20Z</time></wpt>
<wpt lat="46.209360" lon="6.784340"><ele>1684</ele><time>2027-01-17T08:31:22Z</time></wpt>
<wpt lat="46.209396" lon="6.784432"><ele>1684</ele><time>2027-01-17T08:31:24Z</time></wpt>
<wpt lat="46.209432" lon="6.784524"><ele>1684</ele><time>2027-01-17T08:31:26Z</time></wpt>
<wpt lat="46.209468" lon="6.784615"><ele>1684</ele><time>2027-01-17T08:31:28Z</time></wpt>
<wpt lat="46.209504" lon="6.784707"><ele>1684</ele><time>2027-01-17T08:31:30Z</time></wpt>
<wpt lat="46.209539" lon="6.784799"><ele>1684</ele><time>2027-01-17T08:31:33Z</time></wpt>
<wpt lat="46.209575" lon="6.784891"><ele>1684</ele><time>2027-01-17T08:31:35Z</time></wpt>
<wpt lat="46.209611" lon="6.784982"><ele>1684</ele><time>2027-01-17T08:31:37Z</time></wpt>
<wpt lat="46.209647" lon="6.785074"><ele>1684</ele><time>2027-01-17T08:31:39Z</time></wpt>
<wpt lat="46.209683" lon="6.785166"><ele>1684</ele><time>2027-01-17T08:31:41Z</time></wpt>
<wpt lat="46.209719" lon="6.785258"><ele>1684</ele><time>2027-01-17T08:31:43Z</time></wpt>
<wpt lat="46.209755" lon="6.785349"><ele>1684</ele><time>2027-01-17T08:31:45Z</time></wpt>
<wpt lat="46.209791" lon="6.785441"><ele>1684</ele><time>2027-01-17T08:31:47Z</time></wpt>
<wpt lat="46.209826" lon="6.785533"><ele>1684</ele><time>2027-01-17T08:31:49Z</time></wpt>
<wpt lat="46.209862" lon="6.785625"><ele>1684</ele><time>2027-01-17T08:31:51Z</time></wpt>
<wpt lat="46.209898" lon="6.785716"><ele>1684</ele><time>2027-01-17T08:31:53Z</time></wpt>
<wpt lat="46.209934" lon="6.785808"><ele>1684</ele><time>2027-01-17T08:31:55Z</time></wpt>
<wpt lat="46.209970" lon="6.785900"><ele>1761</ele><time>2027-01-17T08:31:57Z</time></wpt>
<wpt lat="46.210005" lon="6.785992"><ele>1761</ele><time>2027-01-17T08:31:59Z</time></wpt>
<wpt lat="46.210040" lon="6.786085"><ele>1761</ele><time>2027-01-17T08:32:01Z</time></wpt>
<wpt lat="46.210075" lon="6.786177"><ele>1761</ele><time>2027-01-17T08:32:03Z</time></wpt>
<wpt lat="46.210110" lon="6.786270"><ele>1761</ele><time>2027-01-17T08:32:05Z</time></wpt>
<wpt lat="46.210145" lon="6.786363"><ele>1761</ele><time>2027-01-17T08:32:07Z</time></wpt>
<wpt lat="46.210180" lon="6.786455"><ele>1761</ele><time>2027-01-17T08:32:09Z</time></wpt>
<wpt lat="46.210215" lon="6.786548"><ele>1761</ele><time>2027-01-17T08:32:11Z</time></wpt>
<wpt lat="46.210250" lon="6.786640"><ele>1761</ele><time>2027-01-17T08:32:13Z</time></wpt>
<wpt lat="46.210285" lon="6.786733"><ele>1761</ele><time>2027-01-17T08:32:15Z</time></wpt>
<wpt lat="46.210320" lon="6.786825"><ele>1761</ele><time>2027-01-17T08:32:17Z</time></wpt>
<wpt lat="46.210355" lon="6.786918"><ele>1761</ele><time>2027-01-17T08:32:19Z</time></wpt>
<wpt lat="46.210390" lon="6.787010"><ele>1802</ele><time>2027-01-17T08:32:21Z</time></wpt>
<wpt lat="46.210427" lon="6.787104"><ele>1802</ele><time>2027-01-17T08:32:23Z</time></wpt>
<wpt lat="46.210463" lon="6.787198"><ele>1802</ele><time>2027-01-17T08:32:25Z</time></wpt>
<wpt lat="46.210500" lon="6.787292"><ele>1802</ele><time>2027-01-17T08:32:27Z</time></wpt>
<wpt lat="46.210537" lon="6.787386"><ele>1802</ele><time>2027-01-17T08:32:29Z</time></wpt>
<wpt lat="46.210573" lon="6.787480"><ele>1802</ele><time>2027-01-17T08:32:32Z</time></wpt>
<wpt lat="46.210610" lon="6.787574"><ele>1802</ele><time>2027-01-17T08:32:34Z</time></wpt>
<wpt lat="46.210647" lon="6.787668"><ele>1802</ele><time>2027-01-17T08:32:36Z</time></wpt>
<wpt lat="46.210683" lon="6.787762"><ele>1802</ele><time>2027-01-17T08:32:38Z</time></wpt>
<wpt lat="46.210720" lon="6.787856"><ele>1802</ele><time>2027-01-17T08:32:40Z</time></wpt>
<wpt lat="46.210757" lon="6.787950"><ele>1802</ele><time>2027-01-17T08:32:42Z</time></wpt>
<wpt lat="46.210793" lon="6.788044"><ele>1802</ele><time>2027-01-17T08:32:44Z</time></wpt>
<wpt lat="46.210830" lon="6.788138"><ele>1802</ele><time>2027-01-17T08:32:46Z</time></wpt>
<wpt lat="46.210867" lon="6.788232"><ele>1802</ele><time>2027-01-17T08:32:48Z</time></wpt>
<wpt lat="46.210903" lon="6.788326"><ele>1802</ele><time>2027-01-17T08:32:50Z</time></wpt>
<wpt lat="46.210940" lon="6.788420"><ele>1850</ele><time>2027-01-17T08:32:52Z</time></wpt>
<wpt lat="46.210978" lon="6.788516"><ele>1850</ele><time>2027-01-17T08:32:54Z</time></wpt>
<wpt lat="46.211016" lon="6.788612"><ele>1850</ele><time>2027-01-17T08:32:57Z</time></wpt>
<wpt lat="46.211054" lon="6.788708"><ele>1850</ele><time>2027-01-17T08:32:59Z</time></wpt>
<wpt lat="46.211092" lon="6.788804"><ele>1850</ele><time>2027-01-17T08:33:01Z</time></wpt>
<wpt lat="46.211130" lon="6.788900"><ele>1850</ele><time>2027-01-17T08:33:03Z</time></wpt>
<wpt lat="46.211168" lon="6.788996"><ele>1850</ele><time>2027-01-17T08:33:05Z</time></wpt>
<wpt lat="46.211206" lon="6.789092"><ele>1850</ele><time>2027-01-17T08:33:07Z</time></wpt>
<wpt lat="46.211244" lon="6.789188"><ele>1850</ele><time>2027-01-17T08:33:09Z</time></wpt>
<wpt lat="46.211282" lon="6.789284"><ele>1850</ele><time>2027-01-17T08:33:11Z</time></wpt>
<wpt lat="46.211320" lon="6.789380"><ele>1850</ele><time>2027-01-17T08:33:14Z</time></wpt>
<wpt lat="46.211358" lon="6.789476"><ele>1850</ele><time>2027-01-17T08:33:16Z</time></wpt>
<wpt lat="46.211396" lon="6.789572"><ele>1850</ele><time>2027-01-17T08:33:18Z</time></wpt>
<wpt lat="46.211434" lon="6.789668"><ele>1850</ele><time>2027-01-17T08:33:20Z</time></wpt>
<wpt lat="46.211472" lon="6.789764"><ele>1850</ele><time>2027-01-17T08:33:22Z</time></wpt>
<wpt lat="46.211510" lon="6.789860"><ele>1894</ele><time>2027-01-17T08:33:24Z</time></wpt>
<wpt lat="46.211560" lon="6.789980"><ele>1897</ele><time>2027-01-17T08:33:27Z</time></wpt>
<wpt lat="46.211603" lon="6.790103"><ele>1897</ele><time>2027-01-17T08:33:30Z</time></wpt>
<wpt lat="46.211647" lon="6.790227"><ele>1897</ele><time>2027-01-17T08:33:32Z</time></wpt>
<wpt lat="46.211690" lon="6.790350"><ele>1902</ele><time>2027-01-17T08:33:35Z</time></wpt>
<wpt lat="46.211690" lon="6.790350"><ele>1902</ele><time>2027-01-17T08:33:35Z</time></wpt>
<wpt lat="46.211740" lon="6.790470"><ele>1902</ele><time>2027-01-17T08:33:36Z</time></wpt>
<wpt lat="46.211945" lon="6.790320"><ele>1902</ele><time>2027-01-17T08:33:38Z</time></wpt>
<wpt lat="46.212150" lon="6.790170"><ele>1898</ele><time>2027-01-17T08:33:40Z</time></wpt>
<wpt lat="46.212180" lon="6.790090"><ele>1897</ele><time>2027-01-17T08:33:41Z</time></wpt>
<wpt lat="46.212035" lon="6.789845"><ele>1897</ele><time>2027-01-17T08:33:43Z</time></wpt>
<wpt lat="46.211890" lon="6.789600"><ele>1897</ele><time>2027-01-17T08:33:45Z</time></wpt>
<wpt lat="46.211745" lon="6.789355"><ele>1897</ele><time>2027-01-17T08:33:47Z</time></wpt>
<wpt lat="46.211600" lon="6.789110"><ele>1882</ele><time>2027-01-17T08:33:49Z</time></wpt>
<wpt lat="46.211410" lon="6.788770"><ele>1871</ele><time>2027-01-17T08:33:52Z</time></wpt>
<wpt lat="46.211180" lon="6.788455"><ele>1871</ele><time>2027-01-17T08:33:55Z</time></wpt>
<wpt lat="46.210950" lon="6.788140"><ele>1843</ele><time>2027-01-17T08:33:58Z</time></wpt>
<wpt lat="46.210757" lon="6.787937"><ele>1843</ele><time>2027-01-17T08:34:00Z</time></wpt>
<wpt lat="46.210563" lon="6.787733"><ele>1843</ele><time>2027-01-17T08:34:02Z</time></wpt>
<wpt lat="46.210370" lon="6.787530"><ele>1812</ele><time>2027-01-17T08:34:04Z</time></wpt>
<wpt lat="46.210190" lon="6.787324"><ele>1812</ele><time>2027-01-17T08:34:06Z</time></wpt>
<wpt lat="46.210010" lon="6.787118"><ele>1812</ele><time>2027-01-17T08:34:08Z</time></wpt>
<wpt lat="46.209830" lon="6.786912"><ele>1812</ele><time>2027-01-17T08:34:11Z</time></wpt>
<wpt lat="46.209650" lon="6.786706"><ele>1812</ele><time>2027-01-17T08:34:13Z</time></wpt>
<wpt lat="46.209470" lon="6.786500"><ele>1772</ele><time>2027-01-17T08:34:15Z</time></wpt>
<wpt lat="46.209430" lon="6.786440"><ele>1769</ele><time>2027-01-17T08:34:15Z</time></wpt>
<wpt lat="46.209420" lon="6.786390"><ele>1767</ele><time>2027-01-17T08:34:16Z</time></wpt>
<wpt lat="46.209410" lon="6.786360"><ele>1766</ele><time>2027-01-17T08:34:16Z</time></wpt>
<wpt lat="46.209410" lon="6.786300"><ele>1764</ele><time>2027-01-17T08:34:16Z</time></wpt>
<wpt lat="46.209450" lon="6.786140"><ele>1759</ele><time>2027-01-17T08:34:17Z</time></wpt>
<wpt lat="46.209480" lon="6.786090"><ele>1757</ele><time>2027-01-17T08:34:18Z</time></wpt>
<wpt lat="46.209600" lon="6.785920"><ele>1753</ele><time>2027-01-17T08:34:19Z</time></wpt>
<wpt lat="46.209630" lon="6.785890"><ele>1752</ele><time>2027-01-17T08:34:20Z</time></wpt>
<wpt lat="46.209670" lon="6.785860"><ele>1752</ele><time>2027-01-17T08:34:20Z</time></wpt>
<wpt lat="46.209700" lon="6.785840"><ele>1752</ele><time>2027-01-17T08:34:20Z</time></wpt>
<wpt lat="46.210000" lon="6.785780"><ele>1758</ele><time>2027-01-17T08:34:23Z</time></wpt>
<wpt lat="46.210080" lon="6.785760"><ele>1760</ele><time>2027-01-17T08:34:24Z</time></wpt>
<wpt lat="46.210100" lon="6.785750"><ele>1760</ele><time>2027-01-17T08:34:24Z</time></wpt>
<wpt lat="46.210130" lon="6.785740"><ele>1760</ele><time>2027-01-17T08:34:24Z</time></wpt>
<wpt lat="46.210160" lon="6.785710"><ele>1760</ele><time>2027-01-17T08:34:25Z</time></wpt>
<wpt lat="46.210200" lon="6.785660"><ele>1760</ele><time>2027-01-17T08:34:25Z</time></wpt>
<wpt lat="46.210300" lon="6.785510"><ele>1759</ele><time>2027-01-17T08:34:27Z</time></wpt>
<wpt lat="46.210330" lon="6.785450"><ele>1758</ele><time>2027-01-17T08:34:27Z</time></wpt>
<wpt lat="46.210475" lon="6.785085"><ele>1758</ele><time>2027-01-17T08:34:30Z</time></wpt>
<wpt lat="46.210620" lon="6.784720"><ele>1752</ele><time>2027-01-17T08:34:33Z</time></wpt>
<wpt lat="46.210640" lon="6.784650"><ele>1751</ele><time>2027-01-17T08:34:33Z</time></wpt>
<wpt lat="46.210660" lon="6.784580"><ele>1750</ele><time>2027-01-17T08:34:34Z</time></wpt>
<wpt lat="46.210680" lon="6.784490"><ele>1749</ele><time>2027-01-17T08:34:34Z</time></wpt>
<wpt lat="46.210700" lon="6.784410"><ele>1748</ele><time>2027-01-17T08:34:35Z</time></wpt>
<wpt lat="46.210720" lon="6.784120"><ele>1742</ele><time>2027-01-17T08:34:37Z</time></wpt>
<wpt lat="46.210730" lon="6.784070"><ele>1742</ele><time>2027-01-17T08:34:37Z</time></wpt>
<wpt lat="46.210750" lon="6.784000"><ele>1741</ele><time>2027-01-17T08:34:37Z</time></wpt>
<wpt lat="46.210770" lon="6.783930"><ele>1740</ele><time>2027-01-17T08:34:38Z</time></wpt>
<wpt lat="46.210800" lon="6.783840"><ele>1740</ele><time>2027-01-17T08:34:38Z</time></wpt>
<wpt lat="46.210850" lon="6.783610"><ele>1736</ele><time>2027-01-17T08:34:40Z</time></wpt>
<wpt lat="46.210870" lon="6.783530"><ele>1735</ele><time>2027-01-17T08:34:41Z</time></wpt>
<wpt lat="46.210880" lon="6.783450"><ele>1733</ele><time>2027-01-17T08:34:41Z</time></wpt>
<wpt lat="46.210880" lon="6.783370"><ele>1731</ele><time>2027-01-17T08:34:42Z</time></wpt>
<wpt lat="46.210880" lon="6.783190"><ele>1726</ele><time>2027-01-17T08:34:43Z</time></wpt>
<wpt lat="46.210880" lon="6.783110"><ele>1724</ele><time>2027-01-17T08:34:43Z</time></wpt>
<wpt lat="46.210890" lon="6.783030"><ele>1722</ele><time>2027-01-17T08:34:44Z</time></wpt>
<wpt lat="46.210910" lon="6.782960"><ele>1721</ele><time>2027-01-17T08:34:44Z</time></wpt>
<wpt lat="46.210940" lon="6.782890"><ele>1721</ele><time>2027-01-17T08:34:45Z</time></wpt>
<wpt lat="46.211130" lon="6.782430"><ele>1717</ele><time>2027-01-17T08:34:48Z</time></wpt>
<wpt lat="46.211150" lon="6.782360"><ele>1717</ele><time>2027-01-17T08:34:49Z</time></wpt>
<wpt lat="46.211160" lon="6.782300"><ele>1715</ele><time>2027-01-17T08:34:49Z</time></wpt>
<wpt lat="46.211170" lon="6.782220"><ele>1714</ele><time>2027-01-17T08:34:50Z</time></wpt>
<wpt lat="46.211170" lon="6.782150"><ele>1712</ele><time>2027-01-17T08:34:50Z</time></wpt>
<wpt lat="46.211190" lon="6.781820"><ele>1704</ele><time>2027-01-17T08:34:52Z</time></wpt>
<wpt lat="46.211190" lon="6.781720"><ele>1701</ele><time>2027-01-17T08:34:53Z</time></wpt>
<wpt lat="46.211200" lon="6.781640"><ele>1699</ele><time>2027-01-17T08:34:53Z</time></wpt>
<wpt lat="46.211240" lon="6.781460"><ele>1696</ele><time>2027-01-17T08:34:55Z</time></wpt>
<wpt lat="46.211370" lon="6.781060"><ele>1691</ele><time>2027-01-17T08:34:57Z</time></wpt>
<wpt lat="46.211553" lon="6.780867"><ele>1691</ele><time>2027-01-17T08:35:00Z</time></wpt>
<wpt lat="46.211737" lon="6.780673"><ele>1691</ele><time>2027-01-17T08:35:02Z</time></wpt>
<wpt lat="46.211920" lon="6.780480"><ele>1696</ele><time>2027-01-17T08:35:04Z</time></wpt>
<wpt lat="46.212090" lon="6.780370"><ele>1698</ele><time>2027-01-17T08:35:05Z</time></wpt>
<wpt lat="46.212300" lon="6.780370"><ele>1704</ele><time>2027-01-17T08:35:07Z</time></wpt>
<wpt lat="46.212350" lon="6.780530"><ele>1709</ele><time>2027-01-17T08:35:09Z</time></wpt>
<wpt lat="46.212360" lon="6.780490"><ele>1709</ele><time>2027-01-17T08:35:09Z</time></wpt>
<wpt lat="46.212360" lon="6.780460"><ele>1708</ele><time>2027-01-17T08:35:09Z</time></wpt>
<wpt lat="46.212350" lon="6.780410"><ele>1707</ele><time>2027-01-17T08:35:09Z</time></wpt>
<wpt lat="46.212330" lon="6.780380"><ele>1705</ele><time>2027-01-17T08:35:10Z</time></wpt>
<wpt lat="46.212250" lon="6.780350"><ele>1702</ele><time>2027-01-17T08:35:10Z</time></wpt>
<wpt lat="46.212090" lon="6.780370"><ele>1698</ele><time>2027-01-17T08:35:12Z</time></wpt>
<wpt lat="46.211980" lon="6.780430"><ele>1696</ele><time>2027-01-17T08:35:13Z</time></wpt>
<wpt lat="46.211730" lon="6.780720"><ele>1696</ele><time>2027-01-17T08:35:16Z</time></wpt>
<wpt lat="46.211610" lon="6.780870"><ele>1696</ele><time>2027-01-17T08:35:17Z</time></wpt>
<wpt lat="46.211520" lon="6.781030"><ele>1697</ele><time>2027-01-17T08:35:19Z</time></wpt>
<wpt lat="46.211390" lon="6.781110"><ele>1694</ele><time>2027-01-17T08:35:20Z</time></wpt>
<wpt lat="46.211330" lon="6.781060"><ele>1689</ele><time>2027-01-17T08:35:21Z</time></wpt>
<wpt lat="46.211310" lon="6.780990"><ele>1687</ele><time>2027-01-17T08:35:21Z</time></wpt>
<wpt lat="46.211405" lon="6.780685"><ele>1687</ele><time>2027-01-17T08:35:23Z</time></wpt>
<wpt lat="46.211500" lon="6.780380"><ele>1679</ele><time>2027-01-17T08:35:25Z</time></wpt>
<wpt lat="46.211630" lon="6.779880"><ele>1671</ele><time>2027-01-17T08:35:29Z</time></wpt>
<wpt lat="46.211740" lon="6.779360"><ele>1663</ele><time>2027-01-17T08:35:32Z</time></wpt>
<wpt lat="46.211840" lon="6.779130"><ele>1661</ele><time>2027-01-17T08:35:34Z</time></wpt>
<wpt lat="46.212000" lon="6.778870"><ele>1661</ele><time>2027-01-17T08:35:36Z</time></wpt>
<wpt lat="46.212160" lon="6.778610"><ele>1657</ele><time>2027-01-17T08:35:39Z</time></wpt>
<wpt lat="46.212380" lon="6.778275"><ele>1657</ele><time>2027-01-17T08:35:41Z</time></wpt>
<wpt lat="46.212600" lon="6.777940"><ele>1653</ele><time>2027-01-17T08:35:44Z</time></wpt>
<wpt lat="46.212720" lon="6.777610"><ele>1646</ele><time>2027-01-17T08:35:47Z</time></wpt>
<wpt lat="46.212700" lon="6.777510"><ele>1641</ele><time>2027-01-17T08:35:48Z</time></wpt>
<wpt lat="46.212620" lon="6.777460"><ele>1637</ele><time>2027-01-17T08:35:48Z</time></wpt>
<wpt lat="46.212410" lon="6.777560"><ele>1637</ele><time>2027-01-17T08:35:50Z</time></wpt>
<wpt lat="46.212200" lon="6.777660"><ele>1637</ele><time>2027-01-17T08:35:52Z</time></wpt>
<wpt lat="46.211990" lon="6.777760"><ele>1624</ele><time>2027-01-17T08:35:54Z</time></wpt>
<wpt lat="46.211780" lon="6.777850"><ele>1624</ele><time>2027-01-17T08:35:56Z</time></wpt>
<wpt lat="46.211570" lon="6.777940"><ele>1615</ele><time>2027-01-17T08:35:59Z</time></wpt>
<wpt lat="46.211350" lon="6.778110"><ele>1615</ele><time>2027-01-17T08:36:01Z</time></wpt>
<wpt lat="46.211130" lon="6.778280"><ele>1615</ele><time>2027-01-17T08:36:03Z</time></wpt>
<wpt lat="46.210910" lon="6.778450"><ele>1608</ele><time>2027-01-17T08:36:05Z</time></wpt>
<wpt lat="46.210490" lon="6.778580"><ele>1598</ele><time>2027-01-17T08:36:09Z</time></wpt>
<wpt lat="46.210280" lon="6.778720"><ele>1594</ele><time>2027-01-17T08:36:12Z</time></wpt>
<wpt lat="46.210090" lon="6.779000"><ele>1592</ele><time>2027-01-17T08:36:14Z</time></wpt>
<wpt lat="46.209900" lon="6.779310"><ele>1592</ele><time>2027-01-17T08:36:17Z</time></wpt>
<wpt lat="46.209710" lon="6.779620"><ele>1588</ele><time>2027-01-17T08:36:19Z</time></wpt>
<wpt lat="46.209480" lon="6.779810"><ele>1582</ele><time>2027-01-17T08:36:22Z</time></wpt>
<wpt lat="46.209235" lon="6.780000"><ele>1582</ele><time>2027-01-17T08:36:24Z</time></wpt>
<wpt lat="46.208990" lon="6.780190"><ele>1567</ele><time>2027-01-17T08:36:27Z</time></wpt>
<wpt lat="46.208715" lon="6.780365"><ele>1567</ele><time>2027-01-17T08:36:30Z</time></wpt>
<wpt lat="46.208440" lon="6.780540"><ele>1553</ele><time>2027-01-17T08:36:33Z</time></wpt>
<wpt lat="46.208220" lon="6.780560"><ele>1547</ele><time>2027-01-17T08:36:35Z</time></wpt>
<wpt lat="46.207810" lon="6.780450"><ele>1534</ele><time>2027-01-17T08:36:38Z</time></wpt>
<wpt lat="46.207510" lon="6.780540"><ele>1529</ele><time>2027-01-17T08:36:41Z</time></wpt>
<wpt lat="46.207350" lon="6.780620"><ele>1528</ele><time>2027-01-17T08:36:43Z</time></wpt>
<wpt lat="46.207220" lon="6.780710"><ele>1528</ele><time>2027-01-17T08:36:44Z</time></wpt>
<wpt lat="46.207070" lon="6.780470"><ele>1522</ele><time>2027-01-17T08:36:46Z</time></wpt>
<wpt lat="46.207180" lon="6.780190"><ele>1519</ele><time>2027-01-17T08:36:48Z</time></wpt>
<wpt lat="46.207230" lon="6.780050"><ele>1518</ele><time>2027-01-17T08:36:49Z</time></wpt>
<wpt lat="46.207380" lon="6.779570"><ele>1516</ele><time>2027-01-17T08:36:53Z</time></wpt>
<wpt lat="46.207460" lon="6.779300"><ele>1517</ele><time>2027-01-17T08:36:55Z</time></wpt>
<wpt lat="46.207480" lon="6.779200"><ele>1517</ele><time>2027-01-17T08:36:55Z</time></wpt>
<wpt lat="46.207480" lon="6.779200"><ele>1517</ele><time>2027-01-17T08:36:55Z</time></wpt>
<wpt lat="46.207500" lon="6.779090"><ele>1517</ele><time>2027-01-17T08:36:56Z</time></wpt>
<wpt lat="46.207510" lon="6.779040"><ele>1517</ele><time>2027-01-17T08:36:56Z</time></wpt>
<wpt lat="46.207580" lon="6.778660"><ele>1516</ele><time>2027-01-17T08:36:59Z</time></wpt>
<wpt lat="46.207600" lon="6.778540"><ele>1515</ele><time>2027-01-17T08:37:00Z</time></wpt>
<wpt lat="46.207620" lon="6.778380"><ele>1514</ele><time>2027-01-17T08:37:01Z</time></wpt>
<wpt lat="46.207650" lon="6.778270"><ele>1513</ele><time>2027-01-17T08:37:01Z</time></wpt>
<wpt lat="46.207670" lon="6.778160"><ele>1512</ele><time>2027-01-17T08:37:02Z</time></wpt>
<wpt lat="46.207700" lon="6.778050"><ele>1512</ele><time>2027-01-17T08:37:03Z</time></wpt>
<wpt lat="46.207840" lon="6.777660"><ele>1512</ele><time>2027-01-17T08:37:06Z</time></wpt>
<wpt lat="46.207890" lon="6.777520"><ele>1512</ele><time>2027-01-17T08:37:07Z</time></wpt>
<wpt lat="46.207994" lon="6.777226"><ele>1512</ele><time>2027-01-17T08:37:09Z</time></wpt>
<wpt lat="46.208098" lon="6.776932"><ele>1512</ele><time>2027-01-17T08:37:11Z</time></wpt>
<wpt lat="46.208202" lon="6.776638"><ele>1512</ele><time>2027-01-17T08:37:13Z</time></wpt>
<wpt lat="46.208306" lon="6.776344"><ele>1512</ele><time>2027-01-17T08:37:15Z</time></wpt>
<wpt lat="46.208410" lon="6.776050"><ele>1507</ele><time>2027-01-17T08:37:17Z</time></wpt>
<wpt lat="46.208410" lon="6.776050"><ele>1507</ele><time>2027-01-17T08:37:17Z</time></wpt>
<wpt lat="46.208480" lon="6.775890"><ele>1506</ele><time>2027-01-17T08:37:19Z</time></wpt>
<wpt lat="46.208560" lon="6.775650"><ele>1505</ele><time>2027-01-17T08:37:20Z</time></wpt>
<wpt lat="46.208570" lon="6.775550"><ele>1504</ele><time>2027-01-17T08:37:21Z</time></wpt>
<wpt lat="46.208570" lon="6.775550"><ele>1504</ele><time>2027-01-17T08:37:21Z</time></wpt>
<wpt lat="46.208740" lon="6.775510"><ele>1504</ele><time>2027-01-17T08:37:22Z</time></wpt>
<wpt lat="46.208830" lon="6.775480"><ele>1504</ele><time>2027-01-17T08:37:23Z</time></wpt>
<wpt lat="46.208880" lon="6.775450"><ele>1504</ele><time>2027-01-17T08:37:24Z</time></wpt>
<wpt lat="46.209000" lon="6.775340"><ele>1503</ele><time>2027-01-17T08:37:25Z</time></wpt>
<wpt lat="46.209060" lon="6.775250"><ele>1502</ele><time>2027-01-17T08:37:26Z</time></wpt>
<wpt lat="46.209080" lon="6.775190"><ele>1501</ele><time>2027-01-17T08:37:26Z</time></wpt>
<wpt lat="46.209090" lon="6.775140"><ele>1501</ele><time>2027-01-17T08:37:27Z</time></wpt>
<wpt lat="46.209090" lon="6.775090"><ele>1500</ele><time>2027-01-17T08:37:27Z</time></wpt>
<wpt lat="46.209090" lon="6.775020"><ele>1499</ele><time>2027-01-17T08:37:27Z</time></wpt>
<wpt lat="46.209080" lon="6.774980"><ele>1498</ele><time>2027-01-17T08:37:28Z</time></wpt>
<wpt lat="46.209090" lon="6.774950"><ele>1498</ele><time>2027-01-17T08:37:28Z</time></wpt>
<wpt lat="46.209100" lon="6.774920"><ele>1498</ele><time>2027-01-17T08:37:28Z</time></wpt>
<wpt lat="46.209110" lon="6.774900"><ele>1497</ele><time>2027-01-17T08:37:28Z</time></wpt>
<wpt lat="46.209130" lon="6.774880"><ele>1497</ele><time>2027-01-17T08:37:29Z</time></wpt>
<wpt lat="46.209150" lon="6.774860"><ele>1496</ele><time>2027-01-17T08:37:29Z</time></wpt>
<wpt lat="46.209280" lon="6.774760"><ele>1494</ele><time>2027-01-17T08:37:30Z</time></wpt>
<wpt lat="46.209310" lon="6.774740"><ele>1494</ele><time>2027-01-17T08:37:30Z</time></wpt>
<wpt lat="46.209340" lon="6.774720"><ele>1494</ele><time>2027-01-17T08:37:31Z</time></wpt>
<wpt lat="46.209360" lon="6.774700"><ele>1493</ele><time>2027-01-17T08:37:31Z</time></wpt>
<wpt lat="46.209370" lon="6.774670"><ele>1493</ele><time>2027-01-17T08:37:31Z</time></wpt>
<wpt lat="46.209510" lon="6.774430"><ele>1488</ele><time>2027-01-17T08:37:33Z</time></wpt>
<wpt lat="46.209530" lon="6.774400"><ele>1487</ele><time>2027-01-17T08:37:33Z</time></wpt>
<wpt lat="46.209550" lon="6.774380"><ele>1487</ele><time>2027-01-17T08:37:34Z</time></wpt>
<wpt lat="46.209560" lon="6.774370"><ele>1487</ele><time>2027-01-17T08:37:34Z</time></wpt>
<wpt lat="46.209590" lon="6.774360"><ele>1486</ele><time>2027-01-17T08:37:34Z</time></wpt>
<wpt lat="46.209590" lon="6.774360"><ele>1486</ele><time>2027-01-17T08:37:34Z</time></wpt>
<wpt lat="46.209610" lon="6.774360"><ele>1486</ele><time>2027-01-17T08:37:34Z</time></wpt>
<wpt lat="46.209640" lon="6.774370"><ele>1486</ele><time>2027-01-17T08:37:35Z</time></wpt>
<wpt lat="46.209660" lon="6.774380"><ele>1487</ele><time>2027-01-17T08:37:35Z</time></wpt>
<wpt lat="46.209700" lon="6.774390"><ele>1487</ele><time>2027-01-17T08:37:35Z</time></wpt>
<wpt lat="46.209780" lon="6.774420"><ele>1488</ele><time>2027-01-17T08:37:36Z</time></wpt>
<wpt lat="46.209800" lon="6.774430"><ele>1488</ele><time>2027-01-17T08:37:36Z</time></wpt>
<wpt lat="46.209830" lon="6.774440"><ele>1488</ele><time>2027-01-17T08:37:36Z</time></wpt>
<wpt lat="46.209850" lon="6.774440"><ele>1488</ele><time>2027-01-17T08:37:37Z</time></wpt>
<wpt lat="46.209870" lon="6.774440"><ele>1489</ele><time>2027-01-17T08:37:37Z</time></wpt>
<wpt lat="46.210040" lon="6.774440"><ele>1490</ele><time>2027-01-17T08:37:38Z</time></wpt>
<wpt lat="46.210070" lon="6.774440"><ele>1490</ele><time>2027-01-17T08:37:39Z</time></wpt>
<wpt lat="46.210100" lon="6.774430"><ele>1490</ele><time>2027-01-17T08:37:39Z</time></wpt>
<wpt lat="46.210130" lon="6.774430"><ele>1490</ele><time>2027-01-17T08:37:39Z</time></wpt>
<wpt lat="46.210160" lon="6.774420"><ele>1490</ele><time>2027-01-17T08:37:39Z</time></wpt>
<wpt lat="46.210190" lon="6.774410"><ele>1490</ele><time>2027-01-17T08:37:40Z</time></wpt>
<wpt lat="46.210220" lon="6.774400"><ele>1490</ele><time>2027-01-17T08:37:40Z</time></wpt>
<wpt lat="46.210240" lon="6.774400"><ele>1490</ele><time>2027-01-17T08:37:40Z</time></wpt>
<wpt lat="46.210370" lon="6.774330"><ele>1489</ele><time>2027-01-17T08:37:41Z</time></wpt>
<wpt lat="46.210640" lon="6.774200"><ele>1487</ele><time>2027-01-17T08:37:44Z</time></wpt>
<wpt lat="46.210710" lon="6.774170"><ele>1486</ele><time>2027-01-17T08:37:45Z</time></wpt>
<wpt lat="46.210740" lon="6.774150"><ele>1486</ele><time>2027-01-17T08:37:45Z</time></wpt>
<wpt lat="46.210760" lon="6.774130"><ele>1485</ele><time>2027-01-17T08:37:45Z</time></wpt>
<wpt lat="46.210780" lon="6.774120"><ele>1485</ele><time>2027-01-17T08:37:46Z</time></wpt>
<wpt lat="46.210800" lon="6.774090"><ele>1485</ele><time>2027-01-17T08:37:46Z</time></wpt>
<wpt lat="46.210930" lon="6.773950"><ele>1482</ele><time>2027-01-17T08:37:47Z</time></wpt>
<wpt lat="46.210950" lon="6.773920"><ele>1481</ele><time>2027-01-17T08:37:48Z</time></wpt>
<wpt lat="46.210960" lon="6.773890"><ele>1480</ele><time>2027-01-17T08:37:48Z</time></wpt>
<wpt lat="46.210970" lon="6.773860"><ele>1480</ele><time>2027-01-17T08:37:48Z</time></wpt>
<wpt lat="46.210980" lon="6.773830"><ele>1479</ele><time>2027-01-17T08:37:48Z</time></wpt>
<wpt lat="46.210980" lon="6.773800"><ele>1478</ele><time>2027-01-17T08:37:48Z</time></wpt>
<wpt lat="46.210980" lon="6.773760"><ele>1477</ele><time>2027-01-17T08:37:49Z</time></wpt>
<wpt lat="46.210980" lon="6.773730"><ele>1476</ele><time>2027-01-17T08:37:49Z</time></wpt>
<wpt lat="46.210970" lon="6.773700"><ele>1475</ele><time>2027-01-17T08:37:49Z</time></wpt>
<wpt lat="46.210960" lon="6.773670"><ele>1474</ele><time>2027-01-17T08:37:49Z</time></wpt>
<wpt lat="46.210950" lon="6.773650"><ele>1474</ele><time>2027-01-17T08:37:49Z</time></wpt>
<wpt lat="46.210930" lon="6.773620"><ele>1473</ele><time>2027-01-17T08:37:50Z</time></wpt>
<wpt lat="46.210920" lon="6.773600"><ele>1472</ele><time>2027-01-17T08:37:50Z</time></wpt>
<wpt lat="46.210900" lon="6.773590"><ele>1472</ele><time>2027-01-17T08:37:50Z</time></wpt>
<wpt lat="46.210880" lon="6.773570"><ele>1471</ele><time>2027-01-17T08:37:50Z</time></wpt>
<wpt lat="46.210860" lon="6.773560"><ele>1471</ele><time>2027-01-17T08:37:50Z</time></wpt>
<wpt lat="46.210840" lon="6.773550"><ele>1470</ele><time>2027-01-17T08:37:51Z</time></wpt>
<wpt lat="46.210820" lon="6.773550"><ele>1470</ele><time>2027-01-17T08:37:51Z</time></wpt>
<wpt lat="46.210790" lon="6.773550"><ele>1470</ele><time>2027-01-17T08:37:51Z</time></wpt>
<wpt lat="46.210670" lon="6.773550"><ele>1469</ele><time>2027-01-17T08:37:52Z</time></wpt>
<wpt lat="46.210500" lon="6.773570"><ele>1469</ele><time>2027-01-17T08:37:54Z</time></wpt>
<wpt lat="46.210470" lon="6.773570"><ele>1469</ele><time>2027-01-17T08:37:54Z</time></wpt>
<wpt lat="46.210450" lon="6.773570"><ele>1469</ele><time>2027-01-17T08:37:54Z</time></wpt>
<wpt lat="46.210420" lon="6.773570"><ele>1469</ele><time>2027-01-17T08:37:55Z</time></wpt>
<wpt lat="46.210400" lon="6.773570"><ele>1469</ele><time>2027-01-17T08:37:55Z</time></wpt>
<wpt lat="46.210380" lon="6.773560"><ele>1468</ele><time>2027-01-17T08:37:55Z</time></wpt>
<wpt lat="46.210350" lon="6.773560"><ele>1468</ele><time>2027-01-17T08:37:55Z</time></wpt>
<wpt lat="46.210320" lon="6.773550"><ele>1468</ele><time>2027-01-17T08:37:56Z</time></wpt>
<wpt lat="46.210300" lon="6.773540"><ele>1468</ele><time>2027-01-17T08:37:56Z</time></wpt>
<wpt lat="46.209995" lon="6.773590"><ele>1468</ele><time>2027-01-17T08:37:59Z</time></wpt>
<wpt lat="46.209690" lon="6.773640"><ele>1474</ele><time>2027-01-17T08:38:01Z</time></wpt>
<wpt lat="46.209660" lon="6.773670"><ele>1475</ele><time>2027-01-17T08:38:02Z</time></wpt>
<wpt lat="46.209643" lon="6.773323"><ele>1475</ele><time>2027-01-17T08:38:04Z</time></wpt>
<wpt lat="46.209627" lon="6.772977"><ele>1475</ele><time>2027-01-17T08:38:06Z</time></wpt>
<wpt lat="46.209610" lon="6.772630"><ele>1473</ele><time>2027-01-17T08:38:08Z</time></wpt>
<wpt lat="46.209610" lon="6.772630"><ele>1473</ele><time>2027-01-17T08:38:08Z</time></wpt>
<wpt lat="46.209798" lon="6.772388"><ele>1473</ele><time>2027-01-17T08:38:11Z</time></wpt>
<wpt lat="46.209986" lon="6.772146"><ele>1473</ele><time>2027-01-17T08:38:13Z</time></wpt>
<wpt lat="46.210174" lon="6.771904"><ele>1473</ele><time>2027-01-17T08:38:15Z</time></wpt>
<wpt lat="46.210362" lon="6.771662"><ele>1473</ele><time>2027-01-17T08:38:18Z</time></wpt>
<wpt lat="46.210550" lon="6.771420"><ele>1430</ele><time>2027-01-17T08:38:20Z</time></wpt>
<wpt lat="46.210731" lon="6.771248"><ele>1430</ele><time>2027-01-17T08:38:22Z</time></wpt>
<wpt lat="46.210912" lon="6.771075"><ele>1430</ele><time>2027-01-17T08:38:24Z</time></wpt>
<wpt lat="46.211094" lon="6.770903"><ele>1430</ele><time>2027-01-17T08:38:26Z</time></wpt>
<wpt lat="46.211275" lon="6.770730"><ele>1430</ele><time>2027-01-17T08:38:28Z</time></wpt>
<wpt lat="46.211456" lon="6.770557"><ele>1430</ele><time>2027-01-17T08:38:30Z</time></wpt>
<wpt lat="46.211638" lon="6.770385"><ele>1430</ele><time>2027-01-17T08:38:32Z</time></wpt>
<wpt lat="46.211819" lon="6.770212"><ele>1430</ele><time>2027-01-17T08:38:34Z</time></wpt>
<wpt lat="46.212000" lon="6.770040"><ele>1380</ele><time>2027-01-17T08:38:36Z</time></wpt>
<wpt lat="46.212100" lon="6.769670"><ele>1380</ele><time>2027-01-17T08:38:39Z</time></wpt>
<wpt lat="46.212200" lon="6.769300"><ele>1367</ele><time>2027-01-17T08:38:41Z</time></wpt>
<wpt lat="46.212235" lon="6.768915"><ele>1367</ele><time>2027-01-17T08:38:44Z</time></wpt>
<wpt lat="46.212270" lon="6.768530"><ele>1351</ele><time>2027-01-17T08:38:46Z</time></wpt>
<wpt lat="46.212190" lon="6.767980"><ele>1337</ele><time>2027-01-17T08:38:50Z</time></wpt>
<wpt lat="46.211940" lon="6.767590"><ele>1327</ele><time>2027-01-17T08:38:53Z</time></wpt>
<wpt lat="46.211765" lon="6.767380"><ele>1327</ele><time>2027-01-17T08:38:55Z</time></wpt>
<wpt lat="46.211590" lon="6.767170"><ele>1316</ele><time>2027-01-17T08:38:57Z</time></wpt>
<wpt lat="46.211450" lon="6.766940"><ele>1309</ele><time>2027-01-17T08:38:59Z</time></wpt>
<wpt lat="46.211470" lon="6.766660"><ele>1298</ele><time>2027-01-17T08:39:01Z</time></wpt>
<wpt lat="46.211605" lon="6.766362"><ele>1298</ele><time>2027-01-17T08:39:03Z</time></wpt>
<wpt lat="46.211740" lon="6.766065"><ele>1298</ele><time>2027-01-17T08:39:06Z</time></wpt>
<wpt lat="46.211875" lon="6.765767"><ele>1298</ele><time>2027-01-17T08:39:08Z</time></wpt>
<wpt lat="46.212010" lon="6.765470"><ele>1263</ele><time>2027-01-17T08:39:10Z</time></wpt>
<wpt lat="46.212130" lon="6.765146"><ele>1263</ele><time>2027-01-17T08:39:13Z</time></wpt>
<wpt lat="46.212250" lon="6.764822"><ele>1263</ele><time>2027-01-17T08:39:15Z</time></wpt>
<wpt lat="46.212370" lon="6.764498"><ele>1263</ele><time>2027-01-17T08:39:17Z</time></wpt>
<wpt lat="46.212490" lon="6.764174"><ele>1263</ele><time>2027-01-17T08:39:20Z</time></wpt>
<wpt lat="46.212610" lon="6.763850"><ele>1234</ele><time>2027-01-17T08:39:22Z</time></wpt>
<wpt lat="46.212712" lon="6.763560"><ele>1234</ele><time>2027-01-17T08:39:24Z</time></wpt>
<wpt lat="46.212815" lon="6.763270"><ele>1234</ele><time>2027-01-17T08:39:26Z</time></wpt>
<wpt lat="46.212918" lon="6.762980"><ele>1234</ele><time>2027-01-17T08:39:28Z</time></wpt>
<wpt lat="46.213020" lon="6.762690"><ele>1222</ele><time>2027-01-17T08:39:30Z</time></wpt>
<wpt lat="46.213106" lon="6.762400"><ele>1222</ele><time>2027-01-17T08:39:32Z</time></wpt>
<wpt lat="46.213192" lon="6.762110"><ele>1222</ele><time>2027-01-17T08:39:35Z</time></wpt>
<wpt lat="46.213278" lon="6.761820"><ele>1222</ele><time>2027-01-17T08:39:37Z</time></wpt>
<wpt lat="46.213364" lon="6.761530"><ele>1222</ele><time>2027-01-17T08:39:39Z</time></wpt>
<wpt lat="46.213450" lon="6.761240"><ele>1218</ele><time>2027-01-17T08:39:41Z</time></wpt>
<wpt lat="46.213610" lon="6.760760"><ele>1216</ele><time>2027-01-17T08:39:44Z</time></wpt>
<wpt lat="46.213630" lon="6.760730"><ele>1216</ele><time>2027-01-17T08:39:44Z</time></wpt>
<wpt lat="46.213640" lon="6.760720"><ele>1216</ele><time>2027-01-17T08:39:44Z</time></wpt>
<wpt lat="46.213660" lon="6.760700"><ele>1215</ele><time>2027-01-17T08:39:45Z</time></wpt>
<wpt lat="46.213690" lon="6.760690"><ele>1215</ele><time>2027-01-17T08:39:45Z</time></wpt>
<wpt lat="46.213700" lon="6.760680"><ele>1215</ele><time>2027-01-17T08:39:45Z</time></wpt>
<wpt lat="46.213720" lon="6.760700"><ele>1214</ele><time>2027-01-17T08:39:45Z</time></wpt>
<wpt lat="46.213740" lon="6.760740"><ele>1214</ele><time>2027-01-17T08:39:46Z</time></wpt>
<wpt lat="46.213750" lon="6.760760"><ele>1214</ele><time>2027-01-17T08:39:46Z</time></wpt>
<wpt lat="46.213760" lon="6.760820"><ele>1214</ele><time>2027-01-17T08:39:46Z</time></wpt>
<wpt lat="46.213780" lon="6.760990"><ele>1214</ele><time>2027-01-17T08:40:47Z</time></wpt>
<wpt lat="46.213743" lon="6.761095"><ele>1214</ele><time>2027-01-17T08:40:49Z</time></wpt>
<wpt lat="46.213705" lon="6.761200"><ele>1214</ele><time>2027-01-17T08:40:52Z</time></wpt>
<wpt lat="46.213667" lon="6.761305"><ele>1214</ele><time>2027-01-17T08:40:54Z</time></wpt>
<wpt lat="46.213630" lon="6.761410"><ele>1216</ele><time>2027-01-17T08:40:56Z</time></wpt>
<wpt lat="46.213594" lon="6.761518"><ele>1216</ele><time>2027-01-17T08:40:59Z</time></wpt>
<wpt lat="46.213558" lon="6.761626"><ele>1216</ele><time>2027-01-17T08:41:01Z</time></wpt>
<wpt lat="46.213522" lon="6.761734"><ele>1216</ele><time>2027-01-17T08:41:03Z</time></wpt>
<wpt lat="46.213486" lon="6.761842"><ele>1216</ele><time>2027-01-17T08:41:06Z</time></wpt>
<wpt lat="46.213450" lon="6.761950"><ele>1218</ele><time>2027-01-17T08:41:08Z</time></wpt>
<wpt lat="46.213416" lon="6.762048"><ele>1218</ele><time>2027-01-17T08:41:10Z</time></wpt>
<wpt lat="46.213383" lon="6.762146"><ele>1218</ele><time>2027-01-17T08:41:12Z</time></wpt>
<wpt lat="46.213349" lon="6.762244"><ele>1218</ele><time>2027-01-17T08:41:14Z</time></wpt>
<wpt lat="46.213316" lon="6.762341"><ele>1218</ele><time>2027-01-17T08:41:16Z</time></wpt>
<wpt lat="46.213282" lon="6.762439"><ele>1218</ele><time>2027-01-17T08:41:18Z</time></wpt>
<wpt lat="46.213249" lon="6.762537"><ele>1218</ele><time>2027-01-17T08:41:20Z</time></wpt>
<wpt lat="46.213215" lon="6.762635"><ele>1218</ele><time>2027-01-17T08:41:23Z</time></wpt>
<wpt lat="46.213181" lon="6.762733"><ele>1218</ele><time>2027-01-17T08:41:25Z</time></wpt>
<wpt lat="46.213148" lon="6.762831"><ele>1218</ele><time>2027-01-17T08:41:27Z</time></wpt>
<wpt lat="46.213114" lon="6.762929"><ele>1218</ele><time>2027-01-17T08:41:29Z</time></wpt>
<wpt lat="46.213081" lon="6.763026"><ele>1218</ele><time>2027-01-17T08:41:31Z</time></wpt>
<wpt lat="46.213047" lon="6.763124"><ele>1218</ele><time>2027-01-17T08:41:33Z</time></wpt>
<wpt lat="46.213014" lon="6.763222"><ele>1218</ele><time>2027-01-17T08:41:35Z</time></wpt>
<wpt lat="46.212980" lon="6.763320"><ele>1226</ele><time>2027-01-17T08:41:37Z</time></wpt>
<wpt lat="46.212947" lon="6.763416"><ele>1226</ele><time>2027-01-17T08:41:39Z</time></wpt>
<wpt lat="46.212914" lon="6.763512"><ele>1226</ele><time>2027-01-17T08:41:41Z</time></wpt>
<wpt lat="46.212882" lon="6.763608"><ele>1226</ele><time>2027-01-17T08:41:43Z</time></wpt>
<wpt lat="46.212849" lon="6.763704"><ele>1226</ele><time>2027-01-17T08:41:46Z</time></wpt>
<wpt lat="46.212816" lon="6.763801"><ele>1226</ele><time>2027-01-17T08:41:48Z</time></wpt>
<wpt lat="46.212783" lon="6.763897"><ele>1226</ele><time>2027-01-17T08:41:50Z</time></wpt>
<wpt lat="46.212751" lon="6.763993"><ele>1226</ele><time>2027-01-17T08:41:52Z</time></wpt>
<wpt lat="46.212718" lon="6.764089"><ele>1226</ele><time>2027-01-17T08:41:54Z</time></wpt>
<wpt lat="46.212685" lon="6.764185"><ele>1226</ele><time>2027-01-17T08:41:56Z</time></wpt>
<wpt lat="46.212652" lon="6.764281"><ele>1226</ele><time>2027-01-17T08:41:58Z</time></wpt>
<wpt lat="46.212619" lon="6.764377"><ele>1226</ele><time>2027-01-17T08:42:00Z</time></wpt>
<wpt lat="46.212587" lon="6.764473"><ele>1226</ele><time>2027-01-17T08:42:02Z</time></wpt>
<wpt lat="46.212554" lon="6.764569"><ele>1226</ele><time>2027-01-17T08:42:04Z</time></wpt>
<wpt lat="46.212521" lon="6.764666"><ele>1226</ele><time>2027-01-17T08:42:06Z</time></wpt>
<wpt lat="46.212488" lon="6.764762"><ele>1226</ele><time>2027-01-17T08:42:08Z</time></wpt>
<wpt lat="46.212456" lon="6.764858"><ele>1226</ele><time>2027-01-17T08:42:10Z</time></wpt>
<wpt lat="46.212423" lon="6.764954"><ele>1226</ele><time>2027-01-17T08:42:12Z</time></wpt>
<wpt lat="46.212390" lon="6.765050"><ele>1255</ele><time>2027-01-17T08:42:14Z</time></wpt>
<wpt lat="46.212357" lon="6.765144"><ele>1255</ele><time>2027-01-17T08:42:16Z</time></wpt>
<wpt lat="46.212325" lon="6.765239"><ele>1255</ele><time>2027-01-17T08:42:18Z</time></wpt>
<wpt lat="46.212292" lon="6.765333"><ele>1255</ele><time>2027-01-17T08:42:20Z</time></wpt>
<wpt lat="46.212260" lon="6.765428"><ele>1255</ele><time>2027-01-17T08:42:22Z</time></wpt>
<wpt lat="46.212227" lon="6.765522"><ele>1255</ele><time>2027-01-17T08:42:25Z</time></wpt>
<wpt lat="46.212195" lon="6.765617"><ele>1255</ele><time>2027-01-17T08:42:27Z</time></wpt>
<wpt lat="46.212162" lon="6.765711"><ele>1255</ele><time>2027-01-17T08:42:29Z</time></wpt>
<wpt lat="46.212130" lon="6.765806"><ele>1255</ele><time>2027-01-17T08:42:31Z</time></wpt>
<wpt lat="46.212097" lon="6.765900"><ele>1255</ele><time>2027-01-17T08:42:33Z</time></wpt>
<wpt lat="46.212065" lon="6.765994"><ele>1255</ele><time>2027-01-17T08:42:35Z</time></wpt>
<wpt lat="46.212032" lon="6.766089"><ele>1255</ele><time>2027-01-17T08:42:37Z</time></wpt>
<wpt lat="46.212000" lon="6.766183"><ele>1255</ele><time>2027-01-17T08:42:39Z</time></wpt>
<wpt lat="46.211968" lon="6.766278"><ele>1255</ele><time>2027-01-17T08:42:41Z</time></wpt>
<wpt lat="46.211935" lon="6.766372"><ele>1255</ele><time>2027-01-17T08:42:43Z</time></wpt>
<wpt lat="46.211903" lon="6.766467"><ele>1255</ele><time>2027-01-17T08:42:45Z</time></wpt>
<wpt lat="46.211870" lon="6.766561"><ele>1255</ele><time>2027-01-17T08:42:47Z</time></wpt>
<wpt lat="46.211838" lon="6.766656"><ele>1255</ele><time>2027-01-17T08:42:49Z</time></wpt>
<wpt lat="46.211805" lon="6.766750"><ele>1255</ele><time>2027-01-17T08:42:51Z</time></wpt>
<wpt lat="46.211772" lon="6.766844"><ele>1255</ele><time>2027-01-17T08:42:53Z</time></wpt>
<wpt lat="46.211740" lon="6.766939"><ele>1255</ele><time>2027-01-17T08:42:55Z</time></wpt>
<wpt lat="46.211707" lon="6.767033"><ele>1255</ele><time>2027-01-17T08:42:57Z</time></wpt>
<wpt lat="46.211675" lon="6.767128"><ele>1255</ele><time>2027-01-17T08:42:59Z</time></wpt>
<wpt lat="46.211642" lon="6.767222"><ele>1255</ele><time>2027-01-17T08:43:01Z</time></wpt>
<wpt lat="46.211610" lon="6.767317"><ele>1255</ele><time>2027-01-17T08:43:03Z</time></wpt>
<wpt lat="46.211577" lon="6.767411"><ele>1255</ele><time>2027-01-17T08:43:05Z</time></wpt>
<wpt lat="46.211545" lon="6.767506"><ele>1255</ele><time>2027-01-17T08:43:07Z</time></wpt>
<wpt lat="46.211512" lon="6.767600"><ele>1255</ele><time>2027-01-17T08:43:09Z</time></wpt>
<wpt lat="46.211480" lon="6.767694"><ele>1255</ele><time>2027-01-17T08:43:11Z</time></wpt>
<wpt lat="46.211447" lon="6.767789"><ele>1255</ele><time>2027-01-17T08:43:13Z</time></wpt>
<wpt lat="46.211415" lon="6.767883"><ele>1255</ele><time>2027-01-17T08:43:15Z</time></wpt>
<wpt lat="46.211382" lon="6.767978"><ele>1255</ele><time>2027-01-17T08:43:17Z</time></wpt>
<wpt lat="46.211350" lon="6.768072"><ele>1255</ele><time>2027-01-17T08:43:19Z</time></wpt>
<wpt lat="46.211317" lon="6.768167"><ele>1255</ele><time>2027-01-17T08:43:21Z</time></wpt>
<wpt lat="46.211285" lon="6.768261"><ele>1255</ele><time>2027-01-17T08:43:23Z</time></wpt>
<wpt lat="46.211253" lon="6.768356"><ele>1255</ele><time>2027-01-17T08:43:25Z</time></wpt>
<wpt lat="46.211220" lon="6.768450"><ele>1373</ele><time>2027-01-17T08:43:27Z</time></wpt>
<wpt lat="46.211187" lon="6.768547"><ele>1373</ele><time>2027-01-17T08:43:30Z</time></wpt>
<wpt lat="46.211153" lon="6.768643"><ele>1373</ele><time>2027-01-17T08:43:32Z</time></wpt>
<wpt lat="46.211120" lon="6.768740"><ele>1373</ele><time>2027-01-17T08:43:34Z</time></wpt>
<wpt lat="46.211087" lon="6.768837"><ele>1373</ele><time>2027-01-17T08:43:36Z</time></wpt>
<wpt lat="46.211053" lon="6.768933"><ele>1373</ele><time>2027-01-17T08:43:38Z</time></wpt>
<wpt lat="46.211020" lon="6.769030"><ele>1392</ele><time>2027-01-17T08:43:40Z</time></wpt>
<wpt lat="46.210988" lon="6.769126"><ele>1392</ele><time>2027-01-17T08:43:42Z</time></wpt>
<wpt lat="46.210956" lon="6.769222"><ele>1392</ele><time>2027-01-17T08:43:44Z</time></wpt>
<wpt lat="46.210924" lon="6.769317"><ele>1392</ele><time>2027-01-17T08:43:46Z</time></wpt>
<wpt lat="46.210892" lon="6.769413"><ele>1392</ele><time>2027-01-17T08:43:48Z</time></wpt>
<wpt lat="46.210860" lon="6.769509"><ele>1392</ele><time>2027-01-17T08:43:50Z</time></wpt>
<wpt lat="46.210828" lon="6.769605"><ele>1392</ele><time>2027-01-17T08:43:52Z</time></wpt>
<wpt lat="46.210795" lon="6.769701"><ele>1392</ele><time>2027-01-17T08:43:54Z</time></wpt>
<wpt lat="46.210763" lon="6.769797"><ele>1392</ele><time>2027-01-17T08:43:56Z</time></wpt>
<wpt lat="46.210731" lon="6.769893"><ele>1392</ele><time>2027-01-17T08:43:58Z</time></wpt>
<wpt lat="46.210699" lon="6.769988"><ele>1392</ele><time>2027-01-17T08:44:00Z</time></wpt>
<wpt lat="46.210667" lon="6.770084"><ele>1392</ele><time>2027-01-17T08:44:02Z</time></wpt>
<wpt lat="46.210635" lon="6.770180"><ele>1392</ele><time>2027-01-17T08:44:04Z</time></wpt>
<wpt lat="46.210603" lon="6.770276"><ele>1392</ele><time>2027-01-17T08:44:07Z</time></wpt>
<wpt lat="46.210571" lon="6.770372"><ele>1392</ele><time>2027-01-17T08:44:09Z</time></wpt>
<wpt lat="46.210539" lon="6.770467"><ele>1392</ele><time>2027-01-17T08:44:11Z</time></wpt>
<wpt lat="46.210507" lon="6.770563"><ele>1392</ele><time>2027-01-17T08:44:13Z</time></wpt>
<wpt lat="46.210475" lon="6.770659"><ele>1392</ele><time>2027-01-17T08:44:15Z</time></wpt>
<wpt lat="46.210442" lon="6.770755"><ele>1392</ele><time>2027-01-17T08:44:17Z</time></wpt>
<wpt lat="46.210410" lon="6.770851"><ele>1392</ele><time>2027-01-17T08:44:19Z</time></wpt>
<wpt lat="46.210378" lon="6.770947"><ele>1392</ele><time>2027-01-17T08:44:21Z</time></wpt>
<wpt lat="46.210346" lon="6.771043"><ele>1392</ele><time>2027-01-17T08:44:23Z</time></wpt>
<wpt lat="46.210314" lon="6.771138"><ele>1392</ele><time>2027-01-17T08:44:25Z</time></wpt>
<wpt lat="46.210282" lon="6.771234"><ele>1392</ele><time>2027-01-17T08:44:27Z</time></wpt>
<wpt lat="46.210250" lon="6.771330"><ele>1438</ele><time>2027-01-17T08:44:29Z</time></wpt>
<wpt lat="46.210217" lon="6.771425"><ele>1438</ele><time>2027-01-17T08:44:31Z</time></wpt>
<wpt lat="46.210185" lon="6.771519"><ele>1438</ele><time>2027-01-17T08:44:33Z</time></wpt>
<wpt lat="46.210152" lon="6.771614"><ele>1438</ele><time>2027-01-17T08:44:35Z</time></wpt>
<wpt lat="46.210119" lon="6.771708"><ele>1438</ele><time>2027-01-17T08:44:37Z</time></wpt>
<wpt lat="46.210086" lon="6.771803"><ele>1438</ele><time>2027-01-17T08:44:39Z</time></wpt>
<wpt lat="46.210054" lon="6.771897"><ele>1438</ele><time>2027-01-17T08:44:41Z</time></wpt>
<wpt lat="46.210021" lon="6.771992"><ele>1438</ele><time>2027-01-17T08:44:43Z</time></wpt>
<wpt lat="46.209988" lon="6.772086"><ele>1438</ele><time>2027-01-17T08:44:45Z</time></wpt>
<wpt lat="46.209955" lon="6.772181"><ele>1438</ele><time>2027-01-17T08:44:47Z</time></wpt>
<wpt lat="46.209923" lon="6.772275"><ele>1438</ele><time>2027-01-17T08:44:49Z</time></wpt>
<wpt lat="46.209890" lon="6.772370"><ele>1438</ele><time>2027-01-17T08:44:51Z</time></wpt>
<wpt lat="46.209857" lon="6.772465"><ele>1438</ele><time>2027-01-17T08:44:53Z</time></wpt>
<wpt lat="46.209825" lon="6.772559"><ele>1438</ele><time>2027-01-17T08:44:56Z</time></wpt>
<wpt lat="46.209792" lon="6.772654"><ele>1438</ele><time>2027-01-17T08:44:58Z</time></wpt>
<wpt lat="46.209759" lon="6.772748"><ele>1438</ele><time>2027-01-17T08:45:00Z</time></wpt>
<wpt lat="46.209726" lon="6.772843"><ele>1438</ele><time>2027-01-17T08:45:02Z</time></wpt>
<wpt lat="46.209694" lon="6.772937"><ele>1438</ele><time>2027-01-17T08:45:04Z</time></wpt>
<wpt lat="46.209661" lon="6.773032"><ele>1438</ele><time>2027-01-17T08:45:06Z</time></wpt>
<wpt lat="46.209628" lon="6.773126"><ele>1438</ele><time>2027-01-17T08:45:08Z</time></wpt>
<wpt lat="46.209595" lon="6.773221"><ele>1438</ele><time>2027-01-17T08:45:10Z</time></wpt>
<wpt lat="46.209563" lon="6.773315"><ele>1438</ele><time>2027-01-17T08:45:12Z</time></wpt>
<wpt lat="46.209530" lon="6.773410"><ele>1475</ele><time>2027-01-17T08:45:14Z</time></wpt>
<wpt lat="46.209495" lon="6.773520"><ele>1475</ele><time>2027-01-17T08:45:16Z</time></wpt>
<wpt lat="46.209460" lon="6.773630"><ele>1478</ele><time>2027-01-17T08:45:18Z</time></wpt>
<wpt lat="46.209426" lon="6.773727"><ele>1478</ele><time>2027-01-17T08:45:21Z</time></wpt>
<wpt lat="46.209392" lon="6.773825"><ele>1478</ele><time>2027-01-17T08:45:23Z</time></wpt>
<wpt lat="46.209359" lon="6.773923"><ele>1478</ele><time>2027-01-17T08:45:25Z</time></wpt>
<wpt lat="46.209325" lon="6.774020"><ele>1478</ele><time>2027-01-17T08:45:27Z</time></wpt>
<wpt lat="46.209291" lon="6.774118"><ele>1478</ele><time>2027-01-17T08:45:29Z</time></wpt>
<wpt lat="46.209257" lon="6.774215"><ele>1478</ele><time>2027-01-17T08:45:31Z</time></wpt>
<wpt lat="46.209224" lon="6.774312"><ele>1478</ele><time>2027-01-17T08:45:33Z</time></wpt>
<wpt lat="46.209190" lon="6.774410"><ele>1478</ele><time>2027-01-17T08:45:35Z</time></wpt>
<wpt lat="46.209156" lon="6.774508"><ele>1478</ele><time>2027-01-17T08:45:37Z</time></wpt>
<wpt lat="46.209122" lon="6.774605"><ele>1478</ele><time>2027-01-17T08:45:39Z</time></wpt>
<wpt lat="46.209089" lon="6.774703"><ele>1478</ele><time>2027-01-17T08:45:42Z</time></wpt>
<wpt lat="46.209055" lon="6.774800"><ele>1478</ele><time>2027-01-17T08:45:44Z</time></wpt>
<wpt lat="46.209021" lon="6.774897"><ele>1478</ele><time>2027-01-17T08:45:46Z</time></wpt>
<wpt lat="46.208987" lon="6.774995"><ele>1478</ele><time>2027-01-17T08:45:48Z</time></wpt>
<wpt lat="46.208954" lon="6.775093"><ele>1478</ele><time>2027-01-17T08:45:50Z</time></wpt>
<wpt lat="46.208920" lon="6.775190"><ele>1501</ele><time>2027-01-17T08:45:52Z</time></wpt>
<wpt lat="46.208886" lon="6.775292"><ele>1501</ele><time>2027-01-17T08:45:54Z</time></wpt>
<wpt lat="46.208852" lon="6.775394"><ele>1501</ele><time>2027-01-17T08:45:56Z</time></wpt>
<wpt lat="46.208818" lon="6.775496"><ele>1501</ele><time>2027-01-17T08:45:59Z</time></wpt>
<wpt lat="46.208784" lon="6.775598"><ele>1501</ele><time>2027-01-17T08:46:01Z</time></wpt>
<wpt lat="46.208750" lon="6.775700"><ele>1501</ele><time>2027-01-17T08:46:03Z</time></wpt>
<wpt lat="46.208716" lon="6.775802"><ele>1501</ele><time>2027-01-17T08:46:05Z</time></wpt>
<wpt lat="46.208682" lon="6.775904"><ele>1501</ele><time>2027-01-17T08:46:07Z</time></wpt>
<wpt lat="46.208648" lon="6.776006"><ele>1501</ele><time>2027-01-17T08:46:09Z</time></wpt>
<wpt lat="46.208614" lon="6.776108"><ele>1501</ele><time>2027-01-17T08:46:12Z</time></wpt>
<wpt lat="46.208580" lon="6.776210"><ele>1510</ele><time>2027-01-17T08:46:14Z</time></wpt>
<wpt lat="46.208546" lon="6.776308"><ele>1510</ele><time>2027-01-17T08:46:16Z</time></wpt>
<wpt lat="46.208512" lon="6.776405"><ele>1510</ele><time>2027-01-17T08:46:18Z</time></wpt>
<wpt lat="46.208478" lon="6.776503"><ele>1510</ele><time>2027-01-17T08:46:20Z</time></wpt>
<wpt lat="46.208445" lon="6.776601"><ele>1510</ele><time>2027-01-17T08:46:22Z</time></wpt>
<wpt lat="46.208411" lon="6.776698"><ele>1510</ele><time>2027-01-17T08:46:24Z</time></wpt>
<wpt lat="46.208377" lon="6.776796"><ele>1510</ele><time>2027-01-17T08:46:26Z</time></wpt>
<wpt lat="46.208343" lon="6.776894"><ele>1510</ele><time>2027-01-17T08:46:29Z</time></wpt>
<wpt lat="46.208309" lon="6.776992"><ele>1510</ele><time>2027-01-17T08:46:31Z</time></wpt>
<wpt lat="46.208275" lon="6.777089"><ele>1510</ele><time>2027-01-17T08:46:33Z</time></wpt>
<wpt lat="46.208242" lon="6.777187"><ele>1510</ele><time>2027-01-17T08:46:35Z</time></wpt>
<wpt lat="46.208208" lon="6.777285"><ele>1510</ele><time>2027-01-17T08:46:37Z</time></wpt>
<wpt lat="46.208174" lon="6.777382"><ele>1510</ele><time>2027-01-17T08:46:39Z</time></wpt>
<wpt lat="46.208140" lon="6.777480"><ele>1517</ele><time>2027-01-17T08:46:41Z</time></wpt>
<wpt lat="46.208095" lon="6.777615"><ele>1517</ele><time>2027-01-17T08:46:44Z</time></wpt>
<wpt lat="46.208050" lon="6.777750"><ele>1517</ele><time>2027-01-17T08:46:47Z</time></wpt>
<wpt lat="46.208017" lon="6.777845"><ele>1517</ele><time>2027-01-17T08:46:49Z</time></wpt>
<wpt lat="46.207985" lon="6.777940"><ele>1517</ele><time>2027-01-17T08:46:51Z</time></wpt>
<wpt lat="46.207953" lon="6.778035"><ele>1517</ele><time>2027-01-17T08:46:53Z</time></wpt>
<wpt lat="46.207920" lon="6.778130"><ele>1518</ele><time>2027-01-17T08:46:55Z</time></wpt>
<wpt lat="46.207700" lon="6.778050"><ele>1512</ele><time>2027-01-17T08:46:58Z</time></wpt>
<wpt lat="46.207840" lon="6.777660"><ele>1512</ele><time>2027-01-17T08:47:01Z</time></wpt>
<wpt lat="46.207890" lon="6.777520"><ele>1512</ele><time>2027-01-17T08:47:02Z</time></wpt>
<wpt lat="46.207977" lon="6.777275"><ele>1512</ele><time>2027-01-17T08:47:04Z</time></wpt>
<wpt lat="46.208063" lon="6.777030"><ele>1512</ele><time>2027-01-17T08:47:06Z</time></wpt>
<wpt lat="46.208150" lon="6.776785"><ele>1512</ele><time>2027-01-17T08:47:09Z</time></wpt>
<wpt lat="46.208237" lon="6.776540"><ele>1512</ele><time>2027-01-17T08:47:11Z</time></wpt>
<wpt lat="46.208323" lon="6.776295"><ele>1512</ele><time>2027-01-17T08:47:13Z</time></wpt>
<wpt lat="46.208410" lon="6.776050"><ele>1507</ele><time>2027-01-17T08:47:15Z</time></wpt>
<wpt lat="46.208410" lon="6.776050"><ele>1507</ele><time>2027-01-17T08:47:15Z</time></wpt>
<wpt lat="46.208480" lon="6.775890"><ele>1506</ele><time>2027-01-17T08:47:16Z</time></wpt>
<wpt lat="46.208560" lon="6.775650"><ele>1505</ele><time>2027-01-17T08:47:18Z</time></wpt>
<wpt lat="46.208570" lon="6.775550"><ele>1504</ele><time>2027-01-17T08:47:19Z</time></wpt>
<wpt lat="46.208570" lon="6.775550"><ele>1504</ele><time>2027-01-17T08:47:19Z</time></wpt>
<wpt lat="46.208740" lon="6.775510"><ele>1504</ele><time>2027-01-17T08:47:21Z</time></wpt>
<wpt lat="46.208830" lon="6.775480"><ele>1504</ele><time>2027-01-17T08:47:22Z</time></wpt>
<wpt lat="46.208880" lon="6.775450"><ele>1504</ele><time>2027-01-17T08:47:23Z</time></wpt>
<wpt lat="46.209000" lon="6.775340"><ele>1503</ele><time>2027-01-17T08:47:24Z</time></wpt>
<wpt lat="46.209060" lon="6.775250"><ele>1502</ele><time>2027-01-17T08:47:25Z</time></wpt>
<wpt lat="46.209080" lon="6.775190"><ele>1501</ele><time>2027-01-17T08:47:26Z</time></wpt>
<wpt lat="46.209090" lon="6.775140"><ele>1501</ele><time>2027-01-17T08:47:26Z</time></wpt>
<wpt lat="46.209090" lon="6.775090"><ele>1500</ele><time>2027-01-17T08:47:27Z</time></wpt>
<wpt lat="46.209090" lon="6.775020"><ele>1499</ele><time>2027-01-17T08:47:27Z</time></wpt>
<wpt lat="46.209080" lon="6.774980"><ele>1498</ele><time>2027-01-17T08:47:27Z</time></wpt>
<wpt lat="46.209090" lon="6.774950"><ele>1498</ele><time>2027-01-17T08:47:28Z</time></wpt>
<wpt lat="46.209100" lon="6.774920"><ele>1498</ele><time>2027-01-17T08:47:28Z</time></wpt>
<wpt lat="46.209110" lon="6.774900"><ele>1497</ele><time>2027-01-17T08:47:28Z</time></wpt>
<wpt lat="46.209130" lon="6.774880"><ele>1497</ele><time>2027-01-17T08:47:28Z</time></wpt>
<wpt lat="46.209150" lon="6.774860"><ele>1496</ele><time>2027-01-17T08:47:29Z</time></wpt>
<wpt lat="46.209280" lon="6.774760"><ele>1494</ele><time>2027-01-17T08:47:30Z</time></wpt>
<wpt lat="46.209310" lon="6.774740"><ele>1494</ele><time>2027-01-17T08:47:31Z</time></wpt>
<wpt lat="46.209340" lon="6.774720"><ele>1494</ele><time>2027-01-17T08:47:31Z</time></wpt>
<wpt lat="46.209360" lon="6.774700"><ele>1493</ele><time>2027-01-17T08:47:31Z</time></wpt>
<wpt lat="46.209370" lon="6.774670"><ele>1493</ele><time>2027-01-17T08:47:32Z</time></wpt>
<wpt lat="46.209510" lon="6.774430"><ele>1488</ele><time>2027-01-17T08:47:34Z</time></wpt>
<wpt lat="46.209530" lon="6.774400"><ele>1487</ele><time>2027-01-17T08:47:34Z</time></wpt>
<wpt lat="46.209550" lon="6.774380"><ele>1487</ele><time>2027-01-17T08:47:35Z</time></wpt>
<wpt lat="46.209560" lon="6.774370"><ele>1487</ele><time>2027-01-17T08:47:35Z</time></wpt>
<wpt lat="46.209590" lon="6.774360"><ele>1486</ele><time>2027-01-17T08:47:35Z</time></wpt>
<wpt lat="46.209590" lon="6.774360"><ele>1486</ele><time>2027-01-17T08:47:35Z</time></wpt>
<wpt lat="46.209610" lon="6.774260"><ele>1484</ele><time>2027-01-17T08:47:36Z</time></wpt>
<wpt lat="46.209630" lon="6.774170"><ele>1482</ele><time>2027-01-17T08:47:37Z</time></wpt>
<wpt lat="46.209650" lon="6.774080"><ele>1481</ele><time>2027-01-17T08:47:37Z</time></wpt>
<wpt lat="46.209670" lon="6.773990"><ele>1479</ele><time>2027-01-17T08:47:38Z</time></wpt>
<wpt lat="46.209680" lon="6.773880"><ele>1477</ele><time>2027-01-17T08:47:39Z</time></wpt>
<wpt lat="46.209690" lon="6.773760"><ele>1475</ele><time>2027-01-17T08:47:40Z</time></wpt>
<wpt lat="46.209690" lon="6.773640"><ele>1474</ele><time>2027-01-17T08:47:41Z</time></wpt>
<wpt lat="46.209690" lon="6.773550"><ele>1473</ele><time>2027-01-17T08:47:41Z</time></wpt>
<wpt lat="46.209680" lon="6.773330"><ele>1472</ele><time>2027-01-17T08:47:43Z</time></wpt>
<wpt lat="46.209670" lon="6.773300"><ele>1472</ele><time>2027-01-17T08:47:43Z</time></wpt>
<wpt lat="46.209660" lon="6.773260"><ele>1472</ele><time>2027-01-17T08:47:44Z</time></wpt>
<wpt lat="46.209660" lon="6.773220"><ele>1472</ele><time>2027-01-17T08:47:44Z</time></wpt>
<wpt lat="46.209670" lon="6.773160"><ele>1471</ele><time>2027-01-17T08:47:44Z</time></wpt>
<wpt lat="46.209680" lon="6.773110"><ele>1471</ele><time>2027-01-17T08:47:45Z</time></wpt>
<wpt lat="46.209730" lon="6.772960"><ele>1469</ele><time>2027-01-17T08:47:46Z</time></wpt>
<wpt lat="46.209770" lon="6.772890"><ele>1468</ele><time>2027-01-17T08:47:47Z</time></wpt>
<wpt lat="46.209800" lon="6.772820"><ele>1467</ele><time>2027-01-17T08:47:47Z</time></wpt>
<wpt lat="46.209970" lon="6.772480"><ele>1461</ele><time>2027-01-17T08:47:51Z</time></wpt>
<wpt lat="46.210080" lon="6.772250"><ele>1456</ele><time>2027-01-17T08:47:53Z</time></wpt>
<wpt lat="46.210120" lon="6.772200"><ele>1454</ele><time>2027-01-17T08:47:53Z</time></wpt>
<wpt lat="46.210245" lon="6.772005"><ele>1454</ele><time>2027-01-17T08:47:56Z</time></wpt>
<wpt lat="46.210370" lon="6.771810"><ele>1441</ele><time>2027-01-17T08:47:58Z</time></wpt>
<wpt lat="46.210400" lon="6.771760"><ele>1439</ele><time>2027-01-17T08:47:58Z</time></wpt>
<wpt lat="46.210430" lon="6.771710"><ele>1437</ele><time>2027-01-17T08:47:59Z</time></wpt>
<wpt lat="46.210640" lon="6.771350"><ele>1426</ele><time>2027-01-17T08:48:02Z</time></wpt>
<wpt lat="46.210670" lon="6.771300"><ele>1425</ele><time>2027-01-17T08:48:03Z</time></wpt>
<wpt lat="46.210920" lon="6.770970"><ele>1414</ele><time>2027-01-17T08:48:06Z</time></wpt>
<wpt lat="46.210950" lon="6.770930"><ele>1413</ele><time>2027-01-17T08:48:07Z</time></wpt>
<wpt lat="46.210970" lon="6.770880"><ele>1411</ele><time>2027-01-17T08:48:07Z</time></wpt>
<wpt lat="46.211180" lon="6.770540"><ele>1402</ele><time>2027-01-17T08:48:11Z</time></wpt>
<wpt lat="46.211210" lon="6.770490"><ele>1400</ele><time>2027-01-17T08:48:11Z</time></wpt>
<wpt lat="46.211240" lon="6.770460"><ele>1399</ele><time>2027-01-17T08:48:12Z</time></wpt>
<wpt lat="46.211280" lon="6.770430"><ele>1398</ele><time>2027-01-17T08:48:12Z</time></wpt>
<wpt lat="46.211310" lon="6.770400"><ele>1397</ele><time>2027-01-17T08:48:13Z</time></wpt>
<wpt lat="46.211350" lon="6.770370"><ele>1396</ele><time>2027-01-17T08:48:13Z</time></wpt>
<wpt lat="46.211565" lon="6.770250"><ele>1396</ele><time>2027-01-17T08:48:16Z</time></wpt>
<wpt lat="46.211780" lon="6.770130"><ele>1384</ele><time>2027-01-17T08:48:18Z</time></wpt>
<wpt lat="46.211810" lon="6.770120"><ele>1384</ele><time>2027-01-17T08:48:19Z</time></wpt>
<wpt lat="46.211840" lon="6.770100"><ele>1383</ele><time>2027-01-17T08:48:19Z</time></wpt>
<wpt lat="46.211860" lon="6.770080"><ele>1382</ele><time>2027-01-17T08:48:19Z</time></wpt>
<wpt lat="46.211880" lon="6.770050"><ele>1381</ele><time>2027-01-17T08:48:20Z</time></wpt>
<wpt lat="46.212080" lon="6.769770"><ele>1375</ele><time>2027-01-17T08:48:23Z</time></wpt>
<wpt lat="46.212090" lon="6.769750"><ele>1374</ele><time>2027-01-17T08:48:23Z</time></wpt>
<wpt lat="46.212110" lon="6.769720"><ele>1373</ele><time>2027-01-17T08:48:23Z</time></wpt>
<wpt lat="46.212130" lon="6.769690"><ele>1373</ele><time>2027-01-17T08:48:24Z</time></wpt>
<wpt lat="46.212200" lon="6.769520"><ele>1370</ele><time>2027-01-17T08:48:25Z</time></wpt>
<wpt lat="46.212210" lon="6.769490"><ele>1369</ele><time>2027-01-17T08:48:25Z</time></wpt>
<wpt lat="46.212220" lon="6.769450"><ele>1368</ele><time>2027-01-17T08:48:26Z</time></wpt>
<wpt lat="46.212230" lon="6.769410"><ele>1368</ele><time>2027-01-17T08:48:26Z</time></wpt>
<wpt lat="46.212240" lon="6.769370"><ele>1367</ele><time>2027-01-17T08:48:26Z</time></wpt>
<wpt lat="46.212250" lon="6.769340"><ele>1366</ele><time>2027-01-17T08:48:27Z</time></wpt>
<wpt lat="46.212250" lon="6.769290"><ele>1366</ele><time>2027-01-17T08:48:27Z</time></wpt>
<wpt lat="46.212260" lon="6.769260"><ele>1365</ele><time>2027-01-17T08:48:27Z</time></wpt>
<wpt lat="46.212270" lon="6.769120"><ele>1363</ele><time>2027-01-17T08:48:28Z</time></wpt>
<wpt lat="46.212280" lon="6.768870"><ele>1358</ele><time>2027-01-17T08:48:30Z</time></wpt>
<wpt lat="46.212290" lon="6.768800"><ele>1357</ele><time>2027-01-17T08:48:31Z</time></wpt>
<wpt lat="46.212290" lon="6.768740"><ele>1355</ele><time>2027-01-17T08:48:31Z</time></wpt>
<wpt lat="46.212300" lon="6.768660"><ele>1353</ele><time>2027-01-17T08:48:32Z</time></wpt>
<wpt lat="46.212300" lon="6.768520"><ele>1350</ele><time>2027-01-17T08:48:33Z</time></wpt>
<wpt lat="46.212300" lon="6.768440"><ele>1348</ele><time>2027-01-17T08:48:34Z</time></wpt>
<wpt lat="46.212300" lon="6.768370"><ele>1346</ele><time>2027-01-17T08:48:34Z</time></wpt>
<wpt lat="46.212300" lon="6.768300"><ele>1344</ele><time>2027-01-17T08:48:35Z</time></wpt>
<wpt lat="46.212290" lon="6.768220"><ele>1342</ele><time>2027-01-17T08:48:35Z</time></wpt>
<wpt lat="46.212290" lon="6.768130"><ele>1340</ele><time>2027-01-17T08:48:36Z</time></wpt>
<wpt lat="46.212280" lon="6.768060"><ele>1338</ele><time>2027-01-17T08:48:36Z</time></wpt>
<wpt lat="46.212270" lon="6.767990"><ele>1336</ele><time>2027-01-17T08:48:37Z</time></wpt>
<wpt lat="46.212250" lon="6.767920"><ele>1334</ele><time>2027-01-17T08:48:38Z</time></wpt>
<wpt lat="46.212230" lon="6.767850"><ele>1332</ele><time>2027-01-17T08:48:38Z</time></wpt>
<wpt lat="46.212200" lon="6.767780"><ele>1330</ele><time>2027-01-17T08:48:39Z</time></wpt>
<wpt lat="46.212170" lon="6.767720"><ele>1328</ele><time>2027-01-17T08:48:39Z</time></wpt>
<wpt lat="46.212140" lon="6.767670"><ele>1327</ele><time>2027-01-17T08:48:40Z</time></wpt>
<wpt lat="46.212110" lon="6.767640"><ele>1326</ele><time>2027-01-17T08:48:40Z</time></wpt>
<wpt lat="46.212080" lon="6.767610"><ele>1325</ele><time>2027-01-17T08:48:41Z</time></wpt>
<wpt lat="46.211900" lon="6.767480"><ele>1323</ele><time>2027-01-17T08:48:43Z</time></wpt>
<wpt lat="46.211780" lon="6.767400"><ele>1322</ele><time>2027-01-17T08:48:44Z</time></wpt>
<wpt lat="46.211730" lon="6.767350"><ele>1321</ele><time>2027-01-17T08:48:45Z</time></wpt>
<wpt lat="46.211690" lon="6.767310"><ele>1320</ele><time>2027-01-17T08:48:46Z</time></wpt>
<wpt lat="46.211520" lon="6.767080"><ele>1314</ele><time>2027-01-17T08:48:48Z</time></wpt>
<wpt lat="46.211490" lon="6.767040"><ele>1313</ele><time>2027-01-17T08:48:49Z</time></wpt>
<wpt lat="46.211470" lon="6.767020"><ele>1312</ele><time>2027-01-17T08:48:49Z</time></wpt>
<wpt lat="46.211450" lon="6.766980"><ele>1311</ele><time>2027-01-17T08:48:49Z</time></wpt>
<wpt lat="46.211430" lon="6.766940"><ele>1310</ele><time>2027-01-17T08:48:50Z</time></wpt>
<wpt lat="46.211410" lon="6.766900"><ele>1309</ele><time>2027-01-17T08:48:50Z</time></wpt>
<wpt lat="46.211400" lon="6.766860"><ele>1307</ele><time>2027-01-17T08:48:50Z</time></wpt>
<wpt lat="46.211380" lon="6.766810"><ele>1306</ele><time>2027-01-17T08:48:51Z</time></wpt>
<wpt lat="46.211370" lon="6.766770"><ele>1305</ele><time>2027-01-17T08:48:51Z</time></wpt>
<wpt lat="46.211360" lon="6.766720"><ele>1303</ele><time>2027-01-17T08:48:52Z</time></wpt>
<wpt lat="46.211360" lon="6.766660"><ele>1301</ele><time>2027-01-17T08:48:52Z</time></wpt>
<wpt lat="46.211360" lon="6.766610"><ele>1299</ele><time>2027-01-17T08:48:52Z</time></wpt>
<wpt lat="46.211370" lon="6.766570"><ele>1297</ele><time>2027-01-17T08:48:53Z</time></wpt>
<wpt lat="46.211380" lon="6.766540"><ele>1296</ele><time>2027-01-17T08:48:53Z</time></wpt>
<wpt lat="46.211390" lon="6.766510"><ele>1295</ele><time>2027-01-17T08:48:53Z</time></wpt>
<wpt lat="46.211410" lon="6.766480"><ele>1293</ele><time>2027-01-17T08:48:54Z</time></wpt>
<wpt lat="46.211450" lon="6.766440"><ele>1291</ele><time>2027-01-17T08:48:54Z</time></wpt>
<wpt lat="46.211470" lon="6.766400"><ele>1289</ele><time>2027-01-17T08:48:55Z</time></wpt>
<wpt lat="46.211500" lon="6.766370"><ele>1288</ele><time>2027-01-17T08:48:55Z</time></wpt>
<wpt lat="46.211530" lon="6.766330"><ele>1286</ele><time>2027-01-17T08:48:55Z</time></wpt>
<wpt lat="46.211550" lon="6.766290"><ele>1285</ele><time>2027-01-17T08:48:56Z</time></wpt>
<wpt lat="46.211570" lon="6.766250"><ele>1283</ele><time>2027-01-17T08:48:56Z</time></wpt>
<wpt lat="46.211590" lon="6.766210"><ele>1282</ele><time>2027-01-17T08:48:57Z</time></wpt>
<wpt lat="46.211600" lon="6.766180"><ele>1281</ele><time>2027-01-17T08:48:57Z</time></wpt>
<wpt lat="46.211780" lon="6.765770"><ele>1270</ele><time>2027-01-17T08:49:01Z</time></wpt>
<wpt lat="46.211800" lon="6.765730"><ele>1269</ele><time>2027-01-17T08:49:01Z</time></wpt>
<wpt lat="46.211820" lon="6.765680"><ele>1268</ele><time>2027-01-17T08:49:01Z</time></wpt>
<wpt lat="46.211830" lon="6.765630"><ele>1267</ele><time>2027-01-17T08:49:02Z</time></wpt>
<wpt lat="46.211850" lon="6.765560"><ele>1265</ele><time>2027-01-17T08:49:02Z</time></wpt>
<wpt lat="46.211970" lon="6.765110"><ele>1258</ele><time>2027-01-17T08:49:06Z</time></wpt>
<wpt lat="46.211990" lon="6.765050"><ele>1257</ele><time>2027-01-17T08:49:07Z</time></wpt>
<wpt lat="46.212010" lon="6.764980"><ele>1256</ele><time>2027-01-17T08:49:07Z</time></wpt>
<wpt lat="46.212020" lon="6.764930"><ele>1255</ele><time>2027-01-17T08:49:08Z</time></wpt>
<wpt lat="46.212040" lon="6.764880"><ele>1254</ele><time>2027-01-17T08:49:08Z</time></wpt>
<wpt lat="46.212050" lon="6.764840"><ele>1253</ele><time>2027-01-17T08:49:08Z</time></wpt>
<wpt lat="46.212130" lon="6.764650"><ele>1250</ele><time>2027-01-17T08:49:10Z</time></wpt>
<wpt lat="46.212160" lon="6.764580"><ele>1248</ele><time>2027-01-17T08:49:11Z</time></wpt>
<wpt lat="46.212180" lon="6.764520"><ele>1247</ele><time>2027-01-17T08:49:11Z</time></wpt>
<wpt lat="46.212370" lon="6.764110"><ele>1239</ele><time>2027-01-17T08:49:15Z</time></wpt>
<wpt lat="46.212390" lon="6.764070"><ele>1239</ele><time>2027-01-17T08:49:15Z</time></wpt>
<wpt lat="46.212420" lon="6.764010"><ele>1237</ele><time>2027-01-17T08:49:16Z</time></wpt>
<wpt lat="46.212450" lon="6.763950"><ele>1236</ele><time>2027-01-17T08:49:16Z</time></wpt>
<wpt lat="46.212470" lon="6.763890"><ele>1235</ele><time>2027-01-17T08:49:17Z</time></wpt>
<wpt lat="46.212557" lon="6.763657"><ele>1235</ele><time>2027-01-17T08:49:19Z</time></wpt>
<wpt lat="46.212643" lon="6.763423"><ele>1235</ele><time>2027-01-17T08:49:21Z</time></wpt>
<wpt lat="46.212730" lon="6.763190"><ele>1226</ele><time>2027-01-17T08:49:23Z</time></wpt>
<wpt lat="46.212750" lon="6.763140"><ele>1226</ele><time>2027-01-17T08:49:24Z</time></wpt>
<wpt lat="46.212780" lon="6.763100"><ele>1225</ele><time>2027-01-17T08:49:24Z</time></wpt>
<wpt lat="46.212810" lon="6.763070"><ele>1225</ele><time>2027-01-17T08:49:24Z</time></wpt>
<wpt lat="46.212840" lon="6.763050"><ele>1224</ele><time>2027-01-17T08:49:25Z</time></wpt>
<wpt lat="46.212880" lon="6.763030"><ele>1224</ele><time>2027-01-17T08:49:25Z</time></wpt>
<wpt lat="46.212920" lon="6.763000"><ele>1224</ele><time>2027-01-17T08:49:26Z</time></wpt>
<wpt lat="46.212950" lon="6.762980"><ele>1224</ele><time>2027-01-17T08:49:26Z</time></wpt>
<wpt lat="46.212990" lon="6.762950"><ele>1223</ele><time>2027-01-17T08:49:27Z</time></wpt>
<wpt lat="46.213020" lon="6.762920"><ele>1223</ele><time>2027-01-17T08:49:27Z</time></wpt>
<wpt lat="46.213060" lon="6.762870"><ele>1223</ele><time>2027-01-17T08:49:28Z</time></wpt>
<wpt lat="46.213090" lon="6.762830"><ele>1222</ele><time>2027-01-17T08:49:28Z</time></wpt>
<wpt lat="46.213120" lon="6.762790"><ele>1222</ele><time>2027-01-17T08:49:29Z</time></wpt>
<wpt lat="46.213180" lon="6.762670"><ele>1221</ele><time>2027-01-17T08:49:30Z</time></wpt>
<wpt lat="46.213020" lon="6.762690"><ele>1222</ele><time>2027-01-17T08:49:31Z</time></wpt>
<wpt lat="46.213092" lon="6.762448"><ele>1222</ele><time>2027-01-17T08:49:33Z</time></wpt>
<wpt lat="46.213163" lon="6.762207"><ele>1222</ele><time>2027-01-17T08:49:35Z</time></wpt>
<wpt lat="46.213235" lon="6.761965"><ele>1222</ele><time>2027-01-17T08:49:37Z</time></wpt>
<wpt lat="46.213307" lon="6.761723"><ele>1222</ele><time>2027-01-17T08:49:40Z</time></wpt>
<wpt lat="46.213378" lon="6.761482"><ele>1222</ele><time>2027-01-17T08:49:42Z</time></wpt>
<wpt lat="46.213450" lon="6.761240"><ele>1218</ele><time>2027-01-17T08:49:44Z</time></wpt>
<wpt lat="46.213530" lon="6.761000"><ele>1218</ele><time>2027-01-17T08:49:46Z</time></wpt>
<wpt lat="46.213610" lon="6.760760"><ele>1216</ele><time>2027-01-17T08:49:48Z</time></wpt>
<wpt lat="46.213630" lon="6.760730"><ele>1216</ele><time>2027-01-17T08:49:48Z</time></wpt>
<wpt lat="46.213640" lon="6.760720"><ele>1216</ele><time>2027-01-17T08:49:48Z</time></wpt>
<wpt lat="46.213660" lon="6.760700"><ele>1215</ele><time>2027-01-17T08:49:48Z</time></wpt>
<wpt lat="46.213690" lon="6.760690"><ele>1215</ele><time>2027-01-17T08:49:49Z</time></wpt>
<wpt lat="46.213700" lon="6.760680"><ele>1215</ele><time>2027-01-17T08:49:49Z</time></wpt>
<wpt lat="46.213720" lon="6.760700"><ele>1214</ele><time>2027-01-17T08:49:49Z</time></wpt>
<wpt lat="46.213740" lon="6.760740"><ele>1214</ele><time>2027-01-17T08:49:50Z</time></wpt>
<wpt lat="46.213750" lon="6.760760"><ele>1214</ele><time>2027-01-17T08:49:50Z</time></wpt>
<wpt lat="46.213760" lon="6.760820"><ele>1214</ele><time>2027-01-17T08:49:50Z</time></wpt>
<wpt lat="46.213780" lon="6.760990"><ele>1214</ele><time>2027-01-17T08:50:52Z</time></wpt>
<wpt lat="46.213743" lon="6.761095"><ele>1214</ele><time>2027-01-17T08:50:54Z</time></wpt>
<wpt lat="46.213705" lon="6.761200"><ele>1214</ele><time>2027-01-17T08:50:56Z</time></wpt>
<wpt lat="46.213667" lon="6.761305"><ele>1214</ele><time>2027-01-17T08:50:58Z</time></wpt>
<wpt lat="46.213630" lon="6.761410"><ele>1216</ele><time>2027-01-17T08:51:01Z</time></wpt>
<wpt lat="46.213594" lon="6.761518"><ele>1216</ele><time>2027-01-17T08:51:03Z</time></wpt>
<wpt lat="46.213558" lon="6.761626"><ele>1216</ele><time>2027-01-17T08:51:05Z</time></wpt>
<wpt lat="46.213522" lon="6.761734"><ele>1216</ele><time>2027-01-17T08:51:08Z</time></wpt>
<wpt lat="46.213486" lon="6.761842"><ele>1216</ele><time>2027-01-17T08:51:10Z</time></wpt>
<wpt lat="46.213450" lon="6.761950"><ele>1218</ele><time>2027-01-17T08:51:12Z</time></wpt>
<wpt lat="46.213416" lon="6.762048"><ele>1218</ele><time>2027-01-17T08:51:14Z</time></wpt>
<wpt lat="46.213383" lon="6.762146"><ele>1218</ele><time>2027-01-17T08:51:16Z</time></wpt>
<wpt lat="46.213349" lon="6.762244"><ele>1218</ele><time>2027-01-17T08:51:18Z</time></wpt>
<wpt lat="46.213316" lon="6.762341"><ele>1218</ele><time>2027-01-17T08:51:21Z</time></wpt>
<wpt lat="46.213282" lon="6.762439"><ele>1218</ele><time>2027-01-17T08:51:23Z</time></wpt>
<wpt lat="46.213249" lon="6.762537"><ele>1218</ele><time>2027-01-17T08:51:25Z</time></wpt>
<wpt lat="46.213215" lon="6.762635"><ele>1218</ele><time>2027-01-17T08:51:27Z</time></wpt>
<wpt lat="46.213181" lon="6.762733"><ele>1218</ele><time>2027-01-17T08:51:29Z</time></wpt>
<wpt lat="46.213148" lon="6.762831"><ele>1218</ele><time>2027-01-17T08:51:31Z</time></wpt>
<wpt lat="46.213114" lon="6.762929"><ele>1218</ele><time>2027-01-17T08:51:33Z</time></wpt>
<wpt lat="46.213081" lon="6.763026"><ele>1218</ele><time>2027-01-17T08:51:35Z</time></wpt>
<wpt lat="46.213047" lon="6.763124"><ele>1218</ele><time>2027-01-17T08:51:37Z</time></wpt>
<wpt lat="46.213014" lon="6.763222"><ele>1218</ele><time>2027-01-17T08:51:39Z</time></wpt>
<wpt lat="46.212980" lon="6.763320"><ele>1226</ele><time>2027-01-17T08:51:42Z</time></wpt>
<wpt lat="46.212947" lon="6.763416"><ele>1226</ele><time>2027-01-17T08:51:44Z</time></wpt>
<wpt lat="46.212914" lon="6.763512"><ele>1226</ele><time>2027-01-17T08:51:46Z</time></wpt>
<wpt lat="46.212882" lon="6.763608"><ele>1226</ele><time>2027-01-17T08:51:48Z</time></wpt>
<wpt lat="46.212849" lon="6.763704"><ele>1226</ele><time>2027-01-17T08:51:50Z</time></wpt>
<wpt lat="46.212816" lon="6.763801"><ele>1226</ele><time>2027-01-17T08:51:52Z</time></wpt>
<wpt lat="46.212783" lon="6.763897"><ele>1226</ele><time>2027-01-17T08:51:54Z</time></wpt>
<wpt lat="46.212751" lon="6.763993"><ele>1226</ele><time>2027-01-17T08:51:56Z</time></wpt>
<wpt lat="46.212718" lon="6.764089"><ele>1226</ele><time>2027-01-17T08:51:58Z</time></wpt>
<wpt lat="46.212685" lon="6.764185"><ele>1226</ele><time>2027-01-17T08:52:00Z</time></wpt>
<wpt lat="46.212652" lon="6.764281"><ele>1226</ele><time>2027-01-17T08:52:02Z</time></wpt>
<wpt lat="46.212619" lon="6.764377"><ele>1226</ele><time>2027-01-17T08:52:04Z</time></wpt>
<wpt lat="46.212587" lon="6.764473"><ele>1226</ele><time>2027-01-17T08:52:06Z</time></wpt>
<wpt lat="46.212554" lon="6.764569"><ele>1226</ele><time>2027-01-17T08:52:08Z</time></wpt>
<wpt lat="46.212521" lon="6.764666"><ele>1226</ele><time>2027-01-17T08:52:10Z</time></wpt>
<wpt lat="46.212488" lon="6.764762"><ele>1226</ele><time>2027-01-17T08:52:12Z</time></wpt>
<wpt lat="46.212456" lon="6.764858"><ele>1226</ele><time>2027-01-17T08:52:15Z</time></wpt>
<wpt lat="46.212423" lon="6.764954"><ele>1226</ele><time>2027-01-17T08:52:17Z</time></wpt>
<wpt lat="46.212390" lon="6.765050"><ele>1255</ele><time>2027-01-17T08:52:19Z</time></wpt>
<wpt lat="46.212357" lon="6.765144"><ele>1255</ele><time>2027-01-17T08:52:21Z</time></wpt>
<wpt lat="46.212325" lon="6.765239"><ele>1255</ele><time>2027-01-17T08:52:23Z</time></wpt>
<wpt lat="46.212292" lon="6.765333"><ele>1255</ele><time>2027-01-17T08:52:25Z</time></wpt>
<wpt lat="46.212260" lon="6.765428"><ele>1255</ele><time>2027-01-17T08:52:27Z</time></wpt>
<wpt lat="46.212227" lon="6.765522"><ele>1255</ele><time>2027-01-17T08:52:29Z</time></wpt>
<wpt lat="46.212195" lon="6.765617"><ele>1255</ele><time>2027-01-17T08:52:31Z</time></wpt>
<wpt lat="46.212162" lon="6.765711"><ele>1255</ele><time>2027-01-17T08:52:33Z</time></wpt>
<wpt lat="46.212130" lon="6.765806"><ele>1255</ele><time>2027-01-17T08:52:35Z</time></wpt>
<wpt lat="46.212097" lon="6.765900"><ele>1255</ele><time>2027-01-17T08:52:37Z</time></wpt>
<wpt lat="46.212065" lon="6.765994"><ele>1255</ele><time>2027-01-17T08:52:39Z</time></wpt>
<wpt lat="46.212032" lon="6.766089"><ele>1255</ele><time>2027-01-17T08:52:41Z</time></wpt>
<wpt lat="46.212000" lon="6.766183"><ele>1255</ele><time>2027-01-17T08:52:43Z</time></wpt>
<wpt lat="46.211968" lon="6.766278"><ele>1255</ele><time>2027-01-17T08:52:45Z</time></wpt>
<wpt lat="46.211935" lon="6.766372"><ele>1255</ele><time>2027-01-17T08:52:47Z</time></wpt>
<wpt lat="46.211903" lon="6.766467"><ele>1255</ele><time>2027-01-17T08:52:49Z</time></wpt>
<wpt lat="46.211870" lon="6.766561"><ele>1255</ele><time>2027-01-17T08:52:51Z</time></wpt>
<wpt lat="46.211838" lon="6.766656"><ele>1255</ele><time>2027-01-17T08:52:53Z</time></wpt>
<wpt lat="46.211805" lon="6.766750"><ele>1255</ele><time>2027-01-17T08:52:55Z</time></wpt>
<wpt lat="46.211772" lon="6.766844"><ele>1255</ele><time>2027-01-17T08:52:57Z</time></wpt>
<wpt lat="46.211740" lon="6.766939"><ele>1255</ele><time>2027-01-17T08:52:59Z</time></wpt>
<wpt lat="46.211707" lon="6.767033"><ele>1255</ele><time>2027-01-17T08:53:01Z</time></wpt>
<wpt lat="46.211675" lon="6.767128"><ele>1255</ele><time>2027-01-17T08:53:03Z</time></wpt>
<wpt lat="46.211642" lon="6.767222"><ele>1255</ele><time>2027-01-17T08:53:05Z</time></wpt>
<wpt lat="46.211610" lon="6.767317"><ele>1255</ele><time>2027-01-17T08:53:07Z</time></wpt>
<wpt lat="46.211577" lon="6.767411"><ele>1255</ele><time>2027-01-17T08:53:09Z</time></wpt>
<wpt lat="46.211545" lon="6.767506"><ele>1255</ele><time>2027-01-17T08:53:11Z</time></wpt>
<wpt lat="46.211512" lon="6.767600"><ele>1255</ele><time>2027-01-17T08:53:13Z</time></wpt>
<wpt lat="46.211480" lon="6.767694"><ele>1255</ele><time>2027-01-17T08:53:15Z</time></wpt>
<wpt lat="46.211447" lon="6.767789"><ele>1255</ele><time>2027-01-17T08:53:18Z</time></wpt>
<wpt lat="46.211415" lon="6.767883"><ele>1255</ele><time>2027-01-17T08:53:20Z</time></wpt>
<wpt lat="46.211382" lon="6.767978"><ele>1255</ele><time>2027-01-17T08:53:22Z</time></wpt>
<wpt lat="46.211350" lon="6.768072"><ele>1255</ele><time>2027-01-17T08:53:24Z</time></wpt>
<wpt lat="46.211317" lon="6.768167"><ele>1255</ele><time>2027-01-17T08:53:26Z</time></wpt>
<wpt lat="46.211285" lon="6.768261"><ele>1255</ele><time>2027-01-17T08:53:28Z</time></wpt>
<wpt lat="46.211253" lon="6.768356"><ele>1255</ele><time>2027-01-17T08:53:30Z</time></wpt>
<wpt lat="46.211220" lon="6.768450"><ele>1373</ele><time>2027-01-17T08:53:32Z</time></wpt>
<wpt lat="46.211187" lon="6.768547"><ele>1373</ele><time>2027-01-17T08:53:34Z</time></wpt>
<wpt lat="46.211153" lon="6.768643"><ele>1373</ele><time>2027-01-17T08:53:36Z</time></wpt>
<wpt lat="46.211120" lon="6.768740"><ele>1373</ele><time>2027-01-17T08:53:38Z</time></wpt>
<wpt lat="46.211087" lon="6.768837"><ele>1373</ele><time>2027-01-17T08:53:40Z</time></wpt>
<wpt lat="46.211053" lon="6.768933"><ele>1373</ele><time>2027-01-17T08:53:42Z</time></wpt>
<wpt lat="46.211020" lon="6.769030"><ele>1392</ele><time>2027-01-17T08:53:44Z</time></wpt>
<wpt lat="46.210988" lon="6.769126"><ele>1392</ele><time>2027-01-17T08:53:46Z</time></wpt>
<wpt lat="46.210956" lon="6.769222"><ele>1392</ele><time>2027-01-17T08:53:48Z</time></wpt>
<wpt lat="46.210924" lon="6.769317"><ele>1392</ele><time>2027-01-17T08:53:50Z</time></wpt>
<wpt lat="46.210892" lon="6.769413"><ele>1392</ele><time>2027-01-17T08:53:52Z</time></wpt>
<wpt lat="46.210860" lon="6.769509"><ele>1392</ele><time>2027-01-17T08:53:54Z</time></wpt>
<wpt lat="46.210828" lon="6.769605"><ele>1392</ele><time>2027-01-17T08:53:56Z</time></wpt>
<wpt lat="46.210795" lon="6.769701"><ele>1392</ele><time>2027-01-17T08:53:59Z</time></wpt>
<wpt lat="46.210763" lon="6.769797"><ele>1392</ele><time>2027-01-17T08:54:01Z</time></wpt>
<wpt lat="46.210731" lon="6.769893"><ele>1392</ele><time>2027-01-17T08:54:03Z</time></wpt>
<wpt lat="46.210699" lon="6.769988"><ele>1392</ele><time>2027-01-17T08:54:05Z</time></wpt>
<wpt lat="46.210667" lon="6.770084"><ele>1392</ele><time>2027-01-17T08:54:07Z</time></wpt>
<wpt lat="46.210635" lon="6.770180"><ele>1392</ele><time>2027-01-17T08:54:09Z</time></wpt>
<wpt lat="46.210603" lon="6.770276"><ele>1392</ele><time>2027-01-17T08:54:11Z</time></wpt>
<wpt lat="46.210571" lon="6.770372"><ele>1392</ele><time>2027-01-17T08:54:13Z</time></wpt>
<wpt lat="46.210539" lon="6.770467"><ele>1392</ele><time>2027-01-17T08:54:15Z</time></wpt>
<wpt lat="46.210507" lon="6.770563"><ele>1392</ele><time>2027-01-17T08:54:17Z</time></wpt>
<wpt lat="46.210475" lon="6.770659"><ele>1392</ele><time>2027-01-17T08:54:19Z</time></wpt>
<wpt lat="46.210442" lon="6.770755"><ele>1392</ele><time>2027-01-17T08:54:21Z</time></wpt>
<wpt lat="46.210410" lon="6.770851"><ele>1392</ele><time>2027-01-17T08:54:23Z</time></wpt>
<wpt lat="46.210378" lon="6.770947"><ele>1392</ele><time>2027-01-17T08:54:25Z</time></wpt>
<wpt lat="46.210346" lon="6.771043"><ele>1392</ele><time>2027-01-17T08:54:27Z</time></wpt>
<wpt lat="46.210314" lon="6.771138"><ele>1392</ele><time>2027-01-17T08:54:29Z</time></wpt>
<wpt lat="46.210282" lon="6.771234"><ele>1392</ele><time>2027-01-17T08:54:31Z</time></wpt>
<wpt lat="46.210250" lon="6.771330"><ele>1438</ele><time>2027-01-17T08:54:33Z</time></wpt>
<wpt lat="46.210217" lon="6.771425"><ele>1438</ele><time>2027-01-17T08:54:35Z</time></wpt>
<wpt lat="46.210185" lon="6.771519"><ele>1438</ele><time>2027-01-17T08:54:37Z</time></wpt>
<wpt lat="46.210152" lon="6.771614"><ele>1438</ele><time>2027-01-17T08:54:39Z</time></wpt>
<wpt lat="46.210119" lon="6.771708"><ele>1438</ele><time>2027-01-17T08:54:41Z</time></wpt>
<wpt lat="46.210086" lon="6.771803"><ele>1438</ele><time>2027-01-17T08:54:44Z</time></wpt>
<wpt lat="46.210054" lon="6.771897"><ele>1438</ele><time>2027-01-17T08:54:46Z</time></wpt>
<wpt lat="46.210021" lon="6.771992"><ele>1438</ele><time>2027-01-17T08:54:48Z</time></wpt>
<wpt lat="46.209988" lon="6.772086"><ele>1438</ele><time>2027-01-17T08:54:50Z</time></wpt>
<wpt lat="46.209955" lon="6.772181"><ele>1438</ele><time>2027-01-17T08:54:52Z</time></wpt>
<wpt lat="46.209923" lon="6.772275"><ele>1438</ele><time>2027-01-17T08:54:54Z</time></wpt>
<wpt lat="46.209890" lon="6.772370"><ele>1438</ele><time>2027-01-17T08:54:56Z</time></wpt>
<wpt lat="46.209857" lon="6.772465"><ele>1438</ele><time>2027-01-17T08:54:58Z</time></wpt>
<wpt lat="46.209825" lon="6.772559"><ele>1438</ele><time>2027-01-17T08:55:00Z</time></wpt>
<wpt lat="46.209792" lon="6.772654"><ele>1438</ele><time>2027-01-17T08:55:02Z</time></wpt>
<wpt lat="46.209759" lon="6.772748"><ele>1438</ele><time>2027-01-17T08:55:04Z</time></wpt>
<wpt lat="46.209726" lon="6.772843"><ele>1438</ele><time>2027-01-17T08:55:06Z</time></wpt>
<wpt lat="46.209694" lon="6.772937"><ele>1438</ele><time>2027-01-17T08:55:08Z</time></wpt>
<wpt lat="46.209661" lon="6.773032"><ele>1438</ele><time>2027-01-17T08:55:10Z</time></wpt>
<wpt lat="46.209628" lon="6.773126"><ele>1438</ele><time>2027-01-17T08:55:12Z</time></wpt>
<wpt lat="46.209595" lon="6.773221"><ele>1438</ele><time>2027-01-17T08:55:14Z</time></wpt>
<wpt lat="46.209563" lon="6.773315"><ele>1438</ele><time>2027-01-17T08:55:16Z</time></wpt>
<wpt lat="46.209530" lon="6.773410"><ele>1475</ele><time>2027-01-17T08:55:18Z</time></wpt>
<wpt lat="46.209495" lon="6.773520"><ele>1475</ele><time>2027-01-17T08:55:20Z</time></wpt>
<wpt lat="46.209460" lon="6.773630"><ele>1478</ele><time>2027-01-17T08:55:23Z</time></wpt>
<wpt lat="46.209426" lon="6.773727"><ele>1478</ele><time>2027-01-17T08:55:25Z</time></wpt>
<wpt lat="46.209392" lon="6.773825"><ele>1478</ele><time>2027-01-17T08:55:27Z</time></wpt>
<wpt lat="46.209359" lon="6.773923"><ele>1478</ele><time>2027-01-17T08:55:29Z</time></wpt>
<wpt lat="46.209325" lon="6.774020"><ele>1478</ele><time>2027-01-17T08:55:31Z</time></wpt>
<wpt lat="46.209291" lon="6.774118"><ele>1478</ele><time>2027-01-17T08:55:33Z</time></wpt>
<wpt lat="46.209257" lon="6.774215"><ele>1478</ele><time>2027-01-17T08:55:35Z</time></wpt>
<wpt lat="46.209224" lon="6.774312"><ele>1478</ele><time>2027-01-17T08:55:37Z</time></wpt>
<wpt lat="46.209190" lon="6.774410"><ele>1478</ele><time>2027-01-17T08:55:40Z</time></wpt>
<wpt lat="46.209156" lon="6.774508"><ele>1478</ele><time>2027-01-17T08:55:42Z</time></wpt>
<wpt lat="46.209122" lon="6.774605"><ele>1478</ele><time>2027-01-17T08:55:44Z</time></wpt>
<wpt lat="46.209089" lon="6.774703"><ele>1478</ele><time>2027-01-17T08:55:46Z</time></wpt>
<wpt lat="46.209055" lon="6.774800"><ele>1478</ele><time>2027-01-17T08:55:48Z</time></wpt>
<wpt lat="46.209021" lon="6.774897"><ele>1478</ele><time>2027-01-17T08:55:50Z</time></wpt>
<wpt lat="46.208987" lon="6.774995"><ele>1478</ele><time>2027-01-17T08:55:52Z</time></wpt>
<wpt lat="46.208954" lon="6.775093"><ele>1478</ele><time>2027-01-17T08:55:54Z</time></wpt>
<wpt lat="46.208920" lon="6.775190"><ele>1501</ele><time>2027-01-17T08:55:56Z</time></wpt>
<wpt lat="46.208886" lon="6.775292"><ele>1501</ele><time>2027-01-17T08:55:59Z</time></wpt>
<wpt lat="46.208852" lon="6.775394"><ele>1501</ele><time>2027-01-17T08:56:01Z</time></wpt>
<wpt lat="46.208818" lon="6.775496"><ele>1501</ele><time>2027-01-17T08:56:03Z</time></wpt>
<wpt lat="46.208784" lon="6.775598"><ele>1501</ele><time>2027-01-17T08:56:05Z</time></wpt>
<wpt lat="46.208750" lon="6.775700"><ele>1501</ele><time>2027-01-17T08:56:07Z</time></wpt>
<wpt lat="46.208716" lon="6.775802"><ele>1501</ele><time>2027-01-17T08:56:09Z</time></wpt>
<wpt lat="46.208682" lon="6.775904"><ele>1501</ele><time>2027-01-17T08:56:12Z</time></wpt>
<wpt lat="46.208648" lon="6.776006"><ele>1501</ele><time>2027-01-17T08:56:14Z</time></wpt>
<wpt lat="46.208614" lon="6.776108"><ele>1501</ele><time>2027-01-17T08:56:16Z</time></wpt>
<wpt lat="46.208580" lon="6.776210"><ele>1510</ele><time>2027-01-17T08:56:18Z</time></wpt>
<wpt lat="46.208546" lon="6.776308"><ele>1510</ele><time>2027-01-17T08:56:20Z</time></wpt>
<wpt lat="46.208512" lon="6.776405"><ele>1510</ele><time>2027-01-17T08:56:22Z</time></wpt>
<wpt lat="46.208478" lon="6.776503"><ele>1510</ele><time>2027-01-17T08:56:24Z</time></wpt>
<wpt lat="46.208445" lon="6.776601"><ele>1510</ele><time>2027-01-17T08:56:27Z</time></wpt>
<wpt lat="46.208411" lon="6.776698"><ele>1510</ele><time>2027-01-17T08:56:29Z</time></wpt>
<wpt lat="46.208377" lon="6.776796"><ele>1510</ele><time>2027-01-17T08:56:31Z</time></wpt>
<wpt lat="46.208343" lon="6.776894"><ele>1510</ele><time>2027-01-17T08:56:33Z</time></wpt>
<wpt lat="46.208309" lon="6.776992"><ele>1510</ele><time>2027-01-17T08:56:35Z</time></wpt>
<wpt lat="46.208275" lon="6.777089"><ele>1510</ele><time>2027-01-17T08:56:37Z</time></wpt>
<wpt lat="46.208242" lon="6.777187"><ele>1510</ele><time>2027-01-17T08:56:39Z</time></wpt>
<wpt lat="46.208208" lon="6.777285"><ele>1510</ele><time>2027-01-17T08:56:41Z</time></wpt>
<wpt lat="46.208174" lon="6.777382"><ele>1510</ele><time>2027-01-17T08:56:43Z</time></wpt>
<wpt lat="46.208140" lon="6.777480"><ele>1517</ele><time>2027-01-17T08:56:45Z</time></wpt>
<wpt lat="46.208095" lon="6.777615"><ele>1517</ele><time>2027-01-17T08:56:48Z</time></wpt>
<wpt lat="46.208050" lon="6.777750"><ele>1517</ele><time>2027-01-17T08:56:51Z</time></wpt>
<wpt lat="46.208017" lon="6.777845"><ele>1517</ele><time>2027-01-17T08:56:53Z</time></wpt>
<wpt lat="46.207985" lon="6.777940"><ele>1517</ele><time>2027-01-17T08:56:55Z</time></wpt>
<wpt lat="46.207953" lon="6.778035"><ele>1517</ele><time>2027-01-17T08:56:57Z</time></wpt>
<wpt lat="46.207920" lon="6.778130"><ele>1518</ele><time>2027-01-17T08:56:59Z</time></wpt>
<wpt lat="46.207737" lon="6.778197"><ele>1518</ele><time>2027-01-17T08:57:01Z</time></wpt>
<wpt lat="46.207553" lon="6.778263"><ele>1518</ele><time>2027-01-17T08:57:04Z</time></wpt>
<wpt lat="46.207370" lon="6.778330"><ele>1508</ele><time>2027-01-17T08:57:06Z</time></wpt>
<wpt lat="46.207190" lon="6.778300"><ele>1508</ele><time>2027-01-17T08:57:08Z</time></wpt>
<wpt lat="46.207010" lon="6.778270"><ele>1503</ele><time>2027-01-17T08:58:10Z</time></wpt>
<wpt lat="46.207046" lon="6.778366"><ele>1503</ele><time>2027-01-17T08:58:12Z</time></wpt>
<wpt lat="46.207082" lon="6.778462"><ele>1503</ele><time>2027-01-17T08:58:14Z</time></wpt>
<wpt lat="46.207119" lon="6.778559"><ele>1503</ele><time>2027-01-17T08:58:16Z</time></wpt>
<wpt lat="46.207155" lon="6.778655"><ele>1503</ele><time>2027-01-17T08:58:18Z</time></wpt>
<wpt lat="46.207191" lon="6.778751"><ele>1503</ele><time>2027-01-17T08:58:20Z</time></wpt>
<wpt lat="46.207227" lon="6.778848"><ele>1503</ele><time>2027-01-17T08:58:22Z</time></wpt>
<wpt lat="46.207264" lon="6.778944"><ele>1503</ele><time>2027-01-17T08:58:24Z</time></wpt>
<wpt lat="46.207300" lon="6.779040"><ele>1513</ele><time>2027-01-17T08:58:27Z</time></wpt>
<wpt lat="46.207335" lon="6.779131"><ele>1513</ele><time>2027-01-17T08:58:29Z</time></wpt>
<wpt lat="46.207371" lon="6.779221"><ele>1513</ele><time>2027-01-17T08:58:31Z</time></wpt>
<wpt lat="46.207406" lon="6.779312"><ele>1513</ele><time>2027-01-17T08:58:33Z</time></wpt>
<wpt lat="46.207441" lon="6.779402"><ele>1513</ele><time>2027-01-17T08:58:35Z</time></wpt>
<wpt lat="46.207476" lon="6.779493"><ele>1513</ele><time>2027-01-17T08:58:37Z</time></wpt>
<wpt lat="46.207512" lon="6.779584"><ele>1513</ele><time>2027-01-17T08:58:39Z</time></wpt>
<wpt lat="46.207547" lon="6.779674"><ele>1513</ele><time>2027-01-17T08:58:41Z</time></wpt>
<wpt lat="46.207582" lon="6.779765"><ele>1513</ele><time>2027-01-17T08:58:43Z</time></wpt>
<wpt lat="46.207618" lon="6.779855"><ele>1513</ele><time>2027-01-17T08:58:45Z</time></wpt>
<wpt lat="46.207653" lon="6.779946"><ele>1513</ele><time>2027-01-17T08:58:47Z</time></wpt>
<wpt lat="46.207688" lon="6.780036"><ele>1513</ele><time>2027-01-17T08:58:49Z</time></wpt>
<wpt lat="46.207724" lon="6.780127"><ele>1513</ele><time>2027-01-17T08:58:51Z</time></wpt>
<wpt lat="46.207759" lon="6.780218"><ele>1513</ele><time>2027-01-17T08:58:53Z</time></wpt>
<wpt lat="46.207794" lon="6.780308"><ele>1513</ele><time>2027-01-17T08:58:55Z</time></wpt>
<wpt lat="46.207829" lon="6.780399"><ele>1513</ele><time>2027-01-17T08:58:57Z</time></wpt>
<wpt lat="46.207865" lon="6.780489"><ele>1513</ele><time>2027-01-17T08:58:59Z</time></wpt>
<wpt lat="46.207900" lon="6.780580"><ele>1538</ele><time>2027-01-17T08:59:01Z</time></wpt>
<wpt lat="46.207936" lon="6.780672"><ele>1538</ele><time>2027-01-17T08:59:03Z</time></wpt>
<wpt lat="46.207971" lon="6.780764"><ele>1538</ele><time>2027-01-17T08:59:05Z</time></wpt>
<wpt lat="46.208007" lon="6.780856"><ele>1538</ele><time>2027-01-17T08:59:07Z</time></wpt>
<wpt lat="46.208042" lon="6.780948"><ele>1538</ele><time>2027-01-17T08:59:09Z</time></wpt>
<wpt lat="46.208078" lon="6.781040"><ele>1538</ele><time>2027-01-17T08:59:11Z</time></wpt>
<wpt lat="46.208113" lon="6.781132"><ele>1538</ele><time>2027-01-17T08:59:13Z</time></wpt>
<wpt lat="46.208149" lon="6.781224"><ele>1538</ele><time>2027-01-17T08:59:15Z</time></wpt>
<wpt lat="46.208184" lon="6.781316"><ele>1538</ele><time>2027-01-17T08:59:17Z</time></wpt>
<wpt lat="46.208219" lon="6.781408"><ele>1538</ele><time>2027-01-17T08:59:19Z</time></wpt>
<wpt lat="46.208255" lon="6.781500"><ele>1538</ele><time>2027-01-17T08:59:21Z</time></wpt>
<wpt lat="46.208291" lon="6.781592"><ele>1538</ele><time>2027-01-17T08:59:23Z</time></wpt>
<wpt lat="46.208326" lon="6.781684"><ele>1538</ele><time>2027-01-17T08:59:25Z</time></wpt>
<wpt lat="46.208362" lon="6.781776"><ele>1538</ele><time>2027-01-17T08:59:27Z</time></wpt>
<wpt lat="46.208397" lon="6.781868"><ele>1538</ele><time>2027-01-17T08:59:29Z</time></wpt>
<wpt lat="46.208433" lon="6.781960"><ele>1538</ele><time>2027-01-17T08:59:31Z</time></wpt>
<wpt lat="46.208468" lon="6.782052"><ele>1538</ele><time>2027-01-17T08:59:33Z</time></wpt>
<wpt lat="46.208503" lon="6.782144"><ele>1538</ele><time>2027-01-17T08:59:35Z</time></wpt>
<wpt lat="46.208539" lon="6.782236"><ele>1538</ele><time>2027-01-17T08:59:37Z</time></wpt>
<wpt lat="46.208574" lon="6.782328"><ele>1538</ele><time>2027-01-17T08:59:39Z</time></wpt>
<wpt lat="46.208610" lon="6.782420"><ele>1598</ele><time>2027-01-17T08:59:41Z</time></wpt>
<wpt lat="46.208646" lon="6.782511"><ele>1598</ele><time>2027-01-17T08:59:43Z</time></wpt>
<wpt lat="46.208681" lon="6.782603"><ele>1598</ele><time>2027-01-17T08:59:45Z</time></wpt>
<wpt lat="46.208717" lon="6.782694"><ele>1598</ele><time>2027-01-17T08:59:47Z</time></wpt>
<wpt lat="46.208753" lon="6.782786"><ele>1598</ele><time>2027-01-17T08:59:49Z</time></wpt>
<wpt lat="46.208789" lon="6.782877"><ele>1598</ele><time>2027-01-17T08:59:51Z</time></wpt>
<wpt lat="46.208824" lon="6.782969"><ele>1598</ele><time>2027-01-17T08:59:53Z</time></wpt>
<wpt lat="46.208860" lon="6.783060"><ele>1598</ele><time>2027-01-17T08:59:55Z</time></wpt>
<wpt lat="46.208896" lon="6.783151"><ele>1598</ele><time>2027-01-17T08:59:57Z</time></wpt>
<wpt lat="46.208931" lon="6.783243"><ele>1598</ele><time>2027-01-17T08:59:59Z</time></wpt>
<wpt lat="46.208967" lon="6.783334"><ele>1598</ele><time>2027-01-17T09:00:01Z</time></wpt>
<wpt lat="46.209003" lon="6.783426"><ele>1598</ele><time>2027-01-17T09:00:03Z</time></wpt>
<wpt lat="46.209039" lon="6.783517"><ele>1598</ele><time>2027-01-17T09:00:05Z</time></wpt>
<wpt lat="46.209074" lon="6.783609"><ele>1598</ele><time>2027-01-17T09:00:07Z</time></wpt>
<wpt lat="46.209110" lon="6.783700"><ele>1598</ele><time>2027-01-17T09:00:09Z</time></wpt>
<wpt lat="46.209146" lon="6.783791"><ele>1598</ele><time>2027-01-17T09:00:11Z</time></wpt>
<wpt lat="46.209181" lon="6.783883"><ele>1598</ele><time>2027-01-17T09:00:13Z</time></wpt>
<wpt lat="46.209217" lon="6.783974"><ele>1598</ele><time>2027-01-17T09:00:15Z</time></wpt>
<wpt lat="46.209253" lon="6.784066"><ele>1598</ele><time>2027-01-17T09:00:17Z</time></wpt>
<wpt lat="46.209289" lon="6.784157"><ele>1598</ele><time>2027-01-17T09:00:19Z</time></wpt>
<wpt lat="46.209324" lon="6.784249"><ele>1598</ele><time>2027-01-17T09:00:21Z</time></wpt>
<wpt lat="46.209360" lon="6.784340"><ele>1684</ele><time>2027-01-17T09:00:23Z</time></wpt>
<wpt lat="46.209396" lon="6.784432"><ele>1684</ele><time>2027-01-17T09:00:26Z</time></wpt>
<wpt lat="46.209432" lon="6.784524"><ele>1684</ele><time>2027-01-17T09:00:28Z</time></wpt>
<wpt lat="46.209468" lon="6.784615"><ele>1684</ele><time>2027-01-17T09:00:30Z</time></wpt>
<wpt lat="46.209504" lon="6.784707"><ele>1684</ele><time>2027-01-17T09:00:32Z</time></wpt>
<wpt lat="46.209539" lon="6.784799"><ele>1684</ele><time>2027-01-17T09:00:34Z</time></wpt>
<wpt lat="46.209575" lon="6.784891"><ele>1684</ele><time>2027-01-17T09:00:36Z</time></wpt>
<wpt lat="46.209611" lon="6.784982"><ele>1684</ele><time>2027-01-17T09:00:38Z</time></wpt>
<wpt lat="46.209647" lon="6.785074"><ele>1684</ele><time>2027-01-17T09:00:40Z</time></wpt>
<wpt lat="46.209683" lon="6.785166"><ele>1684</ele><time>2027-01-17T09:00:42Z</time></wpt>
<wpt lat="46.209719" lon="6.785258"><ele>1684</ele><time>2027-01-17T09:00:44Z</time></wpt>
<wpt lat="46.209755" lon="6.785349"><ele>1684</ele><time>2027-01-17T09:00:46Z</time></wpt>
<wpt lat="46.209791" lon="6.785441"><ele>1684</ele><time>2027-01-17T09:00:48Z</time></wpt>
<wpt lat="46.209826" lon="6.785533"><ele>1684</ele><time>2027-01-17T09:00:50Z</time></wpt>
<wpt lat="46.209862" lon="6.785625"><ele>1684</ele><time>2027-01-17T09:00:52Z</time></wpt>
<wpt lat="46.209898" lon="6.785716"><ele>1684</ele><time>2027-01-17T09:00:54Z</time></wpt>
<wpt lat="46.209934" lon="6.785808"><ele>1684</ele><time>2027-01-17T09:00:56Z</time></wpt>
<wpt lat="46.209970" lon="6.785900"><ele>1761</ele><time>2027-01-17T09:00:58Z</time></wpt>
<wpt lat="46.210005" lon="6.785992"><ele>1761</ele><time>2027-01-17T09:01:00Z</time></wpt>
<wpt lat="46.210040" lon="6.786085"><ele>1761</ele><time>2027-01-17T09:01:02Z</time></wpt>
<wpt lat="46.210075" lon="6.786177"><ele>1761</ele><time>2027-01-17T09:01:04Z</time></wpt>
<wpt lat="46.210110" lon="6.786270"><ele>1761</ele><time>2027-01-17T09:01:06Z</time></wpt>
<wpt lat="46.210145" lon="6.786363"><ele>1761</ele><time>2027-01-17T09:01:08Z</time></wpt>
<wpt lat="46.210180" lon="6.786455"><ele>1761</ele><time>2027-01-17T09:01:10Z</time></wpt>
<wpt lat="46.210215" lon="6.786548"><ele>1761</ele><time>2027-01-17T09:01:12Z</time></wpt>
<wpt lat="46.210250" lon="6.786640"><ele>1761</ele><time>2027-01-17T09:01:14Z</time></wpt>
<wpt lat="46.210285" lon="6.786733"><ele>1761</ele><time>2027-01-17T09:01:16Z</time></wpt>
<wpt lat="46.210320" lon="6.786825"><ele>1761</ele><time>2027-01-17T09:01:18Z</time></wpt>
<wpt lat="46.210355" lon="6.786918"><ele>1761</ele><time>2027-01-17T09:01:20Z</time></wpt>
<wpt lat="46.210390" lon="6.787010"><ele>1802</ele><time>2027-01-17T09:01:22Z</time></wpt>
<wpt lat="46.210427" lon="6.787104"><ele>1802</ele><time>2027-01-17T09:01:24Z</time></wpt>
<wpt lat="46.210463" lon="6.787198"><ele>1802</ele><time>2027-01-17T09:01:26Z</time></wpt>
<wpt lat="46.210500" lon="6.787292"><ele>1802</ele><time>2027-01-17T09:01:29Z</time></wpt>
<wpt lat="46.210537" lon="6.787386"><ele>1802</ele><time>2027-01-17T09:01:31Z</time></wpt>
<wpt lat="46.210573" lon="6.787480"><ele>1802</ele><time>2027-01-17T09:01:33Z</time></wpt>
<wpt lat="46.210610" lon="6.787574"><ele>1802</ele><time>2027-01-17T09:01:35Z</time></wpt>
<wpt lat="46.210647" lon="6.787668"><ele>1802</ele><time>2027-01-17T09:01:37Z</time></wpt>
<wpt lat="46.210683" lon="6.787762"><ele>1802</ele><time>2027-01-17T09:01:39Z</time></wpt>
<wpt lat="46.210720" lon="6.787856"><ele>1802</ele><time>2027-01-17T09:01:41Z</time></wpt>
<wpt lat="46.210757" lon="6.787950"><ele>1802</ele><time>2027-01-17T09:01:43Z</time></wpt>
<wpt lat="46.210793" lon="6.788044"><ele>1802</ele><time>2027-01-17T09:01:45Z</time></wpt>
<wpt lat="46.210830" lon="6.788138"><ele>1802</ele><time>2027-01-17T09:01:47Z</time></wpt>
<wpt lat="46.210867" lon="6.788232"><ele>1802</ele><time>2027-01-17T09:01:49Z</time></wpt>
<wpt lat="46.210903" lon="6.788326"><ele>1802</ele><time>2027-01-17T09:01:51Z</time></wpt>
<wpt lat="46.210940" lon="6.788420"><ele>1850</ele><time>2027-01-17T09:01:53Z</time></wpt>
<wpt lat="46.210978" lon="6.788516"><ele>1850</ele><time>2027-01-17T09:01:56Z</time></wpt>
<wpt lat="46.211016" lon="6.788612"><ele>1850</ele><time>2027-01-17T09:01:58Z</time></wpt>
<wpt lat="46.211054" lon="6.788708"><ele>1850</ele><time>2027-01-17T09:02:00Z</time></wpt>
<wpt lat="46.211092" lon="6.788804"><ele>1850</ele><time>2027-01-17T09:02:02Z</time></wpt>
<wpt lat="46.211130" lon="6.788900"><ele>1850</ele><time>2027-01-17T09:02:04Z</time></wpt>
<wpt lat="46.211168" lon="6.788996"><ele>1850</ele><time>2027-01-17T09:02:06Z</time></wpt>
<wpt lat="46.211206" lon="6.789092"><ele>1850</ele><time>2027-01-17T09:02:08Z</time></wpt>
<wpt lat="46.211244" lon="6.789188"><ele>1850</ele><time>2027-01-17T09:02:10Z</time></wpt>
<wpt lat="46.211282" lon="6.789284"><ele>1850</ele><time>2027-01-17T09:02:13Z</time></wpt>
<wpt lat="46.211320" lon="6.789380"><ele>1850</ele><time>2027-01-17T09:02:15Z</time></wpt>
<wpt lat="46.211358" lon="6.789476"><ele>1850</ele><time>2027-01-17T09:02:17Z</time></wpt>
<wpt lat="46.211396" lon="6.789572"><ele>1850</ele><time>2027-01-17T09:02:19Z</time></wpt>
<wpt lat="46.211434" lon="6.789668"><ele>1850</ele><time>2027-01-17T09:02:21Z</time></wpt>
<wpt lat="46.211472" lon="6.789764"><ele>1850</ele><time>2027-01-17T09:02:23Z</time></wpt>
<wpt lat="46.211510" lon="6.789860"><ele>1894</ele><time>2027-01-17T09:02:25Z</time></wpt>
<wpt lat="46.211560" lon="6.789980"><ele>1897</ele><time>2027-01-17T09:02:28Z</time></wpt>
<wpt lat="46.211603" lon="6.790103"><ele>1897</ele><time>2027-01-17T09:02:31Z</time></wpt>
<wpt lat="46.211647" lon="6.790227"><ele>1897</ele><time>2027-01-17T09:02:33Z</time></wpt>
<wpt lat="46.211690" lon="6.790350"><ele>1902</ele><time>2027-01-17T09:02:36Z</time></wpt>
<wpt lat="46.211690" lon="6.790350"><ele>1902</ele><time>2027-01-17T09:02:36Z</time></wpt>
<wpt lat="46.211740" lon="6.790470"><ele>1902</ele><time>2027-01-17T09:02:37Z</time></wpt>
<wpt lat="46.211945" lon="6.790320"><ele>1902</ele><time>2027-01-17T09:02:40Z</time></wpt>
<wpt lat="46.212150" lon="6.790170"><ele>1898</ele><time>2027-01-17T09:02:42Z</time></wpt>
<wpt lat="46.212180" lon="6.790090"><ele>1897</ele><time>2027-01-17T09:02:43Z</time></wpt>
<wpt lat="46.212170" lon="6.789660"><ele>1894</ele><time>2027-01-17T09:02:46Z</time></wpt>
<wpt lat="46.212182" lon="6.789380"><ele>1894</ele><time>2027-01-17T09:02:48Z</time></wpt>
<wpt lat="46.212193" lon="6.789100"><ele>1894</ele><time>2027-01-17T09:02:51Z</time></wpt>
<wpt lat="46.212205" lon="6.788820"><ele>1894</ele><time>2027-01-17T09:02:53Z</time></wpt>
<wpt lat="46.212217" lon="6.788540"><ele>1894</ele><time>2027-01-17T09:02:55Z</time></wpt>
<wpt lat="46.212228" lon="6.788260"><ele>1894</ele><time>2027-01-17T09:02:57Z</time></wpt>
<wpt lat="46.212240" lon="6.787980"><ele>1870</ele><time>2027-01-17T09:02:59Z</time></wpt>
<wpt lat="46.212204" lon="6.787712"><ele>1870</ele><time>2027-01-17T09:03:01Z</time></wpt>
<wpt lat="46.212168" lon="6.787444"><ele>1870</ele><time>2027-01-17T09:03:03Z</time></wpt>
<wpt lat="46.212132" lon="6.787176"><ele>1870</ele><time>2027-01-17T09:03:05Z</time></wpt>
<wpt lat="46.212096" lon="6.786908"><ele>1870</ele><time>2027-01-17T09:03:08Z</time></wpt>
<wpt lat="46.212060" lon="6.786640"><ele>1840</ele><time>2027-01-17T09:03:10Z</time></wpt>
<wpt lat="46.212043" lon="6.786330"><ele>1840</ele><time>2027-01-17T09:03:12Z</time></wpt>
<wpt lat="46.212025" lon="6.786020"><ele>1840</ele><time>2027-01-17T09:03:14Z</time></wpt>
<wpt lat="46.212007" lon="6.785710"><ele>1840</ele><time>2027-01-17T09:03:17Z</time></wpt>
<wpt lat="46.211990" lon="6.785400"><ele>1813</ele><time>2027-01-17T09:03:19Z</time></wpt>
<wpt lat="46.211970" lon="6.785210"><ele>1809</ele><time>2027-01-17T09:03:21Z</time></wpt>
<wpt lat="46.212050" lon="6.784955"><ele>1809</ele><time>2027-01-17T09:03:23Z</time></wpt>
<wpt lat="46.212130" lon="6.784700"><ele>1806</ele><time>2027-01-17T09:03:25Z</time></wpt>
<wpt lat="46.212180" lon="6.784410"><ele>1802</ele><time>2027-01-17T09:03:27Z</time></wpt>
<wpt lat="46.212210" lon="6.784320"><ele>1801</ele><time>2027-01-17T09:03:28Z</time></wpt>
<wpt lat="46.212260" lon="6.784070"><ele>1798</ele><time>2027-01-17T09:03:30Z</time></wpt>
<wpt lat="46.212390" lon="6.783760"><ele>1793</ele><time>2027-01-17T09:03:33Z</time></wpt>
<wpt lat="46.212420" lon="6.783650"><ele>1791</ele><time>2027-01-17T09:03:34Z</time></wpt>
<wpt lat="46.212410" lon="6.783530"><ele>1787</ele><time>2027-01-17T09:03:35Z</time></wpt>
<wpt lat="46.212370" lon="6.783290"><ele>1778</ele><time>2027-01-17T09:03:37Z</time></wpt>
<wpt lat="46.212310" lon="6.783070"><ele>1770</ele><time>2027-01-17T09:03:38Z</time></wpt>
<wpt lat="46.212310" lon="6.783070"><ele>1770</ele><time>2027-01-17T09:03:38Z</time></wpt>
<wpt lat="46.212240" lon="6.782730"><ele>1758</ele><time>2027-01-17T09:03:41Z</time></wpt>
<wpt lat="46.212130" lon="6.782250"><ele>1744</ele><time>2027-01-17T09:03:45Z</time></wpt>
<wpt lat="46.212100" lon="6.782130"><ele>1740</ele><time>2027-01-17T09:03:46Z</time></wpt>
<wpt lat="46.212090" lon="6.781980"><ele>1737</ele><time>2027-01-17T09:03:47Z</time></wpt>
<wpt lat="46.212090" lon="6.781840"><ele>1733</ele><time>2027-01-17T09:03:48Z</time></wpt>
<wpt lat="46.212110" lon="6.781670"><ele>1730</ele><time>2027-01-17T09:03:50Z</time></wpt>
<wpt lat="46.212170" lon="6.781385"><ele>1730</ele><time>2027-01-17T09:03:52Z</time></wpt>
<wpt lat="46.212230" lon="6.781100"><ele>1730</ele><time>2027-01-17T09:03:54Z</time></wpt>
<wpt lat="46.212290" lon="6.780815"><ele>1730</ele><time>2027-01-17T09:03:57Z</time></wpt>
<wpt lat="46.212350" lon="6.780530"><ele>1709</ele><time>2027-01-17T09:03:59Z</time></wpt>
<wpt lat="46.212350" lon="6.780530"><ele>1709</ele><time>2027-01-17T09:03:59Z</time></wpt>
<wpt lat="46.212360" lon="6.780490"><ele>1709</ele><time>2027-01-17T09:03:59Z</time></wpt>
<wpt lat="46.212360" lon="6.780450"><ele>1708</ele><time>2027-01-17T09:03:59Z</time></wpt>
<wpt lat="46.212340" lon="6.780410"><ele>1706</ele><time>2027-01-17T09:04:00Z</time></wpt>
<wpt lat="46.212330" lon="6.780390"><ele>1706</ele><time>2027-01-17T09:04:00Z</time></wpt>
<wpt lat="46.212300" lon="6.780370"><ele>1704</ele><time>2027-01-17T09:04:00Z</time></wpt>
<wpt lat="46.212250" lon="6.780340"><ele>1702</ele><time>2027-01-17T09:04:01Z</time></wpt>
<wpt lat="46.212180" lon="6.780340"><ele>1700</ele><time>2027-01-17T09:04:02Z</time></wpt>
<wpt lat="46.212110" lon="6.780350"><ele>1698</ele><time>2027-01-17T09:04:03Z</time></wpt>
<wpt lat="46.212040" lon="6.780380"><ele>1697</ele><time>2027-01-17T09:04:03Z</time></wpt>
<wpt lat="46.211980" lon="6.780420"><ele>1696</ele><time>2027-01-17T09:04:04Z</time></wpt>
<wpt lat="46.211920" lon="6.780480"><ele>1696</ele><time>2027-01-17T09:04:05Z</time></wpt>
<wpt lat="46.211850" lon="6.780570"><ele>1696</ele><time>2027-01-17T09:04:06Z</time></wpt>
<wpt lat="46.211670" lon="6.780820"><ele>1697</ele><time>2027-01-17T09:04:09Z</time></wpt>
<wpt lat="46.211580" lon="6.780930"><ele>1697</ele><time>2027-01-17T09:04:10Z</time></wpt>
<wpt lat="46.211470" lon="6.781050"><ele>1695</ele><time>2027-01-17T09:04:12Z</time></wpt>
<wpt lat="46.211440" lon="6.781070"><ele>1695</ele><time>2027-01-17T09:04:12Z</time></wpt>
<wpt lat="46.211420" lon="6.781080"><ele>1694</ele><time>2027-01-17T09:04:12Z</time></wpt>
<wpt lat="46.211390" lon="6.781080"><ele>1693</ele><time>2027-01-17T09:04:13Z</time></wpt>
<wpt lat="46.211370" lon="6.781060"><ele>1691</ele><time>2027-01-17T09:04:13Z</time></wpt>
<wpt lat="46.211340" lon="6.781020"><ele>1689</ele><time>2027-01-17T09:04:13Z</time></wpt>
<wpt lat="46.211330" lon="6.780970"><ele>1687</ele><time>2027-01-17T09:04:14Z</time></wpt>
<wpt lat="46.211320" lon="6.780930"><ele>1685</ele><time>2027-01-17T09:04:14Z</time></wpt>
<wpt lat="46.211320" lon="6.780890"><ele>1684</ele><time>2027-01-17T09:04:14Z</time></wpt>
<wpt lat="46.211330" lon="6.780830"><ele>1683</ele><time>2027-01-17T09:04:15Z</time></wpt>
<wpt lat="46.211420" lon="6.780580"><ele>1681</ele><time>2027-01-17T09:04:17Z</time></wpt>
<wpt lat="46.211440" lon="6.780510"><ele>1680</ele><time>2027-01-17T09:04:18Z</time></wpt>
<wpt lat="46.211520" lon="6.780215"><ele>1680</ele><time>2027-01-17T09:04:20Z</time></wpt>
<wpt lat="46.211600" lon="6.779920"><ele>1671</ele><time>2027-01-17T09:04:22Z</time></wpt>
<wpt lat="46.211620" lon="6.779820"><ele>1669</ele><time>2027-01-17T09:04:23Z</time></wpt>
<wpt lat="46.211640" lon="6.779730"><ele>1668</ele><time>2027-01-17T09:04:24Z</time></wpt>
<wpt lat="46.211660" lon="6.779620"><ele>1666</ele><time>2027-01-17T09:04:25Z</time></wpt>
<wpt lat="46.211690" lon="6.779450"><ele>1664</ele><time>2027-01-17T09:04:26Z</time></wpt>
<wpt lat="46.211710" lon="6.779370"><ele>1662</ele><time>2027-01-17T09:04:27Z</time></wpt>
<wpt lat="46.211740" lon="6.779280"><ele>1661</ele><time>2027-01-17T09:04:28Z</time></wpt>
<wpt lat="46.211810" lon="6.779100"><ele>1659</ele><time>2027-01-17T09:04:29Z</time></wpt>
<wpt lat="46.211850" lon="6.779030"><ele>1658</ele><time>2027-01-17T09:04:30Z</time></wpt>
<wpt lat="46.211890" lon="6.778960"><ele>1658</ele><time>2027-01-17T09:04:31Z</time></wpt>
<wpt lat="46.211920" lon="6.778890"><ele>1657</ele><time>2027-01-17T09:04:31Z</time></wpt>
<wpt lat="46.212030" lon="6.778740"><ele>1656</ele><time>2027-01-17T09:04:33Z</time></wpt>
<wpt lat="46.212080" lon="6.778660"><ele>1656</ele><time>2027-01-17T09:04:34Z</time></wpt>
<wpt lat="46.212140" lon="6.778590"><ele>1656</ele><time>2027-01-17T09:04:35Z</time></wpt>
<wpt lat="46.212290" lon="6.778320"><ele>1653</ele><time>2027-01-17T09:04:37Z</time></wpt>
<wpt lat="46.212330" lon="6.778250"><ele>1653</ele><time>2027-01-17T09:04:38Z</time></wpt>
<wpt lat="46.212390" lon="6.778180"><ele>1653</ele><time>2027-01-17T09:04:39Z</time></wpt>
<wpt lat="46.212600" lon="6.777900"><ele>1651</ele><time>2027-01-17T09:04:42Z</time></wpt>
<wpt lat="46.212630" lon="6.777850"><ele>1651</ele><time>2027-01-17T09:04:42Z</time></wpt>
<wpt lat="46.212650" lon="6.777800"><ele>1650</ele><time>2027-01-17T09:04:43Z</time></wpt>
<wpt lat="46.212660" lon="6.777740"><ele>1648</ele><time>2027-01-17T09:04:43Z</time></wpt>
<wpt lat="46.212670" lon="6.777700"><ele>1647</ele><time>2027-01-17T09:04:44Z</time></wpt>
<wpt lat="46.212660" lon="6.777640"><ele>1645</ele><time>2027-01-17T09:04:44Z</time></wpt>
<wpt lat="46.212650" lon="6.777580"><ele>1642</ele><time>2027-01-17T09:04:45Z</time></wpt>
<wpt lat="46.212630" lon="6.777530"><ele>1640</ele><time>2027-01-17T09:04:45Z</time></wpt>
<wpt lat="46.212600" lon="6.777490"><ele>1637</ele><time>2027-01-17T09:04:46Z</time></wpt>
<wpt lat="46.212560" lon="6.777480"><ele>1635</ele><time>2027-01-17T09:04:46Z</time></wpt>
<wpt lat="46.212520" lon="6.777480"><ele>1634</ele><time>2027-01-17T09:04:46Z</time></wpt>
<wpt lat="46.212470" lon="6.777480"><ele>1632</ele><time>2027-01-17T09:04:47Z</time></wpt>
<wpt lat="46.212430" lon="6.777490"><ele>1631</ele><time>2027-01-17T09:04:47Z</time></wpt>
<wpt lat="46.212257" lon="6.777572"><ele>1631</ele><time>2027-01-17T09:04:49Z</time></wpt>
<wpt lat="46.212085" lon="6.777655"><ele>1631</ele><time>2027-01-17T09:04:51Z</time></wpt>
<wpt lat="46.211912" lon="6.777738"><ele>1631</ele><time>2027-01-17T09:04:53Z</time></wpt>
<wpt lat="46.211740" lon="6.777820"><ele>1617</ele><time>2027-01-17T09:04:56Z</time></wpt>
<wpt lat="46.211670" lon="6.777850"><ele>1616</ele><time>2027-01-17T09:04:56Z</time></wpt>
<wpt lat="46.211620" lon="6.777870"><ele>1615</ele><time>2027-01-17T09:04:57Z</time></wpt>
<wpt lat="46.211560" lon="6.777900"><ele>1614</ele><time>2027-01-17T09:04:58Z</time></wpt>
<wpt lat="46.211400" lon="6.778030"><ele>1614</ele><time>2027-01-17T09:05:00Z</time></wpt>
<wpt lat="46.211240" lon="6.778160"><ele>1610</ele><time>2027-01-17T09:05:02Z</time></wpt>
<wpt lat="46.211010" lon="6.778360"><ele>1609</ele><time>2027-01-17T09:05:05Z</time></wpt>
<wpt lat="46.210970" lon="6.778400"><ele>1609</ele><time>2027-01-17T09:05:05Z</time></wpt>
<wpt lat="46.210910" lon="6.778450"><ele>1608</ele><time>2027-01-17T09:05:06Z</time></wpt>
<wpt lat="46.210840" lon="6.778490"><ele>1607</ele><time>2027-01-17T09:05:07Z</time></wpt>
<wpt lat="46.210780" lon="6.778520"><ele>1606</ele><time>2027-01-17T09:05:08Z</time></wpt>
<wpt lat="46.210500" lon="6.778630"><ele>1599</ele><time>2027-01-17T09:05:11Z</time></wpt>
<wpt lat="46.210450" lon="6.778650"><ele>1598</ele><time>2027-01-17T09:05:11Z</time></wpt>
<wpt lat="46.210390" lon="6.778700"><ele>1597</ele><time>2027-01-17T09:05:12Z</time></wpt>
<wpt lat="46.210340" lon="6.778750"><ele>1597</ele><time>2027-01-17T09:05:13Z</time></wpt>
<wpt lat="46.210300" lon="6.778800"><ele>1596</ele><time>2027-01-17T09:05:13Z</time></wpt>
<wpt lat="46.210120" lon="6.779040"><ele>1594</ele><time>2027-01-17T09:05:16Z</time></wpt>
<wpt lat="46.209950" lon="6.779305"><ele>1594</ele><time>2027-01-17T09:05:19Z</time></wpt>
<wpt lat="46.209780" lon="6.779570"><ele>1590</ele><time>2027-01-17T09:05:22Z</time></wpt>
<wpt lat="46.209740" lon="6.779630"><ele>1590</ele><time>2027-01-17T09:05:22Z</time></wpt>
<wpt lat="46.209700" lon="6.779690"><ele>1589</ele><time>2027-01-17T09:05:23Z</time></wpt>
<wpt lat="46.209650" lon="6.779740"><ele>1588</ele><time>2027-01-17T09:05:24Z</time></wpt>
<wpt lat="46.209540" lon="6.779830"><ele>1584</ele><time>2027-01-17T09:05:25Z</time></wpt>
<wpt lat="46.209400" lon="6.779960"><ele>1580</ele><time>2027-01-17T09:05:27Z</time></wpt>
<wpt lat="46.209370" lon="6.780000"><ele>1580</ele><time>2027-01-17T09:05:27Z</time></wpt>
<wpt lat="46.209290" lon="6.780070"><ele>1578</ele><time>2027-01-17T09:05:28Z</time></wpt>
<wpt lat="46.209250" lon="6.780100"><ele>1576</ele><time>2027-01-17T09:05:29Z</time></wpt>
<wpt lat="46.209200" lon="6.780140"><ele>1575</ele><time>2027-01-17T09:05:29Z</time></wpt>
<wpt lat="46.209140" lon="6.780180"><ele>1573</ele><time>2027-01-17T09:05:30Z</time></wpt>
<wpt lat="46.209000" lon="6.780250"><ele>1569</ele><time>2027-01-17T09:05:32Z</time></wpt>
<wpt lat="46.208803" lon="6.780363"><ele>1569</ele><time>2027-01-17T09:05:34Z</time></wpt>
<wpt lat="46.208607" lon="6.780477"><ele>1569</ele><time>2027-01-17T09:05:37Z</time></wpt>
<wpt lat="46.208410" lon="6.780590"><ele>1553</ele><time>2027-01-17T09:05:39Z</time></wpt>
<wpt lat="46.208350" lon="6.780610"><ele>1552</ele><time>2027-01-17T09:05:40Z</time></wpt>
<wpt lat="46.208290" lon="6.780620"><ele>1550</ele><time>2027-01-17T09:05:40Z</time></wpt>
<wpt lat="46.208250" lon="6.780630"><ele>1549</ele><time>2027-01-17T09:05:41Z</time></wpt>
<wpt lat="46.208210" lon="6.780620"><ele>1548</ele><time>2027-01-17T09:05:41Z</time></wpt>
<wpt lat="46.207990" lon="6.780520"><ele>1540</ele><time>2027-01-17T09:05:44Z</time></wpt>
<wpt lat="46.207940" lon="6.780490"><ele>1538</ele><time>2027-01-17T09:05:44Z</time></wpt>
<wpt lat="46.207890" lon="6.780480"><ele>1536</ele><time>2027-01-17T09:05:45Z</time></wpt>
<wpt lat="46.207820" lon="6.780470"><ele>1534</ele><time>2027-01-17T09:05:46Z</time></wpt>
<wpt lat="46.207760" lon="6.780480"><ele>1533</ele><time>2027-01-17T09:05:46Z</time></wpt>
<wpt lat="46.207700" lon="6.780490"><ele>1532</ele><time>2027-01-17T09:05:47Z</time></wpt>
<wpt lat="46.207640" lon="6.780500"><ele>1531</ele><time>2027-01-17T09:05:48Z</time></wpt>
<wpt lat="46.207580" lon="6.780520"><ele>1530</ele><time>2027-01-17T09:05:48Z</time></wpt>
<wpt lat="46.207260" lon="6.780690"><ele>1528</ele><time>2027-01-17T09:05:52Z</time></wpt>
<wpt lat="46.207220" lon="6.780710"><ele>1528</ele><time>2027-01-17T09:05:53Z</time></wpt>
<wpt lat="46.207033" lon="6.780633"><ele>1528</ele><time>2027-01-17T09:05:55Z</time></wpt>
<wpt lat="46.206847" lon="6.780557"><ele>1528</ele><time>2027-01-17T09:05:57Z</time></wpt>
<wpt lat="46.206660" lon="6.780480"><ele>1519</ele><time>2027-01-17T09:05:59Z</time></wpt>
<wpt lat="46.206688" lon="6.780198"><ele>1519</ele><time>2027-01-17T09:06:01Z</time></wpt>
<wpt lat="46.206717" lon="6.779917"><ele>1519</ele><time>2027-01-17T09:06:03Z</time></wpt>
<wpt lat="46.206745" lon="6.779635"><ele>1519</ele><time>2027-01-17T09:06:06Z</time></wpt>
<wpt lat="46.206773" lon="6.779353"><ele>1519</ele><time>2027-01-17T09:06:08Z</time></wpt>
<wpt lat="46.206802" lon="6.779072"><ele>1519</ele><time>2027-01-17T09:06:10Z</time></wpt>
<wpt lat="46.206830" lon="6.778790"><ele>1506</ele><time>2027-01-17T09:06:12Z</time></wpt>
<wpt lat="46.206810" lon="6.778280"><ele>1502</ele><time>2027-01-17T09:06:16Z</time></wpt>
<wpt lat="46.206740" lon="6.778380"><ele>1502</ele><time>2027-01-17T09:06:17Z</time></wpt>
<wpt lat="46.206677" lon="6.778063"><ele>1502</ele><time>2027-01-17T09:06:20Z</time></wpt>
<wpt lat="46.206613" lon="6.777747"><ele>1502</ele><time>2027-01-17T09:06:22Z</time></wpt>
<wpt lat="46.206550" lon="6.777430"><ele>1500</ele><time>2027-01-17T09:06:25Z</time></wpt>
<wpt lat="46.206670" lon="6.777240"><ele>1501</ele><time>2027-01-17T09:06:27Z</time></wpt>
<wpt lat="46.206460" lon="6.776910"><ele>1507</ele><time>2027-01-17T09:06:30Z</time></wpt>
<wpt lat="46.206290" lon="6.776710"><ele>1512</ele><time>2027-01-17T09:06:33Z</time></wpt>
<wpt lat="46.206300" lon="6.776390"><ele>1517</ele><time>2027-01-17T09:06:35Z</time></wpt>
<wpt lat="46.206330" lon="6.776410"><ele>1516</ele><time>2027-01-17T09:06:36Z</time></wpt>
<wpt lat="46.206340" lon="6.776420"><ele>1516</ele><time>2027-01-17T09:06:36Z</time></wpt>
<wpt lat="46.206370" lon="6.776420"><ele>1515</ele><time>2027-01-17T09:06:36Z</time></wpt>
<wpt lat="46.206410" lon="6.776400"><ele>1515</ele><time>2027-01-17T09:06:36Z</time></wpt>
<wpt lat="46.206460" lon="6.776350"><ele>1515</ele><time>2027-01-17T09:06:37Z</time></wpt>
<wpt lat="46.206560" lon="6.776230"><ele>1515</ele><time>2027-01-17T09:06:39Z</time></wpt>
<wpt lat="46.206630" lon="6.776150"><ele>1514</ele><time>2027-01-17T09:06:40Z</time></wpt>
<wpt lat="46.206790" lon="6.776000"><ele>1513</ele><time>2027-01-17T09:06:42Z</time></wpt>
<wpt lat="46.206840" lon="6.775960"><ele>1513</ele><time>2027-01-17T09:06:42Z</time></wpt>
<wpt lat="46.206910" lon="6.775930"><ele>1512</ele><time>2027-01-17T09:06:43Z</time></wpt>
<wpt lat="46.206970" lon="6.775920"><ele>1512</ele><time>2027-01-17T09:06:44Z</time></wpt>
<wpt lat="46.207330" lon="6.775900"><ele>1508</ele><time>2027-01-17T09:06:48Z</time></wpt>
<wpt lat="46.207380" lon="6.775880"><ele>1507</ele><time>2027-01-17T09:06:48Z</time></wpt>
<wpt lat="46.207430" lon="6.775850"><ele>1507</ele><time>2027-01-17T09:06:49Z</time></wpt>
<wpt lat="46.207570" lon="6.775750"><ele>1508</ele><time>2027-01-17T09:06:51Z</time></wpt>
<wpt lat="46.207700" lon="6.775670"><ele>1508</ele><time>2027-01-17T09:06:52Z</time></wpt>
<wpt lat="46.207920" lon="6.775610"><ele>1507</ele><time>2027-01-17T09:06:55Z</time></wpt>
<wpt lat="46.208160" lon="6.775590"><ele>1506</ele><time>2027-01-17T09:06:57Z</time></wpt>
<wpt lat="46.207982" lon="6.775638"><ele>1506</ele><time>2027-01-17T09:06:59Z</time></wpt>
<wpt lat="46.207805" lon="6.775685"><ele>1506</ele><time>2027-01-17T09:07:01Z</time></wpt>
<wpt lat="46.207628" lon="6.775733"><ele>1506</ele><time>2027-01-17T09:07:03Z</time></wpt>
<wpt lat="46.207450" lon="6.775780"><ele>1508</ele><time>2027-01-17T09:07:05Z</time></wpt>
<wpt lat="46.207330" lon="6.775900"><ele>1508</ele><time>2027-01-17T09:07:07Z</time></wpt>
<wpt lat="46.207140" lon="6.775870"><ele>1510</ele><time>2027-01-17T09:07:09Z</time></wpt>
<wpt lat="46.206970" lon="6.775920"><ele>1512</ele><time>2027-01-17T09:07:11Z</time></wpt>
<wpt lat="46.206820" lon="6.775700"><ele>1518</ele><time>2027-01-17T09:07:14Z</time></wpt>
<wpt lat="46.206770" lon="6.775750"><ele>1518</ele><time>2027-01-17T09:07:14Z</time></wpt>
<wpt lat="46.206615" lon="6.775935"><ele>1518</ele><time>2027-01-17T09:07:16Z</time></wpt>
<wpt lat="46.206460" lon="6.776120"><ele>1518</ele><time>2027-01-17T09:07:19Z</time></wpt>
<wpt lat="46.206310" lon="6.776260"><ele>1519</ele><time>2027-01-17T09:07:21Z</time></wpt>
<wpt lat="46.206310" lon="6.776330"><ele>1518</ele><time>2027-01-17T09:07:21Z</time></wpt>
<wpt lat="46.206300" lon="6.776390"><ele>1517</ele><time>2027-01-17T09:07:22Z</time></wpt>
<wpt lat="46.206270" lon="6.776440"><ele>1516</ele><time>2027-01-17T09:07:22Z</time></wpt>
<wpt lat="46.206260" lon="6.776490"><ele>1516</ele><time>2027-01-17T09:07:23Z</time></wpt>
<wpt lat="46.206260" lon="6.776540"><ele>1515</ele><time>2027-01-17T09:07:23Z</time></wpt>
<wpt lat="46.206260" lon="6.776590"><ele>1514</ele><time>2027-01-17T09:07:23Z</time></wpt>
<wpt lat="46.206260" lon="6.776610"><ele>1514</ele><time>2027-01-17T09:07:24Z</time></wpt>
<wpt lat="46.206290" lon="6.776710"><ele>1512</ele><time>2027-01-17T09:07:24Z</time></wpt>
<wpt lat="46.206150" lon="6.777000"><ele>1512</ele><time>2027-01-17T09:07:27Z</time></wpt>
<wpt lat="46.206010" lon="6.777290"><ele>1509</ele><time>2027-01-17T09:08:30Z</time></wpt>
<wpt lat="46.205937" lon="6.777302"><ele>1509</ele><time>2027-01-17T09:08:32Z</time></wpt>
<wpt lat="46.205864" lon="6.777315"><ele>1509</ele><time>2027-01-17T09:08:34Z</time></wpt>
<wpt lat="46.205791" lon="6.777327"><ele>1509</ele><time>2027-01-17T09:08:36Z</time></wpt>
<wpt lat="46.205718" lon="6.777339"><ele>1509</ele><time>2027-01-17T09:08:38Z</time></wpt>
<wpt lat="46.205645" lon="6.777352"><ele>1509</ele><time>2027-01-17T09:08:40Z</time></wpt>
<wpt lat="46.205572" lon="6.777364"><ele>1509</ele><time>2027-01-17T09:08:42Z</time></wpt>
<wpt lat="46.205499" lon="6.777376"><ele>1509</ele><time>2027-01-17T09:08:44Z</time></wpt>
<wpt lat="46.205426" lon="6.777389"><ele>1509</ele><time>2027-01-17T09:08:46Z</time></wpt>
<wpt lat="46.205354" lon="6.777401"><ele>1509</ele><time>2027-01-17T09:08:48Z</time></wpt>
<wpt lat="46.205281" lon="6.777414"><ele>1509</ele><time>2027-01-17T09:08:50Z</time></wpt>
<wpt lat="46.205208" lon="6.777426"><ele>1509</ele><time>2027-01-17T09:08:52Z</time></wpt>
<wpt lat="46.205135" lon="6.777438"><ele>1509</ele><time>2027-01-17T09:08:54Z</time></wpt>
<wpt lat="46.205062" lon="6.777451"><ele>1509</ele><time>2027-01-17T09:08:56Z</time></wpt>
<wpt lat="46.204989" lon="6.777463"><ele>1509</ele><time>2027-01-17T09:08:58Z</time></wpt>
<wpt lat="46.204916" lon="6.777475"><ele>1509</ele><time>2027-01-17T09:09:00Z</time></wpt>
<wpt lat="46.204843" lon="6.777488"><ele>1509</ele><time>2027-01-17T09:09:02Z</time></wpt>
<wpt lat="46.204770" lon="6.777500"><ele>1551</ele><time>2027-01-17T09:09:04Z</time></wpt>
<wpt lat="46.204695" lon="6.777513"><ele>1551</ele><time>2027-01-17T09:09:07Z</time></wpt>
<wpt lat="46.204621" lon="6.777525"><ele>1551</ele><time>2027-01-17T09:09:09Z</time></wpt>
<wpt lat="46.204546" lon="6.777538"><ele>1551</ele><time>2027-01-17T09:09:11Z</time></wpt>
<wpt lat="46.204472" lon="6.777551"><ele>1551</ele><time>2027-01-17T09:09:13Z</time></wpt>
<wpt lat="46.204397" lon="6.777564"><ele>1551</ele><time>2027-01-17T09:09:15Z</time></wpt>
<wpt lat="46.204323" lon="6.777576"><ele>1551</ele><time>2027-01-17T09:09:17Z</time></wpt>
<wpt lat="46.204248" lon="6.777589"><ele>1551</ele><time>2027-01-17T09:09:19Z</time></wpt>
<wpt lat="46.204174" lon="6.777602"><ele>1551</ele><time>2027-01-17T09:09:21Z</time></wpt>
<wpt lat="46.204099" lon="6.777615"><ele>1551</ele><time>2027-01-17T09:09:23Z</time></wpt>
<wpt lat="46.204025" lon="6.777627"><ele>1551</ele><time>2027-01-17T09:09:25Z</time></wpt>
<wpt lat="46.203950" lon="6.777640"><ele>1587</ele><time>2027-01-17T09:09:27Z</time></wpt>
<wpt lat="46.203875" lon="6.777653"><ele>1587</ele><time>2027-01-17T09:09:29Z</time></wpt>
<wpt lat="46.203801" lon="6.777666"><ele>1587</ele><time>2027-01-17T09:09:32Z</time></wpt>
<wpt lat="46.203726" lon="6.777679"><ele>1587</ele><time>2027-01-17T09:09:34Z</time></wpt>
<wpt lat="46.203651" lon="6.777693"><ele>1587</ele><time>2027-01-17T09:09:36Z</time></wpt>
<wpt lat="46.203576" lon="6.777706"><ele>1587</ele><time>2027-01-17T09:09:38Z</time></wpt>
<wpt lat="46.203502" lon="6.777719"><ele>1587</ele><time>2027-01-17T09:09:40Z</time></wpt>
<wpt lat="46.203427" lon="6.777732"><ele>1587</ele><time>2027-01-17T09:09:42Z</time></wpt>
<wpt lat="46.203352" lon="6.777745"><ele>1587</ele><time>2027-01-17T09:09:44Z</time></wpt>
<wpt lat="46.203277" lon="6.777758"><ele>1587</ele><time>2027-01-17T09:09:46Z</time></wpt>
<wpt lat="46.203203" lon="6.777772"><ele>1587</ele><time>2027-01-17T09:09:48Z</time></wpt>
<wpt lat="46.203128" lon="6.777785"><ele>1587</ele><time>2027-01-17T09:09:50Z</time></wpt>
<wpt lat="46.203053" lon="6.777798"><ele>1587</ele><time>2027-01-17T09:09:52Z</time></wpt>
<wpt lat="46.202978" lon="6.777811"><ele>1587</ele><time>2027-01-17T09:09:55Z</time></wpt>
<wpt lat="46.202904" lon="6.777824"><ele>1587</ele><time>2027-01-17T09:09:57Z</time></wpt>
<wpt lat="46.202829" lon="6.777837"><ele>1587</ele><time>2027-01-17T09:09:59Z</time></wpt>
<wpt lat="46.202754" lon="6.777851"><ele>1587</ele><time>2027-01-17T09:10:01Z</time></wpt>
<wpt lat="46.202679" lon="6.777864"><ele>1587</ele><time>2027-01-17T09:10:03Z</time></wpt>
<wpt lat="46.202605" lon="6.777877"><ele>1587</ele><time>2027-01-17T09:10:05Z</time></wpt>
<wpt lat="46.202530" lon="6.777890"><ele>1634</ele><time>2027-01-17T09:10:07Z</time></wpt>
<wpt lat="46.202453" lon="6.777903"><ele>1634</ele><time>2027-01-17T09:10:09Z</time></wpt>
<wpt lat="46.202376" lon="6.777916"><ele>1634</ele><time>2027-01-17T09:10:11Z</time></wpt>
<wpt lat="46.202299" lon="6.777929"><ele>1634</ele><time>2027-01-17T09:10:13Z</time></wpt>
<wpt lat="46.202222" lon="6.777942"><ele>1634</ele><time>2027-01-17T09:10:16Z</time></wpt>
<wpt lat="46.202145" lon="6.777955"><ele>1634</ele><time>2027-01-17T09:10:18Z</time></wpt>
<wpt lat="46.202068" lon="6.777968"><ele>1634</ele><time>2027-01-17T09:10:20Z</time></wpt>
<wpt lat="46.201992" lon="6.777982"><ele>1634</ele><time>2027-01-17T09:10:22Z</time></wpt>
<wpt lat="46.201915" lon="6.777995"><ele>1634</ele><time>2027-01-17T09:10:24Z</time></wpt>
<wpt lat="46.201838" lon="6.778008"><ele>1634</ele><time>2027-01-17T09:10:26Z</time></wpt>
<wpt lat="46.201761" lon="6.778021"><ele>1634</ele><time>2027-01-17T09:10:29Z</time></wpt>
<wpt lat="46.201684" lon="6.778034"><ele>1634</ele><time>2027-01-17T09:10:31Z</time></wpt>
<wpt lat="46.201607" lon="6.778047"><ele>1634</ele><time>2027-01-17T09:10:33Z</time></wpt>
<wpt lat="46.201530" lon="6.778060"><ele>1668</ele><time>2027-01-17T09:10:35Z</time></wpt>
<wpt lat="46.201450" lon="6.778075"><ele>1668</ele><time>2027-01-17T09:10:37Z</time></wpt>
<wpt lat="46.201370" lon="6.778090"><ele>1668</ele><time>2027-01-17T09:10:39Z</time></wpt>
<wpt lat="46.201290" lon="6.778105"><ele>1668</ele><time>2027-01-17T09:10:42Z</time></wpt>
<wpt lat="46.201210" lon="6.778120"><ele>1668</ele><time>2027-01-17T09:10:44Z</time></wpt>
<wpt lat="46.201130" lon="6.778135"><ele>1668</ele><time>2027-01-17T09:10:46Z</time></wpt>
<wpt lat="46.201050" lon="6.778150"><ele>1668</ele><time>2027-01-17T09:10:48Z</time></wpt>
<wpt lat="46.200970" lon="6.778165"><ele>1668</ele><time>2027-01-17T09:10:51Z</time></wpt>
<wpt lat="46.200890" lon="6.778180"><ele>1682</ele><time>2027-01-17T09:10:53Z</time></wpt>
<wpt lat="46.200815" lon="6.778193"><ele>1682</ele><time>2027-01-17T09:10:55Z</time></wpt>
<wpt lat="46.200740" lon="6.778206"><ele>1682</ele><time>2027-01-17T09:10:57Z</time></wpt>
<wpt lat="46.200665" lon="6.778219"><ele>1682</ele><time>2027-01-17T09:10:59Z</time></wpt>
<wpt lat="46.200590" lon="6.778232"><ele>1682</ele><time>2027-01-17T09:11:01Z</time></wpt>
<wpt lat="46.200515" lon="6.778245"><ele>1682</ele><time>2027-01-17T09:11:03Z</time></wpt>
<wpt lat="46.200440" lon="6.778258"><ele>1682</ele><time>2027-01-17T09:11:05Z</time></wpt>
<wpt lat="46.200365" lon="6.778271"><ele>1682</ele><time>2027-01-17T09:11:08Z</time></wpt>
<wpt lat="46.200290" lon="6.778284"><ele>1682</ele><time>2027-01-17T09:11:10Z</time></wpt>
<wpt lat="46.200215" lon="6.778297"><ele>1682</ele><time>2027-01-17T09:11:12Z</time></wpt>
<wpt lat="46.200140" lon="6.778310"><ele>1682</ele><time>2027-01-17T09:11:14Z</time></wpt>
<wpt lat="46.200065" lon="6.778323"><ele>1682</ele><time>2027-01-17T09:11:16Z</time></wpt>
<wpt lat="46.199990" lon="6.778336"><ele>1682</ele><time>2027-01-17T09:11:18Z</time></wpt>
<wpt lat="46.199915" lon="6.778349"><ele>1682</ele><time>2027-01-17T09:11:20Z</time></wpt>
<wpt lat="46.199840" lon="6.778362"><ele>1682</ele><time>2027-01-17T09:11:22Z</time></wpt>
<wpt lat="46.199765" lon="6.778375"><ele>1682</ele><time>2027-01-17T09:11:24Z</time></wpt>
<wpt lat="46.199690" lon="6.778388"><ele>1682</ele><time>2027-01-17T09:11:26Z</time></wpt>
<wpt lat="46.199615" lon="6.778401"><ele>1682</ele><time>2027-01-17T09:11:29Z</time></wpt>
<wpt lat="46.199540" lon="6.778414"><ele>1682</ele><time>2027-01-17T09:11:31Z</time></wpt>
<wpt lat="46.199465" lon="6.778427"><ele>1682</ele><time>2027-01-17T09:11:33Z</time></wpt>
<wpt lat="46.199390" lon="6.778440"><ele>1723</ele><time>2027-01-17T09:11:35Z</time></wpt>
<wpt lat="46.199316" lon="6.778454"><ele>1723</ele><time>2027-01-17T09:11:37Z</time></wpt>
<wpt lat="46.199241" lon="6.778468"><ele>1723</ele><time>2027-01-17T09:11:39Z</time></wpt>
<wpt lat="46.199167" lon="6.778482"><ele>1723</ele><time>2027-01-17T09:11:41Z</time></wpt>
<wpt lat="46.199092" lon="6.778496"><ele>1723</ele><time>2027-01-17T09:11:43Z</time></wpt>
<wpt lat="46.199018" lon="6.778509"><ele>1723</ele><time>2027-01-17T09:11:45Z</time></wpt>
<wpt lat="46.198943" lon="6.778523"><ele>1723</ele><time>2027-01-17T09:11:47Z</time></wpt>
<wpt lat="46.198869" lon="6.778537"><ele>1723</ele><time>2027-01-17T09:11:49Z</time></wpt>
<wpt lat="46.198794" lon="6.778551"><ele>1723</ele><time>2027-01-17T09:11:51Z</time></wpt>
<wpt lat="46.198720" lon="6.778565"><ele>1723</ele><time>2027-01-17T09:11:54Z</time></wpt>
<wpt lat="46.198646" lon="6.778579"><ele>1723</ele><time>2027-01-17T09:11:56Z</time></wpt>
<wpt lat="46.198571" lon="6.778593"><ele>1723</ele><time>2027-01-17T09:11:58Z</time></wpt>
<wpt lat="46.198497" lon="6.778607"><ele>1723</ele><time>2027-01-17T09:12:00Z</time></wpt>
<wpt lat="46.198422" lon="6.778621"><ele>1723</ele><time>2027-01-17T09:12:02Z</time></wpt>
<wpt lat="46.198348" lon="6.778634"><ele>1723</ele><time>2027-01-17T09:12:04Z</time></wpt>
<wpt lat="46.198273" lon="6.778648"><ele>1723</ele><time>2027-01-17T09:12:06Z</time></wpt>
<wpt lat="46.198199" lon="6.778662"><ele>1723</ele><time>2027-01-17T09:12:08Z</time></wpt>
<wpt lat="46.198124" lon="6.778676"><ele>1723</ele><time>2027-01-17T09:12:10Z</time></wpt>
<wpt lat="46.198050" lon="6.778690"><ele>1759</ele><time>2027-01-17T09:12:12Z</time></wpt>
<wpt lat="46.197975" lon="6.778702"><ele>1759</ele><time>2027-01-17T09:12:14Z</time></wpt>
<wpt lat="46.197901" lon="6.778714"><ele>1759</ele><time>2027-01-17T09:12:16Z</time></wpt>
<wpt lat="46.197826" lon="6.778726"><ele>1759</ele><time>2027-01-17T09:12:19Z</time></wpt>
<wpt lat="46.197751" lon="6.778738"><ele>1759</ele><time>2027-01-17T09:12:21Z</time></wpt>
<wpt lat="46.197676" lon="6.778751"><ele>1759</ele><time>2027-01-17T09:12:23Z</time></wpt>
<wpt lat="46.197602" lon="6.778763"><ele>1759</ele><time>2027-01-17T09:12:25Z</time></wpt>
<wpt lat="46.197527" lon="6.778775"><ele>1759</ele><time>2027-01-17T09:12:27Z</time></wpt>
<wpt lat="46.197452" lon="6.778787"><ele>1759</ele><time>2027-01-17T09:12:29Z</time></wpt>
<wpt lat="46.197377" lon="6.778799"><ele>1759</ele><time>2027-01-17T09:12:31Z</time></wpt>
<wpt lat="46.197303" lon="6.778811"><ele>1759</ele><time>2027-01-17T09:12:33Z</time></wpt>
<wpt lat="46.197228" lon="6.778823"><ele>1759</ele><time>2027-01-17T09:12:35Z</time></wpt>
<wpt lat="46.197153" lon="6.778835"><ele>1759</ele><time>2027-01-17T09:12:37Z</time></wpt>
<wpt lat="46.197078" lon="6.778847"><ele>1759</ele><time>2027-01-17T09:12:39Z</time></wpt>
<wpt lat="46.197004" lon="6.778859"><ele>1759</ele><time>2027-01-17T09:12:42Z</time></wpt>
<wpt lat="46.196929" lon="6.778872"><ele>1759</ele><time>2027-01-17T09:12:44Z</time></wpt>
<wpt lat="46.196854" lon="6.778884"><ele>1759</ele><time>2027-01-17T09:12:46Z</time></wpt>
<wpt lat="46.196779" lon="6.778896"><ele>1759</ele><time>2027-01-17T09:12:48Z</time></wpt>
<wpt lat="46.196705" lon="6.778908"><ele>1759</ele><time>2027-01-17T09:12:50Z</time></wpt>
<wpt lat="46.196630" lon="6.778920"><ele>1800</ele><time>2027-01-17T09:12:52Z</time></wpt>
<wpt lat="46.196556" lon="6.778933"><ele>1800</ele><time>2027-01-17T09:12:54Z</time></wpt>
<wpt lat="46.196481" lon="6.778947"><ele>1800</ele><time>2027-01-17T09:12:56Z</time></wpt>
<wpt lat="46.196407" lon="6.778961"><ele>1800</ele><time>2027-01-17T09:12:58Z</time></wpt>
<wpt lat="46.196332" lon="6.778974"><ele>1800</ele><time>2027-01-17T09:13:00Z</time></wpt>
<wpt lat="46.196258" lon="6.778988"><ele>1800</ele><time>2027-01-17T09:13:02Z</time></wpt>
<wpt lat="46.196183" lon="6.779001"><ele>1800</ele><time>2027-01-17T09:13:04Z</time></wpt>
<wpt lat="46.196109" lon="6.779014"><ele>1800</ele><time>2027-01-17T09:13:07Z</time></wpt>
<wpt lat="46.196034" lon="6.779028"><ele>1800</ele><time>2027-01-17T09:13:09Z</time></wpt>
<wpt lat="46.195960" lon="6.779041"><ele>1800</ele><time>2027-01-17T09:13:11Z</time></wpt>
<wpt lat="46.195885" lon="6.779055"><ele>1800</ele><time>2027-01-17T09:13:13Z</time></wpt>
<wpt lat="46.195811" lon="6.779069"><ele>1800</ele><time>2027-01-17T09:13:15Z</time></wpt>
<wpt lat="46.195736" lon="6.779082"><ele>1800</ele><time>2027-01-17T09:13:17Z</time></wpt>
<wpt lat="46.195661" lon="6.779096"><ele>1800</ele><time>2027-01-17T09:13:19Z</time></wpt>
<wpt lat="46.195587" lon="6.779109"><ele>1800</ele><time>2027-01-17T09:13:21Z</time></wpt>
<wpt lat="46.195512" lon="6.779122"><ele>1800</ele><time>2027-01-17T09:13:23Z</time></wpt>
<wpt lat="46.195438" lon="6.779136"><ele>1800</ele><time>2027-01-17T09:13:25Z</time></wpt>
<wpt lat="46.195363" lon="6.779149"><ele>1800</ele><time>2027-01-17T09:13:27Z</time></wpt>
<wpt lat="46.195289" lon="6.779163"><ele>1800</ele><time>2027-01-17T09:13:29Z</time></wpt>
<wpt lat="46.195214" lon="6.779177"><ele>1800</ele><time>2027-01-17T09:13:32Z</time></wpt>
<wpt lat="46.195140" lon="6.779190"><ele>1854</ele><time>2027-01-17T09:13:34Z</time></wpt>
<wpt lat="46.195068" lon="6.779202"><ele>1854</ele><time>2027-01-17T09:13:36Z</time></wpt>
<wpt lat="46.194995" lon="6.779214"><ele>1854</ele><time>2027-01-17T09:13:38Z</time></wpt>
<wpt lat="46.194923" lon="6.779226"><ele>1854</ele><time>2027-01-17T09:13:40Z</time></wpt>
<wpt lat="46.194850" lon="6.779238"><ele>1854</ele><time>2027-01-17T09:13:42Z</time></wpt>
<wpt lat="46.194778" lon="6.779250"><ele>1854</ele><time>2027-01-17T09:13:44Z</time></wpt>
<wpt lat="46.194705" lon="6.779262"><ele>1854</ele><time>2027-01-17T09:13:46Z</time></wpt>
<wpt lat="46.194632" lon="6.779275"><ele>1854</ele><time>2027-01-17T09:13:48Z</time></wpt>
<wpt lat="46.194560" lon="6.779287"><ele>1854</ele><time>2027-01-17T09:13:50Z</time></wpt>
<wpt lat="46.194488" lon="6.779299"><ele>1854</ele><time>2027-01-17T09:13:52Z</time></wpt>
<wpt lat="46.194415" lon="6.779311"><ele>1854</ele><time>2027-01-17T09:13:54Z</time></wpt>
<wpt lat="46.194342" lon="6.779323"><ele>1854</ele><time>2027-01-17T09:13:56Z</time></wpt>
<wpt lat="46.194270" lon="6.779335"><ele>1854</ele><time>2027-01-17T09:13:58Z</time></wpt>
<wpt lat="46.194198" lon="6.779347"><ele>1854</ele><time>2027-01-17T09:14:00Z</time></wpt>
<wpt lat="46.194125" lon="6.779359"><ele>1854</ele><time>2027-01-17T09:14:02Z</time></wpt>
<wpt lat="46.194052" lon="6.779371"><ele>1854</ele><time>2027-01-17T09:14:04Z</time></wpt>
<wpt lat="46.193980" lon="6.779383"><ele>1854</ele><time>2027-01-17T09:14:06Z</time></wpt>
<wpt lat="46.193908" lon="6.779395"><ele>1854</ele><time>2027-01-17T09:14:08Z</time></wpt>
<wpt lat="46.193835" lon="6.779408"><ele>1854</ele><time>2027-01-17T09:14:10Z</time></wpt>
<wpt lat="46.193762" lon="6.779420"><ele>1854</ele><time>2027-01-17T09:14:12Z</time></wpt>
<wpt lat="46.193690" lon="6.779432"><ele>1854</ele><time>2027-01-17T09:14:14Z</time></wpt>
<wpt lat="46.193617" lon="6.779444"><ele>1854</ele><time>2027-01-17T09:14:16Z</time></wpt>
<wpt lat="46.193545" lon="6.779456"><ele>1854</ele><time>2027-01-17T09:14:18Z</time></wpt>
<wpt lat="46.193472" lon="6.779468"><ele>1854</ele><time>2027-01-17T09:14:20Z</time></wpt>
<wpt lat="46.193400" lon="6.779480"><ele>1925</ele><time>2027-01-17T09:14:22Z</time></wpt>
<wpt lat="46.193300" lon="6.779310"><ele>1926</ele><time>2027-01-17T09:14:24Z</time></wpt>
<wpt lat="46.193497" lon="6.779200"><ele>1926</ele><time>2027-01-17T09:14:26Z</time></wpt>
<wpt lat="46.193693" lon="6.779090"><ele>1926</ele><time>2027-01-17T09:14:29Z</time></wpt>
<wpt lat="46.193890" lon="6.778980"><ele>1913</ele><time>2027-01-17T09:14:31Z</time></wpt>
<wpt lat="46.194070" lon="6.778882"><ele>1913</ele><time>2027-01-17T09:14:33Z</time></wpt>
<wpt lat="46.194250" lon="6.778785"><ele>1913</ele><time>2027-01-17T09:14:35Z</time></wpt>
<wpt lat="46.194430" lon="6.778688"><ele>1913</ele><time>2027-01-17T09:14:37Z</time></wpt>
<wpt lat="46.194610" lon="6.778590"><ele>1889</ele><time>2027-01-17T09:14:40Z</time></wpt>
<wpt lat="46.194792" lon="6.778515"><ele>1889</ele><time>2027-01-17T09:14:42Z</time></wpt>
<wpt lat="46.194975" lon="6.778440"><ele>1889</ele><time>2027-01-17T09:14:44Z</time></wpt>
<wpt lat="46.195158" lon="6.778365"><ele>1889</ele><time>2027-01-17T09:14:46Z</time></wpt>
<wpt lat="46.195340" lon="6.778290"><ele>1857</ele><time>2027-01-17T09:14:48Z</time></wpt>
<wpt lat="46.195547" lon="6.778257"><ele>1857</ele><time>2027-01-17T09:14:50Z</time></wpt>
<wpt lat="46.195753" lon="6.778223"><ele>1857</ele><time>2027-01-17T09:14:53Z</time></wpt>
<wpt lat="46.195960" lon="6.778190"><ele>1829</ele><time>2027-01-17T09:14:55Z</time></wpt>
<wpt lat="46.196100" lon="6.778200"><ele>1824</ele><time>2027-01-17T09:14:56Z</time></wpt>
<wpt lat="46.196110" lon="6.778320"><ele>1823</ele><time>2027-01-17T09:14:57Z</time></wpt>
<wpt lat="46.196130" lon="6.778390"><ele>1822</ele><time>2027-01-17T09:14:58Z</time></wpt>
<wpt lat="46.196140" lon="6.778460"><ele>1821</ele><time>2027-01-17T09:14:58Z</time></wpt>
<wpt lat="46.196140" lon="6.778550"><ele>1820</ele><time>2027-01-17T09:14:59Z</time></wpt>
<wpt lat="46.196150" lon="6.778660"><ele>1819</ele><time>2027-01-17T09:15:00Z</time></wpt>
<wpt lat="46.196110" lon="6.778950"><ele>1817</ele><time>2027-01-17T09:15:02Z</time></wpt>
<wpt lat="46.196282" lon="6.779077"><ele>1817</ele><time>2027-01-17T09:15:04Z</time></wpt>
<wpt lat="46.196455" lon="6.779205"><ele>1817</ele><time>2027-01-17T09:15:07Z</time></wpt>
<wpt lat="46.196628" lon="6.779333"><ele>1817</ele><time>2027-01-17T09:15:09Z</time></wpt>
<wpt lat="46.196800" lon="6.779460"><ele>1792</ele><time>2027-01-17T09:15:11Z</time></wpt>
<wpt lat="46.196980" lon="6.779546"><ele>1792</ele><time>2027-01-17T09:15:13Z</time></wpt>
<wpt lat="46.197160" lon="6.779631"><ele>1792</ele><time>2027-01-17T09:15:15Z</time></wpt>
<wpt lat="46.197340" lon="6.779717"><ele>1792</ele><time>2027-01-17T09:15:17Z</time></wpt>
<wpt lat="46.197520" lon="6.779803"><ele>1792</ele><time>2027-01-17T09:15:19Z</time></wpt>
<wpt lat="46.197700" lon="6.779889"><ele>1792</ele><time>2027-01-17T09:15:21Z</time></wpt>
<wpt lat="46.197880" lon="6.779974"><ele>1792</ele><time>2027-01-17T09:15:24Z</time></wpt>
<wpt lat="46.198060" lon="6.780060"><ele>1750</ele><time>2027-01-17T09:15:26Z</time></wpt>
<wpt lat="46.198245" lon="6.780218"><ele>1750</ele><time>2027-01-17T09:15:28Z</time></wpt>
<wpt lat="46.198430" lon="6.780375"><ele>1750</ele><time>2027-01-17T09:15:30Z</time></wpt>
<wpt lat="46.198615" lon="6.780532"><ele>1750</ele><time>2027-01-17T09:15:33Z</time></wpt>
<wpt lat="46.198800" lon="6.780690"><ele>1721</ele><time>2027-01-17T09:15:35Z</time></wpt>
<wpt lat="46.198980" lon="6.780795"><ele>1721</ele><time>2027-01-17T09:15:37Z</time></wpt>
<wpt lat="46.199160" lon="6.780900"><ele>1706</ele><time>2027-01-17T09:15:40Z</time></wpt>
<wpt lat="46.199360" lon="6.780970"><ele>1699</ele><time>2027-01-17T09:15:42Z</time></wpt>
<wpt lat="46.199510" lon="6.781040"><ele>1694</ele><time>2027-01-17T09:15:44Z</time></wpt>
<wpt lat="46.199610" lon="6.781040"><ele>1691</ele><time>2027-01-17T09:15:45Z</time></wpt>
<wpt lat="46.199650" lon="6.781010"><ele>1690</ele><time>2027-01-17T09:15:45Z</time></wpt>
<wpt lat="46.199780" lon="6.780850"><ele>1686</ele><time>2027-01-17T09:15:47Z</time></wpt>
<wpt lat="46.199900" lon="6.780710"><ele>1682</ele><time>2027-01-17T09:15:49Z</time></wpt>
<wpt lat="46.200040" lon="6.780540"><ele>1678</ele><time>2027-01-17T09:15:51Z</time></wpt>
<wpt lat="46.200120" lon="6.780460"><ele>1676</ele><time>2027-01-17T09:15:52Z</time></wpt>
<wpt lat="46.200180" lon="6.780410"><ele>1675</ele><time>2027-01-17T09:15:53Z</time></wpt>
<wpt lat="46.200240" lon="6.780340"><ele>1673</ele><time>2027-01-17T09:15:53Z</time></wpt>
<wpt lat="46.200290" lon="6.780260"><ele>1672</ele><time>2027-01-17T09:15:54Z</time></wpt>
<wpt lat="46.200370" lon="6.780180"><ele>1671</ele><time>2027-01-17T09:15:55Z</time></wpt>
<wpt lat="46.200430" lon="6.780120"><ele>1670</ele><time>2027-01-17T09:15:56Z</time></wpt>
<wpt lat="46.200480" lon="6.780080"><ele>1668</ele><time>2027-01-17T09:15:57Z</time></wpt>
<wpt lat="46.200550" lon="6.780020"><ele>1667</ele><time>2027-01-17T09:15:58Z</time></wpt>
<wpt lat="46.200660" lon="6.779970"><ele>1664</ele><time>2027-01-17T09:15:59Z</time></wpt>
<wpt lat="46.200740" lon="6.779930"><ele>1662</ele><time>2027-01-17T09:16:00Z</time></wpt>
<wpt lat="46.200940" lon="6.779860"><ele>1656</ele><time>2027-01-17T09:16:02Z</time></wpt>
<wpt lat="46.201200" lon="6.779790"><ele>1649</ele><time>2027-01-17T09:16:05Z</time></wpt>
<wpt lat="46.201480" lon="6.779730"><ele>1642</ele><time>2027-01-17T09:16:08Z</time></wpt>
<wpt lat="46.201600" lon="6.779720"><ele>1639</ele><time>2027-01-17T09:16:10Z</time></wpt>
<wpt lat="46.201805" lon="6.779865"><ele>1639</ele><time>2027-01-17T09:16:12Z</time></wpt>
<wpt lat="46.202010" lon="6.780010"><ele>1624</ele><time>2027-01-17T09:16:15Z</time></wpt>
<wpt lat="46.202010" lon="6.780010"><ele>1624</ele><time>2027-01-17T09:16:15Z</time></wpt>
<wpt lat="46.202070" lon="6.780010"><ele>1623</ele><time>2027-01-17T09:16:15Z</time></wpt>
<wpt lat="46.202230" lon="6.780170"><ele>1623</ele><time>2027-01-17T09:16:18Z</time></wpt>
<wpt lat="46.202390" lon="6.780330"><ele>1610</ele><time>2027-01-17T09:16:20Z</time></wpt>
<wpt lat="46.202488" lon="6.780588"><ele>1610</ele><time>2027-01-17T09:16:22Z</time></wpt>
<wpt lat="46.202585" lon="6.780845"><ele>1610</ele><time>2027-01-17T09:16:24Z</time></wpt>
<wpt lat="46.202682" lon="6.781103"><ele>1610</ele><time>2027-01-17T09:16:27Z</time></wpt>
<wpt lat="46.202780" lon="6.781360"><ele>1587</ele><time>2027-01-17T09:16:29Z</time></wpt>
<wpt lat="46.202935" lon="6.781565"><ele>1587</ele><time>2027-01-17T09:16:31Z</time></wpt>
<wpt lat="46.203090" lon="6.781770"><ele>1573</ele><time>2027-01-17T09:16:33Z</time></wpt>
<wpt lat="46.203420" lon="6.781870"><ele>1565</ele><time>2027-01-17T09:16:37Z</time></wpt>
<wpt lat="46.203640" lon="6.781850"><ele>1565</ele><time>2027-01-17T09:16:40Z</time></wpt>
<wpt lat="46.203860" lon="6.781830"><ele>1558</ele><time>2027-01-17T09:16:42Z</time></wpt>
<wpt lat="46.204095" lon="6.781675"><ele>1558</ele><time>2027-01-17T09:16:45Z</time></wpt>
<wpt lat="46.204330" lon="6.781520"><ele>1552</ele><time>2027-01-17T09:16:48Z</time></wpt>
<wpt lat="46.204463" lon="6.781306"><ele>1552</ele><time>2027-01-17T09:16:50Z</time></wpt>
<wpt lat="46.204596" lon="6.781091"><ele>1552</ele><time>2027-01-17T09:16:52Z</time></wpt>
<wpt lat="46.204729" lon="6.780877"><ele>1552</ele><time>2027-01-17T09:16:54Z</time></wpt>
<wpt lat="46.204861" lon="6.780663"><ele>1552</ele><time>2027-01-17T09:16:57Z</time></wpt>
<wpt lat="46.204994" lon="6.780449"><ele>1552</ele><time>2027-01-17T09:16:59Z</time></wpt>
<wpt lat="46.205127" lon="6.780234"><ele>1552</ele><time>2027-01-17T09:17:01Z</time></wpt>
<wpt lat="46.205260" lon="6.780020"><ele>1532</ele><time>2027-01-17T09:17:03Z</time></wpt>
<wpt lat="46.205370" lon="6.779787"><ele>1532</ele><time>2027-01-17T09:17:05Z</time></wpt>
<wpt lat="46.205480" lon="6.779553"><ele>1532</ele><time>2027-01-17T09:17:08Z</time></wpt>
<wpt lat="46.205590" lon="6.779320"><ele>1532</ele><time>2027-01-17T09:17:10Z</time></wpt>
<wpt lat="46.205700" lon="6.779087"><ele>1532</ele><time>2027-01-17T09:17:12Z</time></wpt>
<wpt lat="46.205810" lon="6.778853"><ele>1532</ele><time>2027-01-17T09:17:14Z</time></wpt>
<wpt lat="46.205920" lon="6.778620"><ele>1506</ele><time>2027-01-17T09:17:16Z</time></wpt>
<wpt lat="46.205940" lon="6.778390"><ele>1505</ele><time>2027-01-17T09:17:18Z</time></wpt>
<wpt lat="46.205980" lon="6.778150"><ele>1504</ele><time>2027-01-17T09:17:20Z</time></wpt>
<wpt lat="46.206030" lon="6.777960"><ele>1504</ele><time>2027-01-17T09:17:22Z</time></wpt>
<wpt lat="46.206100" lon="6.777800"><ele>1503</ele><time>2027-01-17T09:17:23Z</time></wpt>
<wpt lat="46.206210" lon="6.777680"><ele>1503</ele><time>2027-01-17T09:17:25Z</time></wpt>
<wpt lat="46.206400" lon="6.777560"><ele>1501</ele><time>2027-01-17T09:17:27Z</time></wpt>
<wpt lat="46.206550" lon="6.777430"><ele>1500</ele><time>2027-01-17T09:17:29Z</time></wpt>
<wpt lat="46.206670" lon="6.777240"><ele>1501</ele><time>2027-01-17T09:17:31Z</time></wpt>
<wpt lat="46.206460" lon="6.776910"><ele>1507</ele><time>2027-01-17T09:17:34Z</time></wpt>
<wpt lat="46.206290" lon="6.776710"><ele>1512</ele><time>2027-01-17T09:17:37Z</time></wpt>
<wpt lat="46.206150" lon="6.777000"><ele>1512</ele><time>2027-01-17T09:17:39Z</time></wpt>
<wpt lat="46.206010" lon="6.777290"><ele>1509</ele><time>2027-01-17T09:18:42Z</time></wpt>
<wpt lat="46.205937" lon="6.777302"><ele>1509</ele><time>2027-01-17T09:18:44Z</time></wpt>
<wpt lat="46.205864" lon="6.777315"><ele>1509</ele><time>2027-01-17T09:18:46Z</time></wpt>
<wpt lat="46.205791" lon="6.777327"><ele>1509</ele><time>2027-01-17T09:18:48Z</time></wpt>
<wpt lat="46.205718" lon="6.777339"><ele>1509</ele><time>2027-01-17T09:18:50Z</time></wpt>
<wpt lat="46.205645" lon="6.777352"><ele>1509</ele><time>2027-01-17T09:18:52Z</time></wpt>
<wpt lat="46.205572" lon="6.777364"><ele>1509</ele><time>2027-01-17T09:18:54Z</time></wpt>
<wpt lat="46.205499" lon="6.777376"><ele>1509</ele><time>2027-01-17T09:18:56Z</time></wpt>
<wpt lat="46.205426" lon="6.777389"><ele>1509</ele><time>2027-01-17T09:18:58Z</time></wpt>
<wpt lat="46.205354" lon="6.777401"><ele>1509</ele><time>2027-01-17T09:19:00Z</time></wpt>
<wpt lat="46.205281" lon="6.777414"><ele>1509</ele><time>2027-01-17T09:19:03Z</time></wpt>
<wpt lat="46.205208" lon="6.777426"><ele>1509</ele><time>2027-01-17T09:19:05Z</time></wpt>
<wpt lat="46.205135" lon="6.777438"><ele>1509</ele><time>2027-01-17T09:19:07Z</time></wpt>
<wpt lat="46.205062" lon="6.777451"><ele>1509</ele><time>2027-01-17T09:19:09Z</time></wpt>
<wpt lat="46.204989" lon="6.777463"><ele>1509</ele><time>2027-01-17T09:19:11Z</time></wpt>
<wpt lat="46.204916" lon="6.777475"><ele>1509</ele><time>2027-01-17T09:19:13Z</time></wpt>
<wpt lat="46.204843" lon="6.777488"><ele>1509</ele><time>2027-01-17T09:19:15Z</time></wpt>
<wpt lat="46.204770" lon="6.777500"><ele>1551</ele><time>2027-01-17T09:19:17Z</time></wpt>
<wpt lat="46.204695" lon="6.777513"><ele>1551</ele><time>2027-01-17T09:19:19Z</time></wpt>
<wpt lat="46.204621" lon="6.777525"><ele>1551</ele><time>2027-01-17T09:19:21Z</time></wpt>
<wpt lat="46.204546" lon="6.777538"><ele>1551</ele><time>2027-01-17T09:19:23Z</time></wpt>
<wpt lat="46.204472" lon="6.777551"><ele>1551</ele><time>2027-01-17T09:19:25Z</time></wpt>
<wpt lat="46.204397" lon="6.777564"><ele>1551</ele><time>2027-01-17T09:19:27Z</time></wpt>
<wpt lat="46.204323" lon="6.777576"><ele>1551</ele><time>2027-01-17T09:19:29Z</time></wpt>
<wpt lat="46.204248" lon="6.777589"><ele>1551</ele><time>2027-01-17T09:19:31Z</time></wpt>
<wpt lat="46.204174" lon="6.777602"><ele>1551</ele><time>2027-01-17T09:19:33Z</time></wpt>
<wpt lat="46.204099" lon="6.777615"><ele>1551</ele><time>2027-01-17T09:19:36Z</time></wpt>
<wpt lat="46.204025" lon="6.777627"><ele>1551</ele><time>2027-01-17T09:19:38Z</time></wpt>
<wpt lat="46.203950" lon="6.777640"><ele>1587</ele><time>2027-01-17T09:19:40Z</time></wpt>
<wpt lat="46.203875" lon="6.777653"><ele>1587</ele><time>2027-01-17T09:19:42Z</time></wpt>
<wpt lat="46.203801" lon="6.777666"><ele>1587</ele><time>2027-01-17T09:19:44Z</time></wpt>
<wpt lat="46.203726" lon="6.777679"><ele>1587</ele><time>2027-01-17T09:19:46Z</time></wpt>
<wpt lat="46.203651" lon="6.777693"><ele>1587</ele><time>2027-01-17T09:19:48Z</time></wpt>
<wpt lat="46.203576" lon="6.777706"><ele>1587</ele><time>2027-01-17T09:19:50Z</time></wpt>
<wpt lat="46.203502" lon="6.777719"><ele>1587</ele><time>2027-01-17T09:19:52Z</time></wpt>
<wpt lat="46.203427" lon="6.777732"><ele>1587</ele><time>2027-01-17T09:19:54Z</time></wpt>
<wpt lat="46.203352" lon="6.777745"><ele>1587</ele><time>2027-01-17T09:19:56Z</time></wpt>
<wpt lat="46.203277" lon="6.777758"><ele>1587</ele><time>2027-01-17T09:19:58Z</time></wpt>
<wpt lat="46.203203" lon="6.777772"><ele>1587</ele><time>2027-01-17T09:20:01Z</time></wpt>
<wpt lat="46.203128" lon="6.777785"><ele>1587</ele><time>2027-01-17T09:20:03Z</time></wpt>
<wpt lat="46.203053" lon="6.777798"><ele>1587</ele><time>2027-01-17T09:20:05Z</time></wpt>
<wpt lat="46.202978" lon="6.777811"><ele>1587</ele><time>2027-01-17T09:20:07Z</time></wpt>
<wpt lat="46.202904" lon="6.777824"><ele>1587</ele><time>2027-01-17T09:20:09Z</time></wpt>
<wpt lat="46.202829" lon="6.777837"><ele>1587</ele><time>2027-01-17T09:20:11Z</time></wpt>
<wpt lat="46.202754" lon="6.777851"><ele>1587</ele><time>2027-01-17T09:20:13Z</time></wpt>
<wpt lat="46.202679" lon="6.777864"><ele>1587</ele><time>2027-01-17T09:20:15Z</time></wpt>
<wpt lat="46.202605" lon="6.777877"><ele>1587</ele><time>2027-01-17T09:20:17Z</time></wpt>
<wpt lat="46.202530" lon="6.777890"><ele>1634</ele><time>2027-01-17T09:20:19Z</time></wpt>
<wpt lat="46.202453" lon="6.777903"><ele>1634</ele><time>2027-01-17T09:20:22Z</time></wpt>
<wpt lat="46.202376" lon="6.777916"><ele>1634</ele><time>2027-01-17T09:20:24Z</time></wpt>
<wpt lat="46.202299" lon="6.777929"><ele>1634</ele><time>2027-01-17T09:20:26Z</time></wpt>
<wpt lat="46.202222" lon="6.777942"><ele>1634</ele><time>2027-01-17T09:20:28Z</time></wpt>
<wpt lat="46.202145" lon="6.777955"><ele>1634</ele><time>2027-01-17T09:20:30Z</time></wpt>
<wpt lat="46.202068" lon="6.777968"><ele>1634</ele><time>2027-01-17T09:20:32Z</time></wpt>
<wpt lat="46.201992" lon="6.777982"><ele>1634</ele><time>2027-01-17T09:20:34Z</time></wpt>
<wpt lat="46.201915" lon="6.777995"><ele>1634</ele><time>2027-01-17T09:20:37Z</time></wpt>
<wpt lat="46.201838" lon="6.778008"><ele>1634</ele><time>2027-01-17T09:20:39Z</time></wpt>
<wpt lat="46.201761" lon="6.778021"><ele>1634</ele><time>2027-01-17T09:20:41Z</time></wpt>
<wpt lat="46.201684" lon="6.778034"><ele>1634</ele><time>2027-01-17T09:20:43Z</time></wpt>
<wpt lat="46.201607" lon="6.778047"><ele>1634</ele><time>2027-01-17T09:20:45Z</time></wpt>
<wpt lat="46.201530" lon="6.778060"><ele>1668</ele><time>2027-01-17T09:20:47Z</time></wpt>
<wpt lat="46.201450" lon="6.778075"><ele>1668</ele><time>2027-01-17T09:20:50Z</time></wpt>
<wpt lat="46.201370" lon="6.778090"><ele>1668</ele><time>2027-01-17T09:20:52Z</time></wpt>
<wpt lat="46.201290" lon="6.778105"><ele>1668</ele><time>2027-01-17T09:20:54Z</time></wpt>
<wpt lat="46.201210" lon="6.778120"><ele>1668</ele><time>2027-01-17T09:20:56Z</time></wpt>
<wpt lat="46.201130" lon="6.778135"><ele>1668</ele><time>2027-01-17T09:20:59Z</time></wpt>
<wpt lat="46.201050" lon="6.778150"><ele>1668</ele><time>2027-01-17T09:21:01Z</time></wpt>
<wpt lat="46.200970" lon="6.778165"><ele>1668</ele><time>2027-01-17T09:21:03Z</time></wpt>
<wpt lat="46.200890" lon="6.778180"><ele>1682</ele><time>2027-01-17T09:21:05Z</time></wpt>
<wpt lat="46.200815" lon="6.778193"><ele>1682</ele><time>2027-01-17T09:21:07Z</time></wpt>
<wpt lat="46.200740" lon="6.778206"><ele>1682</ele><time>2027-01-17T09:21:09Z</time></wpt>
<wpt lat="46.200665" lon="6.778219"><ele>1682</ele><time>2027-01-17T09:21:12Z</time></wpt>
<wpt lat="46.200590" lon="6.778232"><ele>1682</ele><time>2027-01-17T09:21:14Z</time></wpt>
<wpt lat="46.200515" lon="6.778245"><ele>1682</ele><time>2027-01-17T09:21:16Z</time></wpt>
<wpt lat="46.200440" lon="6.778258"><ele>1682</ele><time>2027-01-17T09:21:18Z</time></wpt>
<wpt lat="46.200365" lon="6.778271"><ele>1682</ele><time>2027-01-17T09:21:20Z</time></wpt>
<wpt lat="46.200290" lon="6.778284"><ele>1682</ele><time>2027-01-17T09:21:22Z</time></wpt>
<wpt lat="46.200215" lon="6.778297"><ele>1682</ele><time>2027-01-17T09:21:24Z</time></wpt>
<wpt lat="46.200140" lon="6.778310"><ele>1682</ele><time>2027-01-17T09:21:26Z</time></wpt>
<wpt lat="46.200065" lon="6.778323"><ele>1682</ele><time>2027-01-17T09:21:28Z</time></wpt>
<wpt lat="46.199990" lon="6.778336"><ele>1682</ele><time>2027-01-17T09:21:30Z</time></wpt>
<wpt lat="46.199915" lon="6.778349"><ele>1682</ele><time>2027-01-17T09:21:32Z</time></wpt>
<wpt lat="46.199840" lon="6.778362"><ele>1682</ele><time>2027-01-17T09:21:35Z</time></wpt>
<wpt lat="46.199765" lon="6.778375"><ele>1682</ele><time>2027-01-17T09:21:37Z</time></wpt>
<wpt lat="46.199690" lon="6.778388"><ele>1682</ele><time>2027-01-17T09:21:39Z</time></wpt>
<wpt lat="46.199615" lon="6.778401"><ele>1682</ele><time>2027-01-17T09:21:41Z</time></wpt>
<wpt lat="46.199540" lon="6.778414"><ele>1682</ele><time>2027-01-17T09:21:43Z</time></wpt>
<wpt lat="46.199465" lon="6.778427"><ele>1682</ele><time>2027-01-17T09:21:45Z</time></wpt>
<wpt lat="46.199390" lon="6.778440"><ele>1723</ele><time>2027-01-17T09:21:47Z</time></wpt>
<wpt lat="46.199316" lon="6.778454"><ele>1723</ele><time>2027-01-17T09:21:49Z</time></wpt>
<wpt lat="46.199241" lon="6.778468"><ele>1723</ele><time>2027-01-17T09:21:51Z</time></wpt>
<wpt lat="46.199167" lon="6.778482"><ele>1723</ele><time>2027-01-17T09:21:53Z</time></wpt>
<wpt lat="46.199092" lon="6.778496"><ele>1723</ele><time>2027-01-17T09:21:55Z</time></wpt>
<wpt lat="46.199018" lon="6.778509"><ele>1723</ele><time>2027-01-17T09:21:58Z</time></wpt>
<wpt lat="46.198943" lon="6.778523"><ele>1723</ele><time>2027-01-17T09:22:00Z</time></wpt>
<wpt lat="46.198869" lon="6.778537"><ele>1723</ele><time>2027-01-17T09:22:02Z</time></wpt>
<wpt lat="46.198794" lon="6.778551"><ele>1723</ele><time>2027-01-17T09:22:04Z</time></wpt>
<wpt lat="46.198720" lon="6.778565"><ele>1723</ele><time>2027-01-17T09:22:06Z</time></wpt>
<wpt lat="46.198646" lon="6.778579"><ele>1723</ele><time>2027-01-17T09:22:08Z</time></wpt>
<wpt lat="46.198571" lon="6.778593"><ele>1723</ele><time>2027-01-17T09:22:10Z</time></wpt>
<wpt lat="46.198497" lon="6.778607"><ele>1723</ele><time>2027-01-17T09:22:12Z</time></wpt>
<wpt lat="46.198422" lon="6.778621"><ele>1723</ele><time>2027-01-17T09:22:14Z</time></wpt>
<wpt lat="46.198348" lon="6.778634"><ele>1723</ele><time>2027-01-17T09:22:16Z</time></wpt>
<wpt lat="46.198273" lon="6.778648"><ele>1723</ele><time>2027-01-17T09:22:18Z</time></wpt>
<wpt lat="46.198199" lon="6.778662"><ele>1723</ele><time>2027-01-17T09:22:20Z</time></wpt>
<wpt lat="46.198124" lon="6.778676"><ele>1723</ele><time>2027-01-17T09:22:23Z</time></wpt>
<wpt lat="46.198050" lon="6.778690"><ele>1759</ele><time>2027-01-17T09:22:25Z</time></wpt>
<wpt lat="46.197975" lon="6.778702"><ele>1759</ele><time>2027-01-17T09:22:27Z</time></wpt>
<wpt lat="46.197901" lon="6.778714"><ele>1759</ele><time>2027-01-17T09:22:29Z</time></wpt>
<wpt lat="46.197826" lon="6.778726"><ele>1759</ele><time>2027-01-17T09:22:31Z</time></wpt>
<wpt lat="46.197751" lon="6.778738"><ele>1759</ele><time>2027-01-17T09:22:33Z</time></wpt>
<wpt lat="46.197676" lon="6.778751"><ele>1759</ele><time>2027-01-17T09:22:35Z</time></wpt>
<wpt lat="46.197602" lon="6.778763"><ele>1759</ele><time>2027-01-17T09:22:37Z</time></wpt>
<wpt lat="46.197527" lon="6.778775"><ele>1759</ele><time>2027-01-17T09:22:39Z</time></wpt>
<wpt lat="46.197452" lon="6.778787"><ele>1759</ele><time>2027-01-17T09:22:41Z</time></wpt>
<wpt lat="46.197377" lon="6.778799"><ele>1759</ele><time>2027-01-17T09:22:43Z</time></wpt>
<wpt lat="46.197303" lon="6.778811"><ele>1759</ele><time>2027-01-17T09:22:46Z</time></wpt>
<wpt lat="46.197228" lon="6.778823"><ele>1759</ele><time>2027-01-17T09:22:48Z</time></wpt>
<wpt lat="46.197153" lon="6.778835"><ele>1759</ele><time>2027-01-17T09:22:50Z</time></wpt>
<wpt lat="46.197078" lon="6.778847"><ele>1759</ele><time>2027-01-17T09:22:52Z</time></wpt>
<wpt lat="46.197004" lon="6.778859"><ele>1759</ele><time>2027-01-17T09:22:54Z</time></wpt>
<wpt lat="46.196929" lon="6.778872"><ele>1759</ele><time>2027-01-17T09:22:56Z</time></wpt>
<wpt lat="46.196854" lon="6.778884"><ele>1759</ele><time>2027-01-17T09:22:58Z</time></wpt>
<wpt lat="46.196779" lon="6.778896"><ele>1759</ele><time>2027-01-17T09:23:00Z</time></wpt>
<wpt lat="46.196705" lon="6.778908"><ele>1759</ele><time>2027-01-17T09:23:02Z</time></wpt>
<wpt lat="46.196630" lon="6.778920"><ele>1800</ele><time>2027-01-17T09:23:04Z</time></wpt>
<wpt lat="46.196556" lon="6.778933"><ele>1800</ele><time>2027-01-17T09:23:06Z</time></wpt>
<wpt lat="46.196481" lon="6.778947"><ele>1800</ele><time>2027-01-17T09:23:08Z</time></wpt>
<wpt lat="46.196407" lon="6.778961"><ele>1800</ele><time>2027-01-17T09:23:11Z</time></wpt>
<wpt lat="46.196332" lon="6.778974"><ele>1800</ele><time>2027-01-17T09:23:13Z</time></wpt>
<wpt lat="46.196258" lon="6.778988"><ele>1800</ele><time>2027-01-17T09:23:15Z</time></wpt>
<wpt lat="46.196183" lon="6.779001"><ele>1800</ele><time>2027-01-17T09:23:17Z</time></wpt>
<wpt lat="46.196109" lon="6.779014"><ele>1800</ele><time>2027-01-17T09:23:19Z</time></wpt>
<wpt lat="46.196034" lon="6.779028"><ele>1800</ele><time>2027-01-17T09:23:21Z</time></wpt>
<wpt lat="46.195960" lon="6.779041"><ele>1800</ele><time>2027-01-17T09:23:23Z</time></wpt>
<wpt lat="46.195885" lon="6.779055"><ele>1800</ele><time>2027-01-17T09:23:25Z</time></wpt>
<wpt lat="46.195811" lon="6.779069"><ele>1800</ele><time>2027-01-17T09:23:27Z</time></wpt>
<wpt lat="46.195736" lon="6.779082"><ele>1800</ele><time>2027-01-17T09:23:29Z</time></wpt>
<wpt lat="46.195661" lon="6.779096"><ele>1800</ele><time>2027-01-17T09:23:31Z</time></wpt>
<wpt lat="46.195587" lon="6.779109"><ele>1800</ele><time>2027-01-17T09:23:33Z</time></wpt>
<wpt lat="46.195512" lon="6.779122"><ele>1800</ele><time>2027-01-17T09:23:36Z</time></wpt>
<wpt lat="46.195438" lon="6.779136"><ele>1800</ele><time>2027-01-17T09:23:38Z</time></wpt>
<wpt lat="46.195363" lon="6.779149"><ele>1800</ele><time>2027-01-17T09:23:40Z</time></wpt>
<wpt lat="46.195289" lon="6.779163"><ele>1800</ele><time>2027-01-17T09:23:42Z</time></wpt>
<wpt lat="46.195214" lon="6.779177"><ele>1800</ele><time>2027-01-17T09:23:44Z</time></wpt>
<wpt lat="46.195140" lon="6.779190"><ele>1854</ele><time>2027-01-17T09:23:46Z</time></wpt>
<wpt lat="46.195068" lon="6.779202"><ele>1854</ele><time>2027-01-17T09:23:48Z</time></wpt>
<wpt lat="46.194995" lon="6.779214"><ele>1854</ele><time>2027-01-17T09:23:50Z</time></wpt>
<wpt lat="46.194923" lon="6.779226"><ele>1854</ele><time>2027-01-17T09:23:52Z</time></wpt>
<wpt lat="46.194850" lon="6.779238"><ele>1854</ele><time>2027-01-17T09:23:54Z</time></wpt>
<wpt lat="46.194778" lon="6.779250"><ele>1854</ele><time>2027-01-17T09:23:56Z</time></wpt>
<wpt lat="46.194705" lon="6.779262"><ele>1854</ele><time>2027-01-17T09:23:58Z</time></wpt>
<wpt lat="46.194632" lon="6.779275"><ele>1854</ele><time>2027-01-17T09:24:00Z</time></wpt>
<wpt lat="46.194560" lon="6.779287"><ele>1854</ele><time>2027-01-17T09:24:02Z</time></wpt>
<wpt lat="46.194488" lon="6.779299"><ele>1854</ele><time>2027-01-17T09:24:04Z</time></wpt>
<wpt lat="46.194415" lon="6.779311"><ele>1854</ele><time>2027-01-17T09:24:06Z</time></wpt>
<wpt lat="46.194342" lon="6.779323"><ele>1854</ele><time>2027-01-17T09:24:08Z</time></wpt>
<wpt lat="46.194270" lon="6.779335"><ele>1854</ele><time>2027-01-17T09:24:10Z</time></wpt>
<wpt lat="46.194198" lon="6.779347"><ele>1854</ele><time>2027-01-17T09:24:12Z</time></wpt>
<wpt lat="46.194125" lon="6.779359"><ele>1854</ele><time>2027-01-17T09:24:14Z</time></wpt>
<wpt lat="46.194052" lon="6.779371"><ele>1854</ele><time>2027-01-17T09:24:16Z</time></wpt>
<wpt lat="46.193980" lon="6.779383"><ele>1854</ele><time>2027-01-17T09:24:18Z</time></wpt>
<wpt lat="46.193908" lon="6.779395"><ele>1854</ele><time>2027-01-17T09:24:20Z</time></wpt>
<wpt lat="46.193835" lon="6.779408"><ele>1854</ele><time>2027-01-17T09:24:22Z</time></wpt>
<wpt lat="46.193762" lon="6.779420"><ele>1854</ele><time>2027-01-17T09:24:24Z</time></wpt>
<wpt lat="46.193690" lon="6.779432"><ele>1854</ele><time>2027-01-17T09:24:26Z</time></wpt>
<wpt lat="46.193617" lon="6.779444"><ele>1854</ele><time>2027-01-17T09:24:29Z</time></wpt>
<wpt lat="46.193545" lon="6.779456"><ele>1854</ele><time>2027-01-17T09:24:31Z</time></wpt>
<wpt lat="46.193472" lon="6.779468"><ele>1854</ele><time>2027-01-17T09:24:33Z</time></wpt>
<wpt lat="46.193400" lon="6.779480"><ele>1925</ele><time>2027-01-17T09:24:35Z</time></wpt>
<wpt lat="46.193300" lon="6.779310"><ele>1926</ele><time>2027-01-17T09:24:36Z</time></wpt>
<wpt lat="46.193497" lon="6.779200"><ele>1926</ele><time>2027-01-17T09:24:39Z</time></wpt>
<wpt lat="46.193693" lon="6.779090"><ele>1926</ele><time>2027-01-17T09:24:41Z</time></wpt>
<wpt lat="46.193890" lon="6.778980"><ele>1913</ele><time>2027-01-17T09:24:43Z</time></wpt>
<wpt lat="46.194070" lon="6.778882"><ele>1913</ele><time>2027-01-17T09:24:45Z</time></wpt>
<wpt lat="46.194250" lon="6.778785"><ele>1913</ele><time>2027-01-17T09:24:48Z</time></wpt>
<wpt lat="46.194430" lon="6.778688"><ele>1913</ele><time>2027-01-17T09:24:50Z</time></wpt>
<wpt lat="46.194610" lon="6.778590"><ele>1889</ele><time>2027-01-17T09:24:52Z</time></wpt>
<wpt lat="46.194792" lon="6.778515"><ele>1889</ele><time>2027-01-17T09:24:54Z</time></wpt>
<wpt lat="46.194975" lon="6.778440"><ele>1889</ele><time>2027-01-17T09:24:56Z</time></wpt>
<wpt lat="46.195158" lon="6.778365"><ele>1889</ele><time>2027-01-17T09:24:58Z</time></wpt>
<wpt lat="46.195340" lon="6.778290"><ele>1857</ele><time>2027-01-17T09:25:00Z</time></wpt>
<wpt lat="46.195547" lon="6.778257"><ele>1857</ele><time>2027-01-17T09:25:03Z</time></wpt>
<wpt lat="46.195753" lon="6.778223"><ele>1857</ele><time>2027-01-17T09:25:05Z</time></wpt>
<wpt lat="46.195960" lon="6.778190"><ele>1829</ele><time>2027-01-17T09:25:07Z</time></wpt>
<wpt lat="46.196100" lon="6.778200"><ele>1824</ele><time>2027-01-17T09:25:09Z</time></wpt>
<wpt lat="46.196100" lon="6.778200"><ele>1824</ele><time>2027-01-17T09:25:09Z</time></wpt>
<wpt lat="46.196160" lon="6.777940"><ele>1822</ele><time>2027-01-17T09:25:11Z</time></wpt>
<wpt lat="46.196260" lon="6.777700"><ele>1818</ele><time>2027-01-17T09:25:13Z</time></wpt>
<wpt lat="46.196310" lon="6.777490"><ele>1816</ele><time>2027-01-17T09:25:15Z</time></wpt>
<wpt lat="46.196420" lon="6.777030"><ele>1810</ele><time>2027-01-17T09:25:18Z</time></wpt>
<wpt lat="46.196450" lon="6.776740"><ele>1808</ele><time>2027-01-17T09:25:21Z</time></wpt>
<wpt lat="46.196540" lon="6.776280"><ele>1803</ele><time>2027-01-17T09:25:24Z</time></wpt>
<wpt lat="46.196700" lon="6.776070"><ele>1797</ele><time>2027-01-17T09:25:27Z</time></wpt>
<wpt lat="46.196940" lon="6.775760"><ele>1788</ele><time>2027-01-17T09:25:30Z</time></wpt>
<wpt lat="46.197140" lon="6.775590"><ele>1782</ele><time>2027-01-17T09:25:33Z</time></wpt>
<wpt lat="46.197345" lon="6.775415"><ele>1782</ele><time>2027-01-17T09:25:36Z</time></wpt>
<wpt lat="46.197550" lon="6.775240"><ele>1775</ele><time>2027-01-17T09:25:38Z</time></wpt>
<wpt lat="46.197770" lon="6.775100"><ele>1772</ele><time>2027-01-17T09:25:41Z</time></wpt>
<wpt lat="46.198005" lon="6.774950"><ele>1772</ele><time>2027-01-17T09:25:44Z</time></wpt>
<wpt lat="46.198240" lon="6.774800"><ele>1766</ele><time>2027-01-17T09:25:47Z</time></wpt>
<wpt lat="46.198510" lon="6.774670"><ele>1762</ele><time>2027-01-17T09:25:50Z</time></wpt>
<wpt lat="46.198730" lon="6.774530"><ele>1759</ele><time>2027-01-17T09:25:52Z</time></wpt>
<wpt lat="46.198850" lon="6.774420"><ele>1757</ele><time>2027-01-17T09:25:54Z</time></wpt>
<wpt lat="46.199050" lon="6.774300"><ele>1753</ele><time>2027-01-17T09:25:56Z</time></wpt>
<wpt lat="46.199290" lon="6.774150"><ele>1748</ele><time>2027-01-17T09:25:59Z</time></wpt>
<wpt lat="46.199560" lon="6.774100"><ele>1741</ele><time>2027-01-17T09:26:02Z</time></wpt>
<wpt lat="46.199720" lon="6.774170"><ele>1736</ele><time>2027-01-17T09:26:04Z</time></wpt>
<wpt lat="46.199790" lon="6.774290"><ele>1733</ele><time>2027-01-17T09:26:05Z</time></wpt>
<wpt lat="46.199880" lon="6.774550"><ele>1728</ele><time>2027-01-17T09:26:08Z</time></wpt>
<wpt lat="46.199950" lon="6.774650"><ele>1726</ele><time>2027-01-17T09:26:09Z</time></wpt>
<wpt lat="46.200030" lon="6.774670"><ele>1723</ele><time>2027-01-17T09:26:10Z</time></wpt>
<wpt lat="46.200160" lon="6.774600"><ele>1721</ele><time>2027-01-17T09:26:11Z</time></wpt>
<wpt lat="46.200300" lon="6.774450"><ele>1718</ele><time>2027-01-17T09:26:13Z</time></wpt>
<wpt lat="46.200480" lon="6.774250"><ele>1715</ele><time>2027-01-17T09:26:16Z</time></wpt>
<wpt lat="46.200480" lon="6.774250"><ele>1715</ele><time>2027-01-17T09:26:16Z</time></wpt>
<wpt lat="46.200624" lon="6.774082"><ele>1715</ele><time>2027-01-17T09:26:18Z</time></wpt>
<wpt lat="46.200768" lon="6.773914"><ele>1715</ele><time>2027-01-17T09:26:20Z</time></wpt>
<wpt lat="46.200912" lon="6.773746"><ele>1715</ele><time>2027-01-17T09:26:22Z</time></wpt>
<wpt lat="46.201056" lon="6.773578"><ele>1715</ele><time>2027-01-17T09:26:24Z</time></wpt>
<wpt lat="46.201200" lon="6.773410"><ele>1695</ele><time>2027-01-17T09:26:26Z</time></wpt>
<wpt lat="46.201375" lon="6.773225"><ele>1695</ele><time>2027-01-17T09:26:28Z</time></wpt>
<wpt lat="46.201550" lon="6.773040"><ele>1685</ele><time>2027-01-17T09:26:31Z</time></wpt>
<wpt lat="46.201840" lon="6.772820"><ele>1680</ele><time>2027-01-17T09:26:34Z</time></wpt>
<wpt lat="46.202160" lon="6.772590"><ele>1676</ele><time>2027-01-17T09:26:38Z</time></wpt>
<wpt lat="46.202300" lon="6.772640"><ele>1674</ele><time>2027-01-17T09:26:40Z</time></wpt>
<wpt lat="46.202480" lon="6.772770"><ele>1672</ele><time>2027-01-17T09:26:42Z</time></wpt>
<wpt lat="46.202660" lon="6.772850"><ele>1669</ele><time>2027-01-17T09:26:44Z</time></wpt>
<wpt lat="46.202920" lon="6.772850"><ele>1665</ele><time>2027-01-17T09:26:47Z</time></wpt>
<wpt lat="46.203110" lon="6.772790"><ele>1662</ele><time>2027-01-17T09:26:49Z</time></wpt>
<wpt lat="46.203325" lon="6.772710"><ele>1662</ele><time>2027-01-17T09:26:52Z</time></wpt>
<wpt lat="46.203540" lon="6.772630"><ele>1656</ele><time>2027-01-17T09:26:54Z</time></wpt>
<wpt lat="46.203723" lon="6.772600"><ele>1656</ele><time>2027-01-17T09:26:56Z</time></wpt>
<wpt lat="46.203907" lon="6.772570"><ele>1656</ele><time>2027-01-17T09:26:58Z</time></wpt>
<wpt lat="46.204090" lon="6.772540"><ele>1646</ele><time>2027-01-17T09:27:00Z</time></wpt>
<wpt lat="46.204440" lon="6.772440"><ele>1634</ele><time>2027-01-17T09:27:04Z</time></wpt>
<wpt lat="46.204595" lon="6.772270"><ele>1634</ele><time>2027-01-17T09:27:07Z</time></wpt>
<wpt lat="46.204750" lon="6.772100"><ele>1625</ele><time>2027-01-17T09:27:09Z</time></wpt>
<wpt lat="46.204860" lon="6.771970"><ele>1623</ele><time>2027-01-17T09:27:10Z</time></wpt>
<wpt lat="46.205040" lon="6.771750"><ele>1619</ele><time>2027-01-17T09:27:13Z</time></wpt>
<wpt lat="46.205185" lon="6.771540"><ele>1619</ele><time>2027-01-17T09:27:15Z</time></wpt>
<wpt lat="46.205330" lon="6.771330"><ele>1613</ele><time>2027-01-17T09:27:17Z</time></wpt>
<wpt lat="46.205465" lon="6.771105"><ele>1613</ele><time>2027-01-17T09:27:20Z</time></wpt>
<wpt lat="46.205600" lon="6.770880"><ele>1606</ele><time>2027-01-17T09:27:22Z</time></wpt>
<wpt lat="46.205745" lon="6.770685"><ele>1606</ele><time>2027-01-17T09:27:24Z</time></wpt>
<wpt lat="46.205890" lon="6.770490"><ele>1596</ele><time>2027-01-17T09:27:26Z</time></wpt>
<wpt lat="46.206110" lon="6.770440"><ele>1588</ele><time>2027-01-17T09:27:29Z</time></wpt>
<wpt lat="46.206380" lon="6.770320"><ele>1580</ele><time>2027-01-17T09:27:32Z</time></wpt>
<wpt lat="46.206680" lon="6.770040"><ele>1571</ele><time>2027-01-17T09:27:36Z</time></wpt>
<wpt lat="46.206780" lon="6.770090"><ele>1568</ele><time>2027-01-17T09:27:37Z</time></wpt>
<wpt lat="46.206830" lon="6.770230"><ele>1565</ele><time>2027-01-17T09:27:38Z</time></wpt>
<wpt lat="46.206885" lon="6.770505"><ele>1565</ele><time>2027-01-17T09:27:41Z</time></wpt>
<wpt lat="46.206940" lon="6.770780"><ele>1559</ele><time>2027-01-17T09:27:43Z</time></wpt>
<wpt lat="46.207020" lon="6.771060"><ele>1556</ele><time>2027-01-17T09:27:45Z</time></wpt>
<wpt lat="46.207230" lon="6.771240"><ele>1550</ele><time>2027-01-17T09:27:48Z</time></wpt>
<wpt lat="46.207430" lon="6.771240"><ele>1546</ele><time>2027-01-17T09:27:50Z</time></wpt>
<wpt lat="46.207520" lon="6.771200"><ele>1544</ele><time>2027-01-17T09:27:51Z</time></wpt>
<wpt lat="46.207620" lon="6.771130"><ele>1542</ele><time>2027-01-17T09:27:52Z</time></wpt>
<wpt lat="46.207810" lon="6.770750"><ele>1537</ele><time>2027-01-17T09:27:56Z</time></wpt>
<wpt lat="46.207965" lon="6.770460"><ele>1537</ele><time>2027-01-17T09:27:59Z</time></wpt>
<wpt lat="46.208120" lon="6.770170"><ele>1524</ele><time>2027-01-17T09:28:02Z</time></wpt>
<wpt lat="46.208270" lon="6.769930"><ele>1518</ele><time>2027-01-17T09:28:04Z</time></wpt>
<wpt lat="46.208460" lon="6.769880"><ele>1511</ele><time>2027-01-17T09:28:06Z</time></wpt>
<wpt lat="46.208620" lon="6.769950"><ele>1507</ele><time>2027-01-17T09:28:08Z</time></wpt>
<wpt lat="46.208790" lon="6.770160"><ele>1503</ele><time>2027-01-17T09:28:11Z</time></wpt>
<wpt lat="46.208857" lon="6.770450"><ele>1503</ele><time>2027-01-17T09:28:13Z</time></wpt>
<wpt lat="46.208923" lon="6.770740"><ele>1503</ele><time>2027-01-17T09:28:15Z</time></wpt>
<wpt lat="46.208990" lon="6.771030"><ele>1498</ele><time>2027-01-17T09:28:18Z</time></wpt>
<wpt lat="46.209047" lon="6.771317"><ele>1498</ele><time>2027-01-17T09:28:20Z</time></wpt>
<wpt lat="46.209105" lon="6.771605"><ele>1498</ele><time>2027-01-17T09:28:22Z</time></wpt>
<wpt lat="46.209163" lon="6.771892"><ele>1498</ele><time>2027-01-17T09:28:25Z</time></wpt>
<wpt lat="46.209220" lon="6.772180"><ele>1488</ele><time>2027-01-17T09:28:27Z</time></wpt>
<wpt lat="46.209415" lon="6.772405"><ele>1488</ele><time>2027-01-17T09:28:30Z</time></wpt>
<wpt lat="46.209610" lon="6.772630"><ele>1473</ele><time>2027-01-17T09:28:32Z</time></wpt>
<wpt lat="46.209610" lon="6.772630"><ele>1473</ele><time>2027-01-17T09:28:32Z</time></wpt>
<wpt lat="46.209767" lon="6.772428"><ele>1473</ele><time>2027-01-17T09:28:35Z</time></wpt>
<wpt lat="46.209923" lon="6.772227"><ele>1473</ele><time>2027-01-17T09:28:37Z</time></wpt>
<wpt lat="46.210080" lon="6.772025"><ele>1473</ele><time>2027-01-17T09:28:39Z</time></wpt>
<wpt lat="46.210237" lon="6.771823"><ele>1473</ele><time>2027-01-17T09:28:42Z</time></wpt>
<wpt lat="46.210393" lon="6.771622"><ele>1473</ele><time>2027-01-17T09:28:44Z</time></wpt>
<wpt lat="46.210550" lon="6.771420"><ele>1430</ele><time>2027-01-17T09:28:46Z</time></wpt>
<wpt lat="46.210711" lon="6.771267"><ele>1430</ele><time>2027-01-17T09:28:49Z</time></wpt>
<wpt lat="46.210872" lon="6.771113"><ele>1430</ele><time>2027-01-17T09:28:51Z</time></wpt>
<wpt lat="46.211033" lon="6.770960"><ele>1430</ele><time>2027-01-17T09:28:53Z</time></wpt>
<wpt lat="46.211194" lon="6.770807"><ele>1430</ele><time>2027-01-17T09:28:55Z</time></wpt>
<wpt lat="46.211356" lon="6.770653"><ele>1430</ele><time>2027-01-17T09:28:57Z</time></wpt>
<wpt lat="46.211517" lon="6.770500"><ele>1430</ele><time>2027-01-17T09:28:59Z</time></wpt>
<wpt lat="46.211678" lon="6.770347"><ele>1430</ele><time>2027-01-17T09:29:01Z</time></wpt>
<wpt lat="46.211839" lon="6.770193"><ele>1430</ele><time>2027-01-17T09:29:04Z</time></wpt>
<wpt lat="46.212000" lon="6.770040"><ele>1380</ele><time>2027-01-17T09:29:06Z</time></wpt>
<wpt lat="46.212067" lon="6.769793"><ele>1380</ele><time>2027-01-17T09:29:08Z</time></wpt>
<wpt lat="46.212133" lon="6.769547"><ele>1380</ele><time>2027-01-17T09:29:10Z</time></wpt>
<wpt lat="46.212200" lon="6.769300"><ele>1367</ele><time>2027-01-17T09:29:12Z</time></wpt>
<wpt lat="46.212235" lon="6.768915"><ele>1367</ele><time>2027-01-17T09:29:15Z</time></wpt>
<wpt lat="46.212270" lon="6.768530"><ele>1351</ele><time>2027-01-17T09:29:18Z</time></wpt>
<wpt lat="46.212230" lon="6.768255"><ele>1351</ele><time>2027-01-17T09:29:20Z</time></wpt>
<wpt lat="46.212190" lon="6.767980"><ele>1337</ele><time>2027-01-17T09:29:22Z</time></wpt>
<wpt lat="46.212065" lon="6.767785"><ele>1337</ele><time>2027-01-17T09:29:24Z</time></wpt>
<wpt lat="46.211940" lon="6.767590"><ele>1327</ele><time>2027-01-17T09:29:26Z</time></wpt>
<wpt lat="46.211765" lon="6.767380"><ele>1327</ele><time>2027-01-17T09:29:29Z</time></wpt>
<wpt lat="46.211590" lon="6.767170"><ele>1316</ele><time>2027-01-17T09:29:31Z</time></wpt>
<wpt lat="46.211450" lon="6.766940"><ele>1309</ele><time>2027-01-17T09:29:34Z</time></wpt>
<wpt lat="46.211470" lon="6.766660"><ele>1298</ele><time>2027-01-17T09:29:36Z</time></wpt>
<wpt lat="46.211578" lon="6.766422"><ele>1298</ele><time>2027-01-17T09:29:38Z</time></wpt>
<wpt lat="46.211686" lon="6.766184"><ele>1298</ele><time>2027-01-17T09:29:40Z</time></wpt>
<wpt lat="46.211794" lon="6.765946"><ele>1298</ele><time>2027-01-17T09:29:42Z</time></wpt>
<wpt lat="46.211902" lon="6.765708"><ele>1298</ele><time>2027-01-17T09:29:45Z</time></wpt>
<wpt lat="46.212010" lon="6.765470"><ele>1263</ele><time>2027-01-17T09:29:47Z</time></wpt>
<wpt lat="46.212096" lon="6.765239"><ele>1263</ele><time>2027-01-17T09:29:49Z</time></wpt>
<wpt lat="46.212181" lon="6.765007"><ele>1263</ele><time>2027-01-17T09:29:51Z</time></wpt>
<wpt lat="46.212267" lon="6.764776"><ele>1263</ele><time>2027-01-17T09:29:53Z</time></wpt>
<wpt lat="46.212353" lon="6.764544"><ele>1263</ele><time>2027-01-17T09:29:55Z</time></wpt>
<wpt lat="46.212439" lon="6.764313"><ele>1263</ele><time>2027-01-17T09:29:57Z</time></wpt>
<wpt lat="46.212524" lon="6.764081"><ele>1263</ele><time>2027-01-17T09:29:59Z</time></wpt>
<wpt lat="46.212610" lon="6.763850"><ele>1234</ele><time>2027-01-17T09:30:01Z</time></wpt>
<wpt lat="46.212692" lon="6.763618"><ele>1234</ele><time>2027-01-17T09:30:03Z</time></wpt>
<wpt lat="46.212774" lon="6.763386"><ele>1234</ele><time>2027-01-17T09:30:05Z</time></wpt>
<wpt lat="46.212856" lon="6.763154"><ele>1234</ele><time>2027-01-17T09:30:07Z</time></wpt>
<wpt lat="46.212938" lon="6.762922"><ele>1234</ele><time>2027-01-17T09:30:09Z</time></wpt>
<wpt lat="46.213020" lon="6.762690"><ele>1222</ele><time>2027-01-17T09:30:11Z</time></wpt>
<wpt lat="46.213092" lon="6.762448"><ele>1222</ele><time>2027-01-17T09:30:13Z</time></wpt>
<wpt lat="46.213163" lon="6.762207"><ele>1222</ele><time>2027-01-17T09:30:15Z</time></wpt>
<wpt lat="46.213235" lon="6.761965"><ele>1222</ele><time>2027-01-17T09:30:17Z</time></wpt>
<wpt lat="46.213307" lon="6.761723"><ele>1222</ele><time>2027-01-17T09:30:19Z</time></wpt>
<wpt lat="46.213378" lon="6.761482"><ele>1222</ele><time>2027-01-17T09:30:21Z</time></wpt>
<wpt lat="46.213450" lon="6.761240"><ele>1218</ele><time>2027-01-17T09:30:23Z</time></wpt>
<wpt lat="46.213530" lon="6.761000"><ele>1218</ele><time>2027-01-17T09:30:25Z</time></wpt>
<wpt lat="46.213610" lon="6.760760"><ele>1216</ele><time>2027-01-17T09:30:27Z</time></wpt>
<wpt lat="46.213630" lon="6.760730"><ele>1216</ele><time>2027-01-17T09:30:27Z</time></wpt>
<wpt lat="46.213640" lon="6.760720"><ele>1216</ele><time>2027-01-17T09:30:28Z</time></wpt>
<wpt lat="46.213660" lon="6.760700"><ele>1215</ele><time>2027-01-17T09:30:28Z</time></wpt>
<wpt lat="46.213690" lon="6.760690"><ele>1215</ele><time>2027-01-17T09:30:28Z</time></wpt>
<wpt lat="46.213700" lon="6.760680"><ele>1215</ele><time>2027-01-17T09:30:28Z</time></wpt>
<wpt lat="46.213720" lon="6.760700"><ele>1214</ele><time>2027-01-17T09:30:29Z</time></wpt>
<wpt lat="46.213740" lon="6.760740"><ele>1214</ele><time>2027-01-17T09:30:29Z</time></wpt>
<wpt lat="46.213750" lon="6.760760"><ele>1214</ele><time>2027-01-17T09:30:29Z</time></wpt>
<wpt lat="46.213760" lon="6.760820"><ele>1214</ele><time>2027-01-17T09:30:30Z</time></wpt>
<wpt lat="46.213780" lon="6.760990"><ele>1214</ele><time>2027-01-17T09:31:31Z</time></wpt>
<wpt lat="46.213743" lon="6.761095"><ele>1214</ele><time>2027-01-17T09:31:33Z</time></wpt>
<wpt lat="46.213705" lon="6.761200"><ele>1214</ele><time>2027-01-17T09:31:36Z</time></wpt>
<wpt lat="46.213667" lon="6.761305"><ele>1214</ele><time>2027-01-17T09:31:38Z</time></wpt>
<wpt lat="46.213630" lon="6.761410"><ele>1216</ele><time>2027-01-17T09:31:40Z</time></wpt>
<wpt lat="46.213594" lon="6.761518"><ele>1216</ele><time>2027-01-17T09:31:42Z</time></wpt>
<wpt lat="46.213558" lon="6.761626"><ele>1216</ele><time>2027-01-17T09:31:45Z</time></wpt>
<wpt lat="46.213522" lon="6.761734"><ele>1216</ele><time>2027-01-17T09:31:47Z</time></wpt>
<wpt lat="46.213486" lon="6.761842"><ele>1216</ele><time>2027-01-17T09:31:49Z</time></wpt>
<wpt lat="46.213450" lon="6.761950"><ele>1218</ele><time>2027-01-17T09:31:52Z</time></wpt>
<wpt lat="46.213416" lon="6.762048"><ele>1218</ele><time>2027-01-17T09:31:54Z</time></wpt>
<wpt lat="46.213383" lon="6.762146"><ele>1218</ele><time>2027-01-17T09:31:56Z</time></wpt>
<wpt lat="46.213349" lon="6.762244"><ele>1218</ele><time>2027-01-17T09:31:58Z</time></wpt>
<wpt lat="46.213316" lon="6.762341"><ele>1218</ele><time>2027-01-17T09:32:00Z</time></wpt>
<wpt lat="46.213282" lon="6.762439"><ele>1218</ele><time>2027-01-17T09:32:02Z</time></wpt>
<wpt lat="46.213249" lon="6.762537"><ele>1218</ele><time>2027-01-17T09:32:04Z</time></wpt>
<wpt lat="46.213215" lon="6.762635"><ele>1218</ele><time>2027-01-17T09:32:06Z</time></wpt>
<wpt lat="46.213181" lon="6.762733"><ele>1218</ele><time>2027-01-17T09:32:08Z</time></wpt>
<wpt lat="46.213148" lon="6.762831"><ele>1218</ele><time>2027-01-17T09:32:11Z</time></wpt>
<wpt lat="46.213114" lon="6.762929"><ele>1218</ele><time>2027-01-17T09:32:13Z</time></wpt>
<wpt lat="46.213081" lon="6.763026"><ele>1218</ele><time>2027-01-17T09:32:15Z</time></wpt>
<wpt lat="46.213047" lon="6.763124"><ele>1218</ele><time>2027-01-17T09:32:17Z</time></wpt>
<wpt lat="46.213014" lon="6.763222"><ele>1218</ele><time>2027-01-17T09:32:19Z</time></wpt>
<wpt lat="46.212980" lon="6.763320"><ele>1226</ele><time>2027-01-17T09:32:21Z</time></wpt>
<wpt lat="46.212947" lon="6.763416"><ele>1226</ele><time>2027-01-17T09:32:23Z</time></wpt>
<wpt lat="46.212914" lon="6.763512"><ele>1226</ele><time>2027-01-17T09:32:25Z</time></wpt>
<wpt lat="46.212882" lon="6.763608"><ele>1226</ele><time>2027-01-17T09:32:27Z</time></wpt>
<wpt lat="46.212849" lon="6.763704"><ele>1226</ele><time>2027-01-17T09:32:29Z</time></wpt>
<wpt lat="46.212816" lon="6.763801"><ele>1226</ele><time>2027-01-17T09:32:31Z</time></wpt>
<wpt lat="46.212783" lon="6.763897"><ele>1226</ele><time>2027-01-17T09:32:33Z</time></wpt>
<wpt lat="46.212751" lon="6.763993"><ele>1226</ele><time>2027-01-17T09:32:35Z</time></wpt>
<wpt lat="46.212718" lon="6.764089"><ele>1226</ele><time>2027-01-17T09:32:38Z</time></wpt>
<wpt lat="46.212685" lon="6.764185"><ele>1226</ele><time>2027-01-17T09:32:40Z</time></wpt>
<wpt lat="46.212652" lon="6.764281"><ele>1226</ele><time>2027-01-17T09:32:42Z</time></wpt>
<wpt lat="46.212619" lon="6.764377"><ele>1226</ele><time>2027-01-17T09:32:44Z</time></wpt>
<wpt lat="46.212587" lon="6.764473"><ele>1226</ele><time>2027-01-17T09:32:46Z</time></wpt>
<wpt lat="46.212554" lon="6.764569"><ele>1226</ele><time>2027-01-17T09:32:48Z</time></wpt>
<wpt lat="46.212521" lon="6.764666"><ele>1226</ele><time>2027-01-17T09:32:50Z</time></wpt>
<wpt lat="46.212488" lon="6.764762"><ele>1226</ele><time>2027-01-17T09:32:52Z</time></wpt>
<wpt lat="46.212456" lon="6.764858"><ele>1226</ele><time>2027-01-17T09:32:54Z</time></wpt>
<wpt lat="46.212423" lon="6.764954"><ele>1226</ele><time>2027-01-17T09:32:56Z</time></wpt>
<wpt lat="46.212390" lon="6.765050"><ele>1255</ele><time>2027-01-17T09:32:58Z</time></wpt>
<wpt lat="46.212357" lon="6.765144"><ele>1255</ele><time>2027-01-17T09:33:00Z</time></wpt>
<wpt lat="46.212325" lon="6.765239"><ele>1255</ele><time>2027-01-17T09:33:02Z</time></wpt>
<wpt lat="46.212292" lon="6.765333"><ele>1255</ele><time>2027-01-17T09:33:04Z</time></wpt>
<wpt lat="46.212260" lon="6.765428"><ele>1255</ele><time>2027-01-17T09:33:06Z</time></wpt>
<wpt lat="46.212227" lon="6.765522"><ele>1255</ele><time>2027-01-17T09:33:08Z</time></wpt>
<wpt lat="46.212195" lon="6.765617"><ele>1255</ele><time>2027-01-17T09:33:10Z</time></wpt>
<wpt lat="46.212162" lon="6.765711"><ele>1255</ele><time>2027-01-17T09:33:12Z</time></wpt>
<wpt lat="46.212130" lon="6.765806"><ele>1255</ele><time>2027-01-17T09:33:14Z</time></wpt>
<wpt lat="46.212097" lon="6.765900"><ele>1255</ele><time>2027-01-17T09:33:16Z</time></wpt>
<wpt lat="46.212065" lon="6.765994"><ele>1255</ele><time>2027-01-17T09:33:18Z</time></wpt>
<wpt lat="46.212032" lon="6.766089"><ele>1255</ele><time>2027-01-17T09:33:20Z</time></wpt>
<wpt lat="46.212000" lon="6.766183"><ele>1255</ele><time>2027-01-17T09:33:22Z</time></wpt>
<wpt lat="46.211968" lon="6.766278"><ele>1255</ele><time>2027-01-17T09:33:25Z</time></wpt>
<wpt lat="46.211935" lon="6.766372"><ele>1255</ele><time>2027-01-17T09:33:27Z</time></wpt>
<wpt lat="46.211903" lon="6.766467"><ele>1255</ele><time>2027-01-17T09:33:29Z</time></wpt>
<wpt lat="46.211870" lon="6.766561"><ele>1255</ele><time>2027-01-17T09:33:31Z</time></wpt>
<wpt lat="46.211838" lon="6.766656"><ele>1255</ele><time>2027-01-17T09:33:33Z</time></wpt>
<wpt lat="46.211805" lon="6.766750"><ele>1255</ele><time>2027-01-17T09:33:35Z</time></wpt>
<wpt lat="46.211772" lon="6.766844"><ele>1255</ele><time>2027-01-17T09:33:37Z</time></wpt>
<wpt lat="46.211740" lon="6.766939"><ele>1255</ele><time>2027-01-17T09:33:39Z</time></wpt>
<wpt lat="46.211707" lon="6.767033"><ele>1255</ele><time>2027-01-17T09:33:41Z</time></wpt>
<wpt lat="46.211675" lon="6.767128"><ele>1255</ele><time>2027-01-17T09:33:43Z</time></wpt>
<wpt lat="46.211642" lon="6.767222"><ele>1255</ele><time>2027-01-17T09:33:45Z</time></wpt>
<wpt lat="46.211610" lon="6.767317"><ele>1255</ele><time>2027-01-17T09:33:47Z</time></wpt>
<wpt lat="46.211577" lon="6.767411"><ele>1255</ele><time>2027-01-17T09:33:49Z</time></wpt>
<wpt lat="46.211545" lon="6.767506"><ele>1255</ele><time>2027-01-17T09:33:51Z</time></wpt>
<wpt lat="46.211512" lon="6.767600"><ele>1255</ele><time>2027-01-17T09:33:53Z</time></wpt>
<wpt lat="46.211480" lon="6.767694"><ele>1255</ele><time>2027-01-17T09:33:55Z</time></wpt>
<wpt lat="46.211447" lon="6.767789"><ele>1255</ele><time>2027-01-17T09:33:57Z</time></wpt>
<wpt lat="46.211415" lon="6.767883"><ele>1255</ele><time>2027-01-17T09:33:59Z</time></wpt>
<wpt lat="46.211382" lon="6.767978"><ele>1255</ele><time>2027-01-17T09:34:01Z</time></wpt>
<wpt lat="46.211350" lon="6.768072"><ele>1255</ele><time>2027-01-17T09:34:03Z</time></wpt>
<wpt lat="46.211317" lon="6.768167"><ele>1255</ele><time>2027-01-17T09:34:05Z</time></wpt>
<wpt lat="46.211285" lon="6.768261"><ele>1255</ele><time>2027-01-17T09:34:07Z</time></wpt>
<wpt lat="46.211253" lon="6.768356"><ele>1255</ele><time>2027-01-17T09:34:09Z</time></wpt>
<wpt lat="46.211220" lon="6.768450"><ele>1373</ele><time>2027-01-17T09:34:11Z</time></wpt>
<wpt lat="46.211187" lon="6.768547"><ele>1373</ele><time>2027-01-17T09:34:13Z</time></wpt>
<wpt lat="46.211153" lon="6.768643"><ele>1373</ele><time>2027-01-17T09:34:15Z</time></wpt>
<wpt lat="46.211120" lon="6.768740"><ele>1373</ele><time>2027-01-17T09:34:17Z</time></wpt>
<wpt lat="46.211087" lon="6.768837"><ele>1373</ele><time>2027-01-17T09:34:20Z</time></wpt>
<wpt lat="46.211053" lon="6.768933"><ele>1373</ele><time>2027-01-17T09:34:22Z</time></wpt>
<wpt lat="46.211020" lon="6.769030"><ele>1392</ele><time>2027-01-17T09:34:24Z</time></wpt>
<wpt lat="46.210988" lon="6.769126"><ele>1392</ele><time>2027-01-17T09:34:26Z</time></wpt>
<wpt lat="46.210956" lon="6.769222"><ele>1392</ele><time>2027-01-17T09:34:28Z</time></wpt>
<wpt lat="46.210924" lon="6.769317"><ele>1392</ele><time>2027-01-17T09:34:30Z</time></wpt>
<wpt lat="46.210892" lon="6.769413"><ele>1392</ele><time>2027-01-17T09:34:32Z</time></wpt>
<wpt lat="46.210860" lon="6.769509"><ele>1392</ele><time>2027-01-17T09:34:34Z</time></wpt>
<wpt lat="46.210828" lon="6.769605"><ele>1392</ele><time>2027-01-17T09:34:36Z</time></wpt>
<wpt lat="46.210795" lon="6.769701"><ele>1392</ele><time>2027-01-17T09:34:38Z</time></wpt>
<wpt lat="46.210763" lon="6.769797"><ele>1392</ele><time>2027-01-17T09:34:40Z</time></wpt>
<wpt lat="46.210731" lon="6.769893"><ele>1392</ele><time>2027-01-17T09:34:42Z</time></wpt>
<wpt lat="46.210699" lon="6.769988"><ele>1392</ele><time>2027-01-17T09:34:44Z</time></wpt>
<wpt lat="46.210667" lon="6.770084"><ele>1392</ele><time>2027-01-17T09:34:46Z</time></wpt>
<wpt lat="46.210635" lon="6.770180"><ele>1392</ele><time>2027-01-17T09:34:48Z</time></wpt>
<wpt lat="46.210603" lon="6.770276"><ele>1392</ele><time>2027-01-17T09:34:50Z</time></wpt>
<wpt lat="46.210571" lon="6.770372"><ele>1392</ele><time>2027-01-17T09:34:52Z</time></wpt>
<wpt lat="46.210539" lon="6.770467"><ele>1392</ele><time>2027-01-17T09:34:54Z</time></wpt>
<wpt lat="46.210507" lon="6.770563"><ele>1392</ele><time>2027-01-17T09:34:56Z</time></wpt>
<wpt lat="46.210475" lon="6.770659"><ele>1392</ele><time>2027-01-17T09:34:58Z</time></wpt>
<wpt lat="46.210442" lon="6.770755"><ele>1392</ele><time>2027-01-17T09:35:01Z</time></wpt>
<wpt lat="46.210410" lon="6.770851"><ele>1392</ele><time>2027-01-17T09:35:03Z</time></wpt>
<wpt lat="46.210378" lon="6.770947"><ele>1392</ele><time>2027-01-17T09:35:05Z</time></wpt>
<wpt lat="46.210346" lon="6.771043"><ele>1392</ele><time>2027-01-17T09:35:07Z</time></wpt>
<wpt lat="46.210314" lon="6.771138"><ele>1392</ele><time>2027-01-17T09:35:09Z</time></wpt>
<wpt lat="46.210282" lon="6.771234"><ele>1392</ele><time>2027-01-17T09:35:11Z</time></wpt>
<wpt lat="46.210250" lon="6.771330"><ele>1438</ele><time>2027-01-17T09:35:13Z</time></wpt>
<wpt lat="46.210217" lon="6.771425"><ele>1438</ele><time>2027-01-17T09:35:15Z</time></wpt>
<wpt lat="46.210185" lon="6.771519"><ele>1438</ele><time>2027-01-17T09:35:17Z</time></wpt>
<wpt lat="46.210152" lon="6.771614"><ele>1438</ele><time>2027-01-17T09:35:19Z</time></wpt>
<wpt lat="46.210119" lon="6.771708"><ele>1438</ele><time>2027-01-17T09:35:21Z</time></wpt>
<wpt lat="46.210086" lon="6.771803"><ele>1438</ele><time>2027-01-17T09:35:23Z</time></wpt>
<wpt lat="46.210054" lon="6.771897"><ele>1438</ele><time>2027-01-17T09:35:25Z</time></wpt>
<wpt lat="46.210021" lon="6.771992"><ele>1438</ele><time>2027-01-17T09:35:27Z</time></wpt>
<wpt lat="46.209988" lon="6.772086"><ele>1438</ele><time>2027-01-17T09:35:29Z</time></wpt>
<wpt lat="46.209955" lon="6.772181"><ele>1438</ele><time>2027-01-17T09:35:31Z</time></wpt>
<wpt lat="46.209923" lon="6.772275"><ele>1438</ele><time>2027-01-17T09:35:33Z</time></wpt>
<wpt lat="46.209890" lon="6.772370"><ele>1438</ele><time>2027-01-17T09:35:35Z</time></wpt>
<wpt lat="46.209857" lon="6.772465"><ele>1438</ele><time>2027-01-17T09:35:37Z</time></wpt>
<wpt lat="46.209825" lon="6.772559"><ele>1438</ele><time>2027-01-17T09:35:39Z</time></wpt>
<wpt lat="46.209792" lon="6.772654"><ele>1438</ele><time>2027-01-17T09:35:41Z</time></wpt>
<wpt lat="46.209759" lon="6.772748"><ele>1438</ele><time>2027-01-17T09:35:43Z</time></wpt>
<wpt lat="46.209726" lon="6.772843"><ele>1438</ele><time>2027-01-17T09:35:45Z</time></wpt>
<wpt lat="46.209694" lon="6.772937"><ele>1438</ele><time>2027-01-17T09:35:47Z</time></wpt>
<wpt lat="46.209661" lon="6.773032"><ele>1438</ele><time>2027-01-17T09:35:49Z</time></wpt>
<wpt lat="46.209628" lon="6.773126"><ele>1438</ele><time>2027-01-17T09:35:51Z</time></wpt>
<wpt lat="46.209595" lon="6.773221"><ele>1438</ele><time>2027-01-17T09:35:54Z</time></wpt>
<wpt lat="46.209563" lon="6.773315"><ele>1438</ele><time>2027-01-17T09:35:56Z</time></wpt>
<wpt lat="46.209530" lon="6.773410"><ele>1475</ele><time>2027-01-17T09:35:58Z</time></wpt>
<wpt lat="46.209495" lon="6.773520"><ele>1475</ele><time>2027-01-17T09:36:00Z</time></wpt>
<wpt lat="46.209460" lon="6.773630"><ele>1478</ele><time>2027-01-17T09:36:02Z</time></wpt>
<wpt lat="46.209426" lon="6.773727"><ele>1478</ele><time>2027-01-17T09:36:04Z</time></wpt>
<wpt lat="46.209392" lon="6.773825"><ele>1478</ele><time>2027-01-17T09:36:06Z</time></wpt>
<wpt lat="46.209359" lon="6.773923"><ele>1478</ele><time>2027-01-17T09:36:09Z</time></wpt>
<wpt lat="46.209325" lon="6.774020"><ele>1478</ele><time>2027-01-17T09:36:11Z</time></wpt>
<wpt lat="46.209291" lon="6.774118"><ele>1478</ele><time>2027-01-17T09:36:13Z</time></wpt>
<wpt lat="46.209257" lon="6.774215"><ele>1478</ele><time>2027-01-17T09:36:15Z</time></wpt>
<wpt lat="46.209224" lon="6.774312"><ele>1478</ele><time>2027-01-17T09:36:17Z</time></wpt>
<wpt lat="46.209190" lon="6.774410"><ele>1478</ele><time>2027-01-17T09:36:19Z</time></wpt>
<wpt lat="46.209156" lon="6.774508"><ele>1478</ele><time>2027-01-17T09:36:21Z</time></wpt>
<wpt lat="46.209122" lon="6.774605"><ele>1478</ele><time>2027-01-17T09:36:23Z</time></wpt>
<wpt lat="46.209089" lon="6.774703"><ele>1478</ele><time>2027-01-17T09:36:25Z</time></wpt>
<wpt lat="46.209055" lon="6.774800"><ele>1478</ele><time>2027-01-17T09:36:27Z</time></wpt>
<wpt lat="46.209021" lon="6.774897"><ele>1478</ele><time>2027-01-17T09:36:30Z</time></wpt>
<wpt lat="46.208987" lon="6.774995"><ele>1478</ele><time>2027-01-17T09:36:32Z</time></wpt>
<wpt lat="46.208954" lon="6.775093"><ele>1478</ele><time>2027-01-17T09:36:34Z</time></wpt>
<wpt lat="46.208920" lon="6.775190"><ele>1501</ele><time>2027-01-17T09:36:36Z</time></wpt>
<wpt lat="46.208886" lon="6.775292"><ele>1501</ele><time>2027-01-17T09:36:38Z</time></wpt>
<wpt lat="46.208852" lon="6.775394"><ele>1501</ele><time>2027-01-17T09:36:40Z</time></wpt>
<wpt lat="46.208818" lon="6.775496"><ele>1501</ele><time>2027-01-17T09:36:42Z</time></wpt>
<wpt lat="46.208784" lon="6.775598"><ele>1501</ele><time>2027-01-17T09:36:45Z</time></wpt>
<wpt lat="46.208750" lon="6.775700"><ele>1501</ele><time>2027-01-17T09:36:47Z</time></wpt>
<wpt lat="46.208716" lon="6.775802"><ele>1501</ele><time>2027-01-17T09:36:49Z</time></wpt>
<wpt lat="46.208682" lon="6.775904"><ele>1501</ele><time>2027-01-17T09:36:51Z</time></wpt>
<wpt lat="46.208648" lon="6.776006"><ele>1501</ele><time>2027-01-17T09:36:53Z</time></wpt>
<wpt lat="46.208614" lon="6.776108"><ele>1501</ele><time>2027-01-17T09:36:55Z</time></wpt>
<wpt lat="46.208580" lon="6.776210"><ele>1510</ele><time>2027-01-17T09:36:58Z</time></wpt>
<wpt lat="46.208546" lon="6.776308"><ele>1510</ele><time>2027-01-17T09:37:00Z</time></wpt>
<wpt lat="46.208512" lon="6.776405"><ele>1510</ele><time>2027-01-17T09:37:02Z</time></wpt>
<wpt lat="46.208478" lon="6.776503"><ele>1510</ele><time>2027-01-17T09:37:04Z</time></wpt>
<wpt lat="46.208445" lon="6.776601"><ele>1510</ele><time>2027-01-17T09:37:06Z</time></wpt>
<wpt lat="46.208411" lon="6.776698"><ele>1510</ele><time>2027-01-17T09:37:08Z</time></wpt>
<wpt lat="46.208377" lon="6.776796"><ele>1510</ele><time>2027-01-17T09:37:10Z</time></wpt>
<wpt lat="46.208343" lon="6.776894"><ele>1510</ele><time>2027-01-17T09:37:12Z</time></wpt>
<wpt lat="46.208309" lon="6.776992"><ele>1510</ele><time>2027-01-17T09:37:14Z</time></wpt>
<wpt lat="46.208275" lon="6.777089"><ele>1510</ele><time>2027-01-17T09:37:16Z</time></wpt>
<wpt lat="46.208242" lon="6.777187"><ele>1510</ele><time>2027-01-17T09:37:19Z</time></wpt>
<wpt lat="46.208208" lon="6.777285"><ele>1510</ele><time>2027-01-17T09:37:21Z</time></wpt>
<wpt lat="46.208174" lon="6.777382"><ele>1510</ele><time>2027-01-17T09:37:23Z</time></wpt>
<wpt lat="46.208140" lon="6.777480"><ele>1517</ele><time>2027-01-17T09:37:25Z</time></wpt>
<wpt lat="46.208095" lon="6.777615"><ele>1517</ele><time>2027-01-17T09:37:28Z</time></wpt>
<wpt lat="46.208050" lon="6.777750"><ele>1517</ele><time>2027-01-17T09:37:31Z</time></wpt>
<wpt lat="46.208017" lon="6.777845"><ele>1517</ele><time>2027-01-17T09:37:33Z</time></wpt>
<wpt lat="46.207985" lon="6.777940"><ele>1517</ele><time>2027-01-17T09:37:35Z</time></wpt>
<wpt lat="46.207953" lon="6.778035"><ele>1517</ele><time>2027-01-17T09:37:37Z</time></wpt>
<wpt lat="46.207920" lon="6.778130"><ele>1518</ele><time>2027-01-17T09:37:39Z</time></wpt>
<wpt lat="46.207737" lon="6.778197"><ele>1518</ele><time>2027-01-17T09:37:41Z</time></wpt>
<wpt lat="46.207553" lon="6.778263"><ele>1518</ele><time>2027-01-17T09:37:43Z</time></wpt>
<wpt lat="46.207370" lon="6.778330"><ele>1508</ele><time>2027-01-17T09:37:45Z</time></wpt>
<wpt lat="46.207213" lon="6.778087"><ele>1508</ele><time>2027-01-17T09:37:48Z</time></wpt>
<wpt lat="46.207057" lon="6.777843"><ele>1508</ele><time>2027-01-17T09:37:50Z</time></wpt>
<wpt lat="46.206900" lon="6.777600"><ele>1498</ele><time>2027-01-17T09:37:53Z</time></wpt>
<wpt lat="46.206670" lon="6.777240"><ele>1501</ele><time>2027-01-17T09:37:57Z</time></wpt>
<wpt lat="46.206460" lon="6.776910"><ele>1507</ele><time>2027-01-17T09:38:00Z</time></wpt>
<wpt lat="46.206290" lon="6.776710"><ele>1512</ele><time>2027-01-17T09:38:02Z</time></wpt>
<wpt lat="46.206150" lon="6.777000"><ele>1512</ele><time>2027-01-17T09:38:05Z</time></wpt>
<wpt lat="46.206010" lon="6.777290"><ele>1509</ele><time>2027-01-17T09:39:08Z</time></wpt>
<wpt lat="46.205937" lon="6.777302"><ele>1509</ele><time>2027-01-17T09:39:10Z</time></wpt>
<wpt lat="46.205864" lon="6.777315"><ele>1509</ele><time>2027-01-17T09:39:12Z</time></wpt>
<wpt lat="46.205791" lon="6.777327"><ele>1509</ele><time>2027-01-17T09:39:14Z</time></wpt>
<wpt lat="46.205718" lon="6.777339"><ele>1509</ele><time>2027-01-17T09:39:16Z</time></wpt>
<wpt lat="46.205645" lon="6.777352"><ele>1509</ele><time>2027-01-17T09:39:18Z</time></wpt>
<wpt lat="46.205572" lon="6.777364"><ele>1509</ele><time>2027-01-17T09:39:20Z</time></wpt>
<wpt lat="46.205499" lon="6.777376"><ele>1509</ele><time>2027-01-17T09:39:22Z</time></wpt>
<wpt lat="46.205426" lon="6.777389"><ele>1509</ele><time>2027-01-17T09:39:24Z</time></wpt>
<wpt lat="46.205354" lon="6.777401"><ele>1509</ele><time>2027-01-17T09:39:26Z</time></wpt>
<wpt lat="46.205281" lon="6.777414"><ele>1509</ele><time>2027-01-17T09:39:28Z</time></wpt>
<wpt lat="46.205208" lon="6.777426"><ele>1509</ele><time>2027-01-17T09:39:30Z</time></wpt>
<wpt lat="46.205135" lon="6.777438"><ele>1509</ele><time>2027-01-17T09:39:32Z</time></wpt>
<wpt lat="46.205062" lon="6.777451"><ele>1509</ele><time>2027-01-17T09:39:34Z</time></wpt>
<wpt lat="46.204989" lon="6.777463"><ele>1509</ele><time>2027-01-17T09:39:36Z</time></wpt>
<wpt lat="46.204916" lon="6.777475"><ele>1509</ele><time>2027-01-17T09:39:38Z</time></wpt>
<wpt lat="46.204843" lon="6.777488"><ele>1509</ele><time>2027-01-17T09:39:40Z</time></wpt>
<wpt lat="46.204770" lon="6.777500"><ele>1551</ele><time>2027-01-17T09:39:43Z</time></wpt>
<wpt lat="46.204695" lon="6.777513"><ele>1551</ele><time>2027-01-17T09:39:45Z</time></wpt>
<wpt lat="46.204621" lon="6.777525"><ele>1551</ele><time>2027-01-17T09:39:47Z</time></wpt>
<wpt lat="46.204546" lon="6.777538"><ele>1551</ele><time>2027-01-17T09:39:49Z</time></wpt>
<wpt lat="46.204472" lon="6.777551"><ele>1551</ele><time>2027-01-17T09:39:51Z</time></wpt>
<wpt lat="46.204397" lon="6.777564"><ele>1551</ele><time>2027-01-17T09:39:53Z</time></wpt>
<wpt lat="46.204323" lon="6.777576"><ele>1551</ele><time>2027-01-17T09:39:55Z</time></wpt>
<wpt lat="46.204248" lon="6.777589"><ele>1551</ele><time>2027-01-17T09:39:57Z</time></wpt>
<wpt lat="46.204174" lon="6.777602"><ele>1551</ele><time>2027-01-17T09:39:59Z</time></wpt>
<wpt lat="46.204099" lon="6.777615"><ele>1551</ele><time>2027-01-17T09:40:01Z</time></wpt>
<wpt lat="46.204025" lon="6.777627"><ele>1551</ele><time>2027-01-17T09:40:03Z</time></wpt>
<wpt lat="46.203950" lon="6.777640"><ele>1587</ele><time>2027-01-17T09:40:05Z</time></wpt>
<wpt lat="46.203875" lon="6.777653"><ele>1587</ele><time>2027-01-17T09:40:08Z</time></wpt>
<wpt lat="46.203801" lon="6.777666"><ele>1587</ele><time>2027-01-17T09:40:10Z</time></wpt>
<wpt lat="46.203726" lon="6.777679"><ele>1587</ele><time>2027-01-17T09:40:12Z</time></wpt>
<wpt lat="46.203651" lon="6.777693"><ele>1587</ele><time>2027-01-17T09:40:14Z</time></wpt>
<wpt lat="46.203576" lon="6.777706"><ele>1587</ele><time>2027-01-17T09:40:16Z</time></wpt>
<wpt lat="46.203502" lon="6.777719"><ele>1587</ele><time>2027-01-17T09:40:18Z</time></wpt>
<wpt lat="46.203427" lon="6.777732"><ele>1587</ele><time>2027-01-17T09:40:20Z</time></wpt>
<wpt lat="46.203352" lon="6.777745"><ele>1587</ele><time>2027-01-17T09:40:22Z</time></wpt>
<wpt lat="46.203277" lon="6.777758"><ele>1587</ele><time>2027-01-17T09:40:24Z</time></wpt>
<wpt lat="46.203203" lon="6.777772"><ele>1587</ele><time>2027-01-17T09:40:26Z</time></wpt>
<wpt lat="46.203128" lon="6.777785"><ele>1587</ele><time>2027-01-17T09:40:28Z</time></wpt>
<wpt lat="46.203053" lon="6.777798"><ele>1587</ele><time>2027-01-17T09:40:31Z</time></wpt>
<wpt lat="46.202978" lon="6.777811"><ele>1587</ele><time>2027-01-17T09:40:33Z</time></wpt>
<wpt lat="46.202904" lon="6.777824"><ele>1587</ele><time>2027-01-17T09:40:35Z</time></wpt>
<wpt lat="46.202829" lon="6.777837"><ele>1587</ele><time>2027-01-17T09:40:37Z</time></wpt>
<wpt lat="46.202754" lon="6.777851"><ele>1587</ele><time>2027-01-17T09:40:39Z</time></wpt>
<wpt lat="46.202679" lon="6.777864"><ele>1587</ele><time>2027-01-17T09:40:41Z</time></wpt>
<wpt lat="46.202605" lon="6.777877"><ele>1587</ele><time>2027-01-17T09:40:43Z</time></wpt>
<wpt lat="46.202530" lon="6.777890"><ele>1634</ele><time>2027-01-17T09:40:45Z</time></wpt>
<wpt lat="46.202453" lon="6.777903"><ele>1634</ele><time>2027-01-17T09:40:47Z</time></wpt>
<wpt lat="46.202376" lon="6.777916"><ele>1634</ele><time>2027-01-17T09:40:49Z</time></wpt>
<wpt lat="46.202299" lon="6.777929"><ele>1634</ele><time>2027-01-17T09:40:52Z</time></wpt>
<wpt lat="46.202222" lon="6.777942"><ele>1634</ele><time>2027-01-17T09:40:54Z</time></wpt>
<wpt lat="46.202145" lon="6.777955"><ele>1634</ele><time>2027-01-17T09:40:56Z</time></wpt>
<wpt lat="46.202068" lon="6.777968"><ele>1634</ele><time>2027-01-17T09:40:58Z</time></wpt>
<wpt lat="46.201992" lon="6.777982"><ele>1634</ele><time>2027-01-17T09:41:00Z</time></wpt>
<wpt lat="46.201915" lon="6.777995"><ele>1634</ele><time>2027-01-17T09:41:02Z</time></wpt>
<wpt lat="46.201838" lon="6.778008"><ele>1634</ele><time>2027-01-17T09:41:04Z</time></wpt>
<wpt lat="46.201761" lon="6.778021"><ele>1634</ele><time>2027-01-17T09:41:07Z</time></wpt>
<wpt lat="46.201684" lon="6.778034"><ele>1634</ele><time>2027-01-17T09:41:09Z</time></wpt>
<wpt lat="46.201607" lon="6.778047"><ele>1634</ele><time>2027-01-17T09:41:11Z</time></wpt>
<wpt lat="46.201530" lon="6.778060"><ele>1668</ele><time>2027-01-17T09:41:13Z</time></wpt>
<wpt lat="46.201450" lon="6.778075"><ele>1668</ele><time>2027-01-17T09:41:15Z</time></wpt>
<wpt lat="46.201370" lon="6.778090"><ele>1668</ele><time>2027-01-17T09:41:18Z</time></wpt>
<wpt lat="46.201290" lon="6.778105"><ele>1668</ele><time>2027-01-17T09:41:20Z</time></wpt>
<wpt lat="46.201210" lon="6.778120"><ele>1668</ele><time>2027-01-17T09:41:22Z</time></wpt>
<wpt lat="46.201130" lon="6.778135"><ele>1668</ele><time>2027-01-17T09:41:24Z</time></wpt>
<wpt lat="46.201050" lon="6.778150"><ele>1668</ele><time>2027-01-17T09:41:27Z</time></wpt>
<wpt lat="46.200970" lon="6.778165"><ele>1668</ele><time>2027-01-17T09:41:29Z</time></wpt>
<wpt lat="46.200890" lon="6.778180"><ele>1682</ele><time>2027-01-17T09:41:31Z</time></wpt>
<wpt lat="46.200815" lon="6.778193"><ele>1682</ele><time>2027-01-17T09:41:33Z</time></wpt>
<wpt lat="46.200740" lon="6.778206"><ele>1682</ele><time>2027-01-17T09:41:35Z</time></wpt>
<wpt lat="46.200665" lon="6.778219"><ele>1682</ele><time>2027-01-17T09:41:37Z</time></wpt>
<wpt lat="46.200590" lon="6.778232"><ele>1682</ele><time>2027-01-17T09:41:39Z</time></wpt>
<wpt lat="46.200515" lon="6.778245"><ele>1682</ele><time>2027-01-17T09:41:41Z</time></wpt>
<wpt lat="46.200440" lon="6.778258"><ele>1682</ele><time>2027-01-17T09:41:44Z</time></wpt>
<wpt lat="46.200365" lon="6.778271"><ele>1682</ele><time>2027-01-17T09:41:46Z</time></wpt>
<wpt lat="46.200290" lon="6.778284"><ele>1682</ele><time>2027-01-17T09:41:48Z</time></wpt>
<wpt lat="46.200215" lon="6.778297"><ele>1682</ele><time>2027-01-17T09:41:50Z</time></wpt>
<wpt lat="46.200140" lon="6.778310"><ele>1682</ele><time>2027-01-17T09:41:52Z</time></wpt>
<wpt lat="46.200065" lon="6.778323"><ele>1682</ele><time>2027-01-17T09:41:54Z</time></wpt>
<wpt lat="46.199990" lon="6.778336"><ele>1682</ele><time>2027-01-17T09:41:56Z</time></wpt>
<wpt lat="46.199915" lon="6.778349"><ele>1682</ele><time>2027-01-17T09:41:58Z</time></wpt>
<wpt lat="46.199840" lon="6.778362"><ele>1682</ele><time>2027-01-17T09:42:00Z</time></wpt>
<wpt lat="46.199765" lon="6.778375"><ele>1682</ele><time>2027-01-17T09:42:02Z</time></wpt>
<wpt lat="46.199690" lon="6.778388"><ele>1682</ele><time>2027-01-17T09:42:05Z</time></wpt>
<wpt lat="46.199615" lon="6.778401"><ele>1682</ele><time>2027-01-17T09:42:07Z</time></wpt>
<wpt lat="46.199540" lon="6.778414"><ele>1682</ele><time>2027-01-17T09:42:09Z</time></wpt>
<wpt lat="46.199465" lon="6.778427"><ele>1682</ele><time>2027-01-17T09:42:11Z</time></wpt>
<wpt lat="46.199390" lon="6.778440"><ele>1723</ele><time>2027-01-17T09:42:13Z</time></wpt>
<wpt lat="46.199316" lon="6.778454"><ele>1723</ele><time>2027-01-17T09:42:15Z</time></wpt>
<wpt lat="46.199241" lon="6.778468"><ele>1723</ele><time>2027-01-17T09:42:17Z</time></wpt>
<wpt lat="46.199167" lon="6.778482"><ele>1723</ele><time>2027-01-17T09:42:19Z</time></wpt>
<wpt lat="46.199092" lon="6.778496"><ele>1723</ele><time>2027-01-17T09:42:21Z</time></wpt>
<wpt lat="46.199018" lon="6.778509"><ele>1723</ele><time>2027-01-17T09:42:23Z</time></wpt>
<wpt lat="46.198943" lon="6.778523"><ele>1723</ele><time>2027-01-17T09:42:25Z</time></wpt>
<wpt lat="46.198869" lon="6.778537"><ele>1723</ele><time>2027-01-17T09:42:28Z</time></wpt>
<wpt lat="46.198794" lon="6.778551"><ele>1723</ele><time>2027-01-17T09:42:30Z</time></wpt>
<wpt lat="46.198720" lon="6.778565"><ele>1723</ele><time>2027-01-17T09:42:32Z</time></wpt>
<wpt lat="46.198646" lon="6.778579"><ele>1723</ele><time>2027-01-17T09:42:34Z</time></wpt>
<wpt lat="46.198571" lon="6.778593"><ele>1723</ele><time>2027-01-17T09:42:36Z</time></wpt>
<wpt lat="46.198497" lon="6.778607"><ele>1723</ele><time>2027-01-17T09:42:38Z</time></wpt>
<wpt lat="46.198422" lon="6.778621"><ele>1723</ele><time>2027-01-17T09:42:40Z</time></wpt>
<wpt lat="46.198348" lon="6.778634"><ele>1723</ele><time>2027-01-17T09:42:42Z</time></wpt>
<wpt lat="46.198273" lon="6.778648"><ele>1723</ele><time>2027-01-17T09:42:44Z</time></wpt>
<wpt lat="46.198199" lon="6.778662"><ele>1723</ele><time>2027-01-17T09:42:46Z</time></wpt>
<wpt lat="46.198124" lon="6.778676"><ele>1723</ele><time>2027-01-17T09:42:48Z</time></wpt>
<wpt lat="46.198050" lon="6.778690"><ele>1759</ele><time>2027-01-17T09:42:50Z</time></wpt>
<wpt lat="46.197975" lon="6.778702"><ele>1759</ele><time>2027-01-17T09:42:53Z</time></wpt>
<wpt lat="46.197901" lon="6.778714"><ele>1759</ele><time>2027-01-17T09:42:55Z</time></wpt>
<wpt lat="46.197826" lon="6.778726"><ele>1759</ele><time>2027-01-17T09:42:57Z</time></wpt>
<wpt lat="46.197751" lon="6.778738"><ele>1759</ele><time>2027-01-17T09:42:59Z</time></wpt>
<wpt lat="46.197676" lon="6.778751"><ele>1759</ele><time>2027-01-17T09:43:01Z</time></wpt>
<wpt lat="46.197602" lon="6.778763"><ele>1759</ele><time>2027-01-17T09:43:03Z</time></wpt>
<wpt lat="46.197527" lon="6.778775"><ele>1759</ele><time>2027-01-17T09:43:05Z</time></wpt>
<wpt lat="46.197452" lon="6.778787"><ele>1759</ele><time>2027-01-17T09:43:07Z</time></wpt>
<wpt lat="46.197377" lon="6.778799"><ele>1759</ele><time>2027-01-17T09:43:09Z</time></wpt>
<wpt lat="46.197303" lon="6.778811"><ele>1759</ele><time>2027-01-17T09:43:11Z</time></wpt>
<wpt lat="46.197228" lon="6.778823"><ele>1759</ele><time>2027-01-17T09:43:13Z</time></wpt>
<wpt lat="46.197153" lon="6.778835"><ele>1759</ele><time>2027-01-17T09:43:15Z</time></wpt>
<wpt lat="46.197078" lon="6.778847"><ele>1759</ele><time>2027-01-17T09:43:18Z</time></wpt>
<wpt lat="46.197004" lon="6.778859"><ele>1759</ele><time>2027-01-17T09:43:20Z</time></wpt>
<wpt lat="46.196929" lon="6.778872"><ele>1759</ele><time>2027-01-17T09:43:22Z</time></wpt>
<wpt lat="46.196854" lon="6.778884"><ele>1759</ele><time>2027-01-17T09:43:24Z</time></wpt>
<wpt lat="46.196779" lon="6.778896"><ele>1759</ele><time>2027-01-17T09:43:26Z</time></wpt>
<wpt lat="46.196705" lon="6.778908"><ele>1759</ele><time>2027-01-17T09:43:28Z</time></wpt>
<wpt lat="46.196630" lon="6.778920"><ele>1800</ele><time>2027-01-17T09:43:30Z</time></wpt>
<wpt lat="46.196556" lon="6.778933"><ele>1800</ele><time>2027-01-17T09:43:32Z</time></wpt>
<wpt lat="46.196481" lon="6.778947"><ele>1800</ele><time>2027-01-17T09:43:34Z</time></wpt>
<wpt lat="46.196407" lon="6.778961"><ele>1800</ele><time>2027-01-17T09:43:36Z</time></wpt>
<wpt lat="46.196332" lon="6.778974"><ele>1800</ele><time>2027-01-17T09:43:38Z</time></wpt>
<wpt lat="46.196258" lon="6.778988"><ele>1800</ele><time>2027-01-17T09:43:40Z</time></wpt>
<wpt lat="46.196183" lon="6.779001"><ele>1800</ele><time>2027-01-17T09:43:43Z</time></wpt>
<wpt lat="46.196109" lon="6.779014"><ele>1800</ele><time>2027-01-17T09:43:45Z</time></wpt>
<wpt lat="46.196034" lon="6.779028"><ele>1800</ele><time>2027-01-17T09:43:47Z</time></wpt>
<wpt lat="46.195960" lon="6.779041"><ele>1800</ele><time>2027-01-17T09:43:49Z</time></wpt>
<wpt lat="46.195885" lon="6.779055"><ele>1800</ele><time>2027-01-17T09:43:51Z</time></wpt>
<wpt lat="46.195811" lon="6.779069"><ele>1800</ele><time>2027-01-17T09:43:53Z</time></wpt>
<wpt lat="46.195736" lon="6.779082"><ele>1800</ele><time>2027-01-17T09:43:55Z</time></wpt>
<wpt lat="46.195661" lon="6.779096"><ele>1800</ele><time>2027-01-17T09:43:57Z</time></wpt>
<wpt lat="46.195587" lon="6.779109"><ele>1800</ele><time>2027-01-17T09:43:59Z</time></wpt>
<wpt lat="46.195512" lon="6.779122"><ele>1800</ele><time>2027-01-17T09:44:01Z</time></wpt>
<wpt lat="46.195438" lon="6.779136"><ele>1800</ele><time>2027-01-17T09:44:03Z</time></wpt>
<wpt lat="46.195363" lon="6.779149"><ele>1800</ele><time>2027-01-17T09:44:05Z</time></wpt>
<wpt lat="46.195289" lon="6.779163"><ele>1800</ele><time>2027-01-17T09:44:08Z</time></wpt>
<wpt lat="46.195214" lon="6.779177"><ele>1800</ele><time>2027-01-17T09:44:10Z</time></wpt>
<wpt lat="46.195140" lon="6.779190"><ele>1854</ele><time>2027-01-17T09:44:12Z</time></wpt>
<wpt lat="46.195068" lon="6.779202"><ele>1854</ele><time>2027-01-17T09:44:14Z</time></wpt>
<wpt lat="46.194995" lon="6.779214"><ele>1854</ele><time>2027-01-17T09:44:16Z</time></wpt>
<wpt lat="46.194923" lon="6.779226"><ele>1854</ele><time>2027-01-17T09:44:18Z</time></wpt>
<wpt lat="46.194850" lon="6.779238"><ele>1854</ele><time>2027-01-17T09:44:20Z</time></wpt>
<wpt lat="46.194778" lon="6.779250"><ele>1854</ele><time>2027-01-17T09:44:22Z</time></wpt>
<wpt lat="46.194705" lon="6.779262"><ele>1854</ele><time>2027-01-17T09:44:24Z</time></wpt>
<wpt lat="46.194632" lon="6.779275"><ele>1854</ele><time>2027-01-17T09:44:26Z</time></wpt>
<wpt lat="46.194560" lon="6.779287"><ele>1854</ele><time>2027-01-17T09:44:28Z</time></wpt>
<wpt lat="46.194488" lon="6.779299"><ele>1854</ele><time>2027-01-17T09:44:30Z</time></wpt>
<wpt lat="46.194415" lon="6.779311"><ele>1854</ele><time>2027-01-17T09:44:32Z</time></wpt>
<wpt lat="46.194342" lon="6.779323"><ele>1854</ele><time>2027-01-17T09:44:34Z</time></wpt>
<wpt lat="46.194270" lon="6.779335"><ele>1854</ele><time>2027-01-17T09:44:36Z</time></wpt>
<wpt lat="46.194198" lon="6.779347"><ele>1854</ele><time>2027-01-17T09:44:38Z</time></wpt>
<wpt lat="46.194125" lon="6.779359"><ele>1854</ele><time>2027-01-17T09:44:40Z</time></wpt>
<wpt lat="46.194052" lon="6.779371"><ele>1854</ele><time>2027-01-17T09:44:42Z</time></wpt>
<wpt lat="46.193980" lon="6.779383"><ele>1854</ele><time>2027-01-17T09:44:44Z</time></wpt>
<wpt lat="46.193908" lon="6.779395"><ele>1854</ele><time>2027-01-17T09:44:46Z</time></wpt>
<wpt lat="46.193835" lon="6.779408"><ele>1854</ele><time>2027-01-17T09:44:48Z</time></wpt>
<wpt lat="46.193762" lon="6.779420"><ele>1854</ele><time>2027-01-17T09:44:50Z</time></wpt>
<wpt lat="46.193690" lon="6.779432"><ele>1854</ele><time>2027-01-17T09:44:52Z</time></wpt>
<wpt lat="46.193617" lon="6.779444"><ele>1854</ele><time>2027-01-17T09:44:54Z</time></wpt>
<wpt lat="46.193545" lon="6.779456"><ele>1854</ele><time>2027-01-17T09:44:56Z</time></wpt>
<wpt lat="46.193472" lon="6.779468"><ele>1854</ele><time>2027-01-17T09:44:58Z</time></wpt>
<wpt lat="46.193400" lon="6.779480"><ele>1925</ele><time>2027-01-17T09:45:00Z</time></wpt>
<wpt lat="46.193300" lon="6.779310"><ele>1926</ele><time>2027-01-17T09:45:02Z</time></wpt>
<wpt lat="46.193497" lon="6.779200"><ele>1926</ele><time>2027-01-17T09:45:04Z</time></wpt>
<wpt lat="46.193693" lon="6.779090"><ele>1926</ele><time>2027-01-17T09:45:07Z</time></wpt>
<wpt lat="46.193890" lon="6.778980"><ele>1913</ele><time>2027-01-17T09:45:09Z</time></wpt>
<wpt lat="46.194070" lon="6.778882"><ele>1913</ele><time>2027-01-17T09:45:11Z</time></wpt>
<wpt lat="46.194250" lon="6.778785"><ele>1913</ele><time>2027-01-17T09:45:13Z</time></wpt>
<wpt lat="46.194430" lon="6.778688"><ele>1913</ele><time>2027-01-17T09:45:15Z</time></wpt>
<wpt lat="46.194610" lon="6.778590"><ele>1889</ele><time>2027-01-17T09:45:18Z</time></wpt>
<wpt lat="46.194792" lon="6.778515"><ele>1889</ele><time>2027-01-17T09:45:20Z</time></wpt>
<wpt lat="46.194975" lon="6.778440"><ele>1889</ele><time>2027-01-17T09:45:22Z</time></wpt>
<wpt lat="46.195158" lon="6.778365"><ele>1889</ele><time>2027-01-17T09:45:24Z</time></wpt>
<wpt lat="46.195340" lon="6.778290"><ele>1857</ele><time>2027-01-17T09:45:26Z</time></wpt>
<wpt lat="46.195547" lon="6.778257"><ele>1857</ele><time>2027-01-17T09:45:28Z</time></wpt>
<wpt lat="46.195753" lon="6.778223"><ele>1857</ele><time>2027-01-17T09:45:31Z</time></wpt>
<wpt lat="46.195960" lon="6.778190"><ele>1829</ele><time>2027-01-17T09:45:33Z</time></wpt>
<wpt lat="46.196100" lon="6.778200"><ele>1824</ele><time>2027-01-17T09:45:35Z</time></wpt>
<wpt lat="46.196110" lon="6.778320"><ele>1823</ele><time>2027-01-17T09:45:35Z</time></wpt>
<wpt lat="46.196130" lon="6.778390"><ele>1822</ele><time>2027-01-17T09:45:36Z</time></wpt>
<wpt lat="46.196140" lon="6.778460"><ele>1821</ele><time>2027-01-17T09:45:37Z</time></wpt>
<wpt lat="46.196140" lon="6.778550"><ele>1820</ele><time>2027-01-17T09:45:37Z</time></wpt>
<wpt lat="46.196150" lon="6.778660"><ele>1819</ele><time>2027-01-17T09:45:38Z</time></wpt>
<wpt lat="46.196110" lon="6.778950"><ele>1817</ele><time>2027-01-17T09:45:40Z</time></wpt>
<wpt lat="46.196110" lon="6.778950"><ele>1817</ele><time>2027-01-17T09:45:40Z</time></wpt>
<wpt lat="46.196035" lon="6.779220"><ele>1817</ele><time>2027-01-17T09:45:43Z</time></wpt>
<wpt lat="46.195960" lon="6.779490"><ele>1815</ele><time>2027-01-17T09:45:45Z</time></wpt>
<wpt lat="46.195950" lon="6.779560"><ele>1814</ele><time>2027-01-17T09:45:45Z</time></wpt>
<wpt lat="46.195950" lon="6.779620"><ele>1813</ele><time>2027-01-17T09:45:46Z</time></wpt>
<wpt lat="46.195940" lon="6.779670"><ele>1813</ele><time>2027-01-17T09:45:46Z</time></wpt>
<wpt lat="46.195940" lon="6.779740"><ele>1812</ele><time>2027-01-17T09:45:47Z</time></wpt>
<wpt lat="46.195940" lon="6.779750"><ele>1811</ele><time>2027-01-17T09:45:47Z</time></wpt>
<wpt lat="46.195950" lon="6.779790"><ele>1811</ele><time>2027-01-17T09:45:47Z</time></wpt>
<wpt lat="46.195960" lon="6.779850"><ele>1809</ele><time>2027-01-17T09:45:48Z</time></wpt>
<wpt lat="46.195970" lon="6.779910"><ele>1808</ele><time>2027-01-17T09:45:48Z</time></wpt>
<wpt lat="46.196000" lon="6.779980"><ele>1806</ele><time>2027-01-17T09:45:49Z</time></wpt>
<wpt lat="46.196080" lon="6.780190"><ele>1801</ele><time>2027-01-17T09:45:51Z</time></wpt>
<wpt lat="46.196080" lon="6.780190"><ele>1801</ele><time>2027-01-17T09:45:51Z</time></wpt>
<wpt lat="46.196085" lon="6.780490"><ele>1801</ele><time>2027-01-17T09:45:53Z</time></wpt>
<wpt lat="46.196090" lon="6.780790"><ele>1790</ele><time>2027-01-17T09:45:55Z</time></wpt>
<wpt lat="46.196070" lon="6.780980"><ele>1787</ele><time>2027-01-17T09:45:57Z</time></wpt>
<wpt lat="46.195920" lon="6.781260"><ele>1784</ele><time>2027-01-17T09:46:00Z</time></wpt>
<wpt lat="46.195760" lon="6.781405"><ele>1784</ele><time>2027-01-17T09:46:02Z</time></wpt>
<wpt lat="46.195600" lon="6.781550"><ele>1785</ele><time>2027-01-17T09:46:04Z</time></wpt>
<wpt lat="46.195600" lon="6.781550"><ele>1785</ele><time>2027-01-17T09:46:04Z</time></wpt>
<wpt lat="46.195630" lon="6.781610"><ele>1783</ele><time>2027-01-17T09:46:04Z</time></wpt>
<wpt lat="46.195630" lon="6.781910"><ele>1777</ele><time>2027-01-17T09:46:07Z</time></wpt>
<wpt lat="46.195620" lon="6.782193"><ele>1777</ele><time>2027-01-17T09:46:09Z</time></wpt>
<wpt lat="46.195610" lon="6.782477"><ele>1777</ele><time>2027-01-17T09:46:11Z</time></wpt>
<wpt lat="46.195600" lon="6.782760"><ele>1762</ele><time>2027-01-17T09:46:13Z</time></wpt>
<wpt lat="46.195650" lon="6.782960"><ele>1756</ele><time>2027-01-17T09:46:15Z</time></wpt>
<wpt lat="46.195780" lon="6.783060"><ele>1750</ele><time>2027-01-17T09:46:16Z</time></wpt>
<wpt lat="46.195930" lon="6.783060"><ele>1746</ele><time>2027-01-17T09:46:18Z</time></wpt>
<wpt lat="46.196128" lon="6.783060"><ele>1746</ele><time>2027-01-17T09:46:20Z</time></wpt>
<wpt lat="46.196327" lon="6.783060"><ele>1746</ele><time>2027-01-17T09:46:22Z</time></wpt>
<wpt lat="46.196525" lon="6.783060"><ele>1746</ele><time>2027-01-17T09:46:25Z</time></wpt>
<wpt lat="46.196723" lon="6.783060"><ele>1746</ele><time>2027-01-17T09:46:27Z</time></wpt>
<wpt lat="46.196922" lon="6.783060"><ele>1746</ele><time>2027-01-17T09:46:29Z</time></wpt>
<wpt lat="46.197120" lon="6.783060"><ele>1717</ele><time>2027-01-17T09:46:31Z</time></wpt>
<wpt lat="46.197287" lon="6.783210"><ele>1717</ele><time>2027-01-17T09:46:33Z</time></wpt>
<wpt lat="46.197453" lon="6.783360"><ele>1717</ele><time>2027-01-17T09:46:36Z</time></wpt>
<wpt lat="46.197620" lon="6.783510"><ele>1686</ele><time>2027-01-17T09:46:38Z</time></wpt>
<wpt lat="46.197680" lon="6.783670"><ele>1680</ele><time>2027-01-17T09:46:39Z</time></wpt>
<wpt lat="46.197650" lon="6.783880"><ele>1674</ele><time>2027-01-17T09:46:41Z</time></wpt>
<wpt lat="46.197590" lon="6.784070"><ele>1669</ele><time>2027-01-17T09:46:42Z</time></wpt>
<wpt lat="46.197420" lon="6.784330"><ele>1664</ele><time>2027-01-17T09:46:45Z</time></wpt>
<wpt lat="46.197240" lon="6.784680"><ele>1655</ele><time>2027-01-17T09:46:49Z</time></wpt>
<wpt lat="46.197155" lon="6.784910"><ele>1655</ele><time>2027-01-17T09:46:51Z</time></wpt>
<wpt lat="46.197070" lon="6.785140"><ele>1642</ele><time>2027-01-17T09:46:53Z</time></wpt>
<wpt lat="46.197080" lon="6.785420"><ele>1633</ele><time>2027-01-17T09:46:55Z</time></wpt>
<wpt lat="46.197130" lon="6.785600"><ele>1627</ele><time>2027-01-17T09:46:56Z</time></wpt>
<wpt lat="46.197240" lon="6.785910"><ele>1616</ele><time>2027-01-17T09:46:59Z</time></wpt>
<wpt lat="46.197380" lon="6.786150"><ele>1616</ele><time>2027-01-17T09:47:01Z</time></wpt>
<wpt lat="46.197520" lon="6.786390"><ele>1602</ele><time>2027-01-17T09:47:04Z</time></wpt>
<wpt lat="46.197800" lon="6.786670"><ele>1594</ele><time>2027-01-17T09:47:08Z</time></wpt>
<wpt lat="46.197942" lon="6.786866"><ele>1594</ele><time>2027-01-17T09:47:10Z</time></wpt>
<wpt lat="46.198084" lon="6.787062"><ele>1594</ele><time>2027-01-17T09:47:12Z</time></wpt>
<wpt lat="46.198226" lon="6.787258"><ele>1594</ele><time>2027-01-17T09:47:14Z</time></wpt>
<wpt lat="46.198368" lon="6.787454"><ele>1594</ele><time>2027-01-17T09:47:16Z</time></wpt>
<wpt lat="46.198510" lon="6.787650"><ele>1588</ele><time>2027-01-17T09:47:18Z</time></wpt>
<wpt lat="46.198410" lon="6.787415"><ele>1588</ele><time>2027-01-17T09:47:21Z</time></wpt>
<wpt lat="46.198310" lon="6.787180"><ele>1588</ele><time>2027-01-17T09:48:23Z</time></wpt>
<wpt lat="46.198237" lon="6.787137"><ele>1588</ele><time>2027-01-17T09:48:25Z</time></wpt>
<wpt lat="46.198164" lon="6.787094"><ele>1588</ele><time>2027-01-17T09:48:27Z</time></wpt>
<wpt lat="46.198091" lon="6.787051"><ele>1588</ele><time>2027-01-17T09:48:29Z</time></wpt>
<wpt lat="46.198018" lon="6.787008"><ele>1588</ele><time>2027-01-17T09:48:31Z</time></wpt>
<wpt lat="46.197945" lon="6.786965"><ele>1588</ele><time>2027-01-17T09:48:34Z</time></wpt>
<wpt lat="46.197872" lon="6.786922"><ele>1588</ele><time>2027-01-17T09:48:36Z</time></wpt>
<wpt lat="46.197799" lon="6.786879"><ele>1588</ele><time>2027-01-17T09:48:38Z</time></wpt>
<wpt lat="46.197726" lon="6.786836"><ele>1588</ele><time>2027-01-17T09:48:40Z</time></wpt>
<wpt lat="46.197653" lon="6.786793"><ele>1588</ele><time>2027-01-17T09:48:42Z</time></wpt>
<wpt lat="46.197580" lon="6.786750"><ele>1595</ele><time>2027-01-17T09:48:45Z</time></wpt>
<wpt lat="46.197512" lon="6.786710"><ele>1595</ele><time>2027-01-17T09:48:47Z</time></wpt>
<wpt lat="46.197444" lon="6.786669"><ele>1595</ele><time>2027-01-17T09:48:49Z</time></wpt>
<wpt lat="46.197376" lon="6.786629"><ele>1595</ele><time>2027-01-17T09:48:51Z</time></wpt>
<wpt lat="46.197308" lon="6.786588"><ele>1595</ele><time>2027-01-17T09:48:53Z</time></wpt>
<wpt lat="46.197240" lon="6.786548"><ele>1595</ele><time>2027-01-17T09:48:55Z</time></wpt>
<wpt lat="46.197171" lon="6.786507"><ele>1595</ele><time>2027-01-17T09:48:57Z</time></wpt>
<wpt lat="46.197103" lon="6.786467"><ele>1595</ele><time>2027-01-17T09:48:59Z</time></wpt>
<wpt lat="46.197035" lon="6.786426"><ele>1595</ele><time>2027-01-17T09:49:01Z</time></wpt>
<wpt lat="46.196967" lon="6.786386"><ele>1595</ele><time>2027-01-17T09:49:03Z</time></wpt>
<wpt lat="46.196899" lon="6.786345"><ele>1595</ele><time>2027-01-17T09:49:05Z</time></wpt>
<wpt lat="46.196831" lon="6.786305"><ele>1595</ele><time>2027-01-17T09:49:07Z</time></wpt>
<wpt lat="46.196763" lon="6.786264"><ele>1595</ele><time>2027-01-17T09:49:09Z</time></wpt>
<wpt lat="46.196695" lon="6.786224"><ele>1595</ele><time>2027-01-17T09:49:11Z</time></wpt>
<wpt lat="46.196627" lon="6.786183"><ele>1595</ele><time>2027-01-17T09:49:13Z</time></wpt>
<wpt lat="46.196559" lon="6.786143"><ele>1595</ele><time>2027-01-17T09:49:15Z</time></wpt>
<wpt lat="46.196490" lon="6.786102"><ele>1595</ele><time>2027-01-17T09:49:17Z</time></wpt>
<wpt lat="46.196422" lon="6.786062"><ele>1595</ele><time>2027-01-17T09:49:19Z</time></wpt>
<wpt lat="46.196354" lon="6.786021"><ele>1595</ele><time>2027-01-17T09:49:21Z</time></wpt>
<wpt lat="46.196286" lon="6.785981"><ele>1595</ele><time>2027-01-17T09:49:23Z</time></wpt>
<wpt lat="46.196218" lon="6.785940"><ele>1595</ele><time>2027-01-17T09:49:25Z</time></wpt>
<wpt lat="46.196150" lon="6.785900"><ele>1640</ele><time>2027-01-17T09:49:28Z</time></wpt>
<wpt lat="46.196081" lon="6.785859"><ele>1640</ele><time>2027-01-17T09:49:30Z</time></wpt>
<wpt lat="46.196013" lon="6.785819"><ele>1640</ele><time>2027-01-17T09:49:32Z</time></wpt>
<wpt lat="46.195944" lon="6.785778"><ele>1640</ele><time>2027-01-17T09:49:34Z</time></wpt>
<wpt lat="46.195875" lon="6.785737"><ele>1640</ele><time>2027-01-17T09:49:36Z</time></wpt>
<wpt lat="46.195806" lon="6.785697"><ele>1640</ele><time>2027-01-17T09:49:38Z</time></wpt>
<wpt lat="46.195737" lon="6.785656"><ele>1640</ele><time>2027-01-17T09:49:40Z</time></wpt>
<wpt lat="46.195669" lon="6.785616"><ele>1640</ele><time>2027-01-17T09:49:42Z</time></wpt>
<wpt lat="46.195600" lon="6.785575"><ele>1640</ele><time>2027-01-17T09:49:44Z</time></wpt>
<wpt lat="46.195531" lon="6.785534"><ele>1640</ele><time>2027-01-17T09:49:46Z</time></wpt>
<wpt lat="46.195463" lon="6.785494"><ele>1640</ele><time>2027-01-17T09:49:48Z</time></wpt>
<wpt lat="46.195394" lon="6.785453"><ele>1640</ele><time>2027-01-17T09:49:50Z</time></wpt>
<wpt lat="46.195325" lon="6.785412"><ele>1640</ele><time>2027-01-17T09:49:52Z</time></wpt>
<wpt lat="46.195256" lon="6.785372"><ele>1640</ele><time>2027-01-17T09:49:54Z</time></wpt>
<wpt lat="46.195188" lon="6.785331"><ele>1640</ele><time>2027-01-17T09:49:56Z</time></wpt>
<wpt lat="46.195119" lon="6.785291"><ele>1640</ele><time>2027-01-17T09:49:58Z</time></wpt>
<wpt lat="46.195050" lon="6.785250"><ele>1714</ele><time>2027-01-17T09:50:01Z</time></wpt>
<wpt lat="46.194978" lon="6.785207"><ele>1714</ele><time>2027-01-17T09:50:03Z</time></wpt>
<wpt lat="46.194907" lon="6.785164"><ele>1714</ele><time>2027-01-17T09:50:05Z</time></wpt>
<wpt lat="46.194835" lon="6.785121"><ele>1714</ele><time>2027-01-17T09:50:07Z</time></wpt>
<wpt lat="46.194764" lon="6.785078"><ele>1714</ele><time>2027-01-17T09:50:09Z</time></wpt>
<wpt lat="46.194692" lon="6.785035"><ele>1714</ele><time>2027-01-17T09:50:11Z</time></wpt>
<wpt lat="46.194621" lon="6.784992"><ele>1714</ele><time>2027-01-17T09:50:13Z</time></wpt>
<wpt lat="46.194549" lon="6.784948"><ele>1714</ele><time>2027-01-17T09:50:16Z</time></wpt>
<wpt lat="46.194478" lon="6.784905"><ele>1714</ele><time>2027-01-17T09:50:18Z</time></wpt>
<wpt lat="46.194406" lon="6.784862"><ele>1714</ele><time>2027-01-17T09:50:20Z</time></wpt>
<wpt lat="46.194335" lon="6.784819"><ele>1714</ele><time>2027-01-17T09:50:22Z</time></wpt>
<wpt lat="46.194263" lon="6.784776"><ele>1714</ele><time>2027-01-17T09:50:24Z</time></wpt>
<wpt lat="46.194192" lon="6.784733"><ele>1714</ele><time>2027-01-17T09:50:26Z</time></wpt>
<wpt lat="46.194120" lon="6.784690"><ele>1768</ele><time>2027-01-17T09:50:28Z</time></wpt>
<wpt lat="46.194052" lon="6.784649"><ele>1768</ele><time>2027-01-17T09:50:31Z</time></wpt>
<wpt lat="46.193984" lon="6.784609"><ele>1768</ele><time>2027-01-17T09:50:33Z</time></wpt>
<wpt lat="46.193915" lon="6.784568"><ele>1768</ele><time>2027-01-17T09:50:35Z</time></wpt>
<wpt lat="46.193847" lon="6.784527"><ele>1768</ele><time>2027-01-17T09:50:37Z</time></wpt>
<wpt lat="46.193779" lon="6.784486"><ele>1768</ele><time>2027-01-17T09:50:39Z</time></wpt>
<wpt lat="46.193711" lon="6.784446"><ele>1768</ele><time>2027-01-17T09:50:41Z</time></wpt>
<wpt lat="46.193642" lon="6.784405"><ele>1768</ele><time>2027-01-17T09:50:43Z</time></wpt>
<wpt lat="46.193574" lon="6.784364"><ele>1768</ele><time>2027-01-17T09:50:45Z</time></wpt>
<wpt lat="46.193506" lon="6.784324"><ele>1768</ele><time>2027-01-17T09:50:47Z</time></wpt>
<wpt lat="46.193438" lon="6.784283"><ele>1768</ele><time>2027-01-17T09:50:49Z</time></wpt>
<wpt lat="46.193370" lon="6.784242"><ele>1768</ele><time>2027-01-17T09:50:51Z</time></wpt>
<wpt lat="46.193301" lon="6.784201"><ele>1768</ele><time>2027-01-17T09:50:53Z</time></wpt>
<wpt lat="46.193233" lon="6.784161"><ele>1768</ele><time>2027-01-17T09:50:55Z</time></wpt>
<wpt lat="46.193165" lon="6.784120"><ele>1768</ele><time>2027-01-17T09:50:57Z</time></wpt>
<wpt lat="46.193097" lon="6.784079"><ele>1768</ele><time>2027-01-17T09:50:59Z</time></wpt>
<wpt lat="46.193029" lon="6.784039"><ele>1768</ele><time>2027-01-17T09:51:01Z</time></wpt>
<wpt lat="46.192960" lon="6.783998"><ele>1768</ele><time>2027-01-17T09:51:03Z</time></wpt>
<wpt lat="46.192892" lon="6.783957"><ele>1768</ele><time>2027-01-17T09:51:05Z</time></wpt>
<wpt lat="46.192824" lon="6.783916"><ele>1768</ele><time>2027-01-17T09:51:07Z</time></wpt>
<wpt lat="46.192756" lon="6.783876"><ele>1768</ele><time>2027-01-17T09:51:09Z</time></wpt>
<wpt lat="46.192688" lon="6.783835"><ele>1768</ele><time>2027-01-17T09:51:11Z</time></wpt>
<wpt lat="46.192619" lon="6.783794"><ele>1768</ele><time>2027-01-17T09:51:14Z</time></wpt>
<wpt lat="46.192551" lon="6.783754"><ele>1768</ele><time>2027-01-17T09:51:16Z</time></wpt>
<wpt lat="46.192483" lon="6.783713"><ele>1768</ele><time>2027-01-17T09:51:18Z</time></wpt>
<wpt lat="46.192415" lon="6.783672"><ele>1768</ele><time>2027-01-17T09:51:20Z</time></wpt>
<wpt lat="46.192346" lon="6.783631"><ele>1768</ele><time>2027-01-17T09:51:22Z</time></wpt>
<wpt lat="46.192278" lon="6.783591"><ele>1768</ele><time>2027-01-17T09:51:24Z</time></wpt>
<wpt lat="46.192210" lon="6.783550"><ele>1899</ele><time>2027-01-17T09:51:26Z</time></wpt>
<wpt lat="46.192143" lon="6.783511"><ele>1899</ele><time>2027-01-17T09:51:28Z</time></wpt>
<wpt lat="46.192076" lon="6.783471"><ele>1899</ele><time>2027-01-17T09:51:30Z</time></wpt>
<wpt lat="46.192009" lon="6.783431"><ele>1899</ele><time>2027-01-17T09:51:32Z</time></wpt>
<wpt lat="46.191942" lon="6.783392"><ele>1899</ele><time>2027-01-17T09:51:34Z</time></wpt>
<wpt lat="46.191875" lon="6.783352"><ele>1899</ele><time>2027-01-17T09:51:36Z</time></wpt>
<wpt lat="46.191808" lon="6.783313"><ele>1899</ele><time>2027-01-17T09:51:38Z</time></wpt>
<wpt lat="46.191741" lon="6.783273"><ele>1899</ele><time>2027-01-17T09:51:40Z</time></wpt>
<wpt lat="46.191674" lon="6.783234"><ele>1899</ele><time>2027-01-17T09:51:42Z</time></wpt>
<wpt lat="46.191607" lon="6.783194"><ele>1899</ele><time>2027-01-17T09:51:44Z</time></wpt>
<wpt lat="46.191540" lon="6.783155"><ele>1899</ele><time>2027-01-17T09:51:46Z</time></wpt>
<wpt lat="46.191473" lon="6.783116"><ele>1899</ele><time>2027-01-17T09:51:48Z</time></wpt>
<wpt lat="46.191406" lon="6.783076"><ele>1899</ele><time>2027-01-17T09:51:50Z</time></wpt>
<wpt lat="46.191339" lon="6.783036"><ele>1899</ele><time>2027-01-17T09:51:52Z</time></wpt>
<wpt lat="46.191272" lon="6.782997"><ele>1899</ele><time>2027-01-17T09:51:54Z</time></wpt>
<wpt lat="46.191205" lon="6.782958"><ele>1899</ele><time>2027-01-17T09:51:56Z</time></wpt>
<wpt lat="46.191138" lon="6.782918"><ele>1899</ele><time>2027-01-17T09:51:58Z</time></wpt>
<wpt lat="46.191071" lon="6.782878"><ele>1899</ele><time>2027-01-17T09:52:00Z</time></wpt>
<wpt lat="46.191004" lon="6.782839"><ele>1899</ele><time>2027-01-17T09:52:02Z</time></wpt>
<wpt lat="46.190937" lon="6.782799"><ele>1899</ele><time>2027-01-17T09:52:04Z</time></wpt>
<wpt lat="46.190870" lon="6.782760"><ele>1981</ele><time>2027-01-17T09:52:06Z</time></wpt>
<wpt lat="46.190870" lon="6.782760"><ele>1981</ele><time>2027-01-17T09:52:06Z</time></wpt>
<wpt lat="46.190760" lon="6.782680"><ele>1983</ele><time>2027-01-17T09:52:07Z</time></wpt>
<wpt lat="46.190730" lon="6.782710"><ele>1982</ele><time>2027-01-17T09:52:08Z</time></wpt>
<wpt lat="46.190690" lon="6.782930"><ele>1978</ele><time>2027-01-17T09:52:10Z</time></wpt>
<wpt lat="46.190740" lon="6.783240"><ele>1978</ele><time>2027-01-17T09:52:12Z</time></wpt>
<wpt lat="46.190790" lon="6.783550"><ele>1944</ele><time>2027-01-17T09:52:14Z</time></wpt>
<wpt lat="46.190860" lon="6.784050"><ele>1925</ele><time>2027-01-17T09:52:18Z</time></wpt>
<wpt lat="46.191070" lon="6.784210"><ele>1918</ele><time>2027-01-17T09:52:21Z</time></wpt>
<wpt lat="46.191400" lon="6.784120"><ele>1917</ele><time>2027-01-17T09:52:25Z</time></wpt>
<wpt lat="46.191570" lon="6.783970"><ele>1917</ele><time>2027-01-17T09:52:27Z</time></wpt>
<wpt lat="46.191740" lon="6.783820"><ele>1914</ele><time>2027-01-17T09:52:29Z</time></wpt>
<wpt lat="46.191890" lon="6.783655"><ele>1914</ele><time>2027-01-17T09:52:31Z</time></wpt>
<wpt lat="46.192040" lon="6.783490"><ele>1914</ele><time>2027-01-17T09:52:33Z</time></wpt>
<wpt lat="46.192190" lon="6.783325"><ele>1914</ele><time>2027-01-17T09:52:35Z</time></wpt>
<wpt lat="46.192340" lon="6.783160"><ele>1914</ele><time>2027-01-17T09:52:38Z</time></wpt>
<wpt lat="46.192490" lon="6.782995"><ele>1914</ele><time>2027-01-17T09:52:40Z</time></wpt>
<wpt lat="46.192640" lon="6.782830"><ele>1914</ele><time>2027-01-17T09:52:42Z</time></wpt>
<wpt lat="46.192790" lon="6.782665"><ele>1914</ele><time>2027-01-17T09:52:44Z</time></wpt>
<wpt lat="46.192940" lon="6.782500"><ele>1900</ele><time>2027-01-17T09:52:46Z</time></wpt>
<wpt lat="46.193092" lon="6.782282"><ele>1900</ele><time>2027-01-17T09:52:48Z</time></wpt>
<wpt lat="46.193245" lon="6.782065"><ele>1900</ele><time>2027-01-17T09:52:51Z</time></wpt>
<wpt lat="46.193398" lon="6.781847"><ele>1900</ele><time>2027-01-17T09:52:53Z</time></wpt>
<wpt lat="46.193550" lon="6.781630"><ele>1885</ele><time>2027-01-17T09:52:55Z</time></wpt>
<wpt lat="46.193770" lon="6.781540"><ele>1885</ele><time>2027-01-17T09:52:58Z</time></wpt>
<wpt lat="46.193990" lon="6.781450"><ele>1864</ele><time>2027-01-17T09:53:01Z</time></wpt>
<wpt lat="46.194190" lon="6.781444"><ele>1864</ele><time>2027-01-17T09:53:03Z</time></wpt>
<wpt lat="46.194390" lon="6.781438"><ele>1864</ele><time>2027-01-17T09:53:05Z</time></wpt>
<wpt lat="46.194590" lon="6.781432"><ele>1864</ele><time>2027-01-17T09:53:07Z</time></wpt>
<wpt lat="46.194790" lon="6.781426"><ele>1864</ele><time>2027-01-17T09:53:09Z</time></wpt>
<wpt lat="46.194990" lon="6.781420"><ele>1807</ele><time>2027-01-17T09:53:12Z</time></wpt>
<wpt lat="46.195200" lon="6.781440"><ele>1807</ele><time>2027-01-17T09:53:14Z</time></wpt>
<wpt lat="46.195410" lon="6.781460"><ele>1791</ele><time>2027-01-17T09:53:16Z</time></wpt>
<wpt lat="46.195570" lon="6.781500"><ele>1786</ele><time>2027-01-17T09:53:18Z</time></wpt>
<wpt lat="46.195600" lon="6.781550"><ele>1785</ele><time>2027-01-17T09:53:19Z</time></wpt>
<wpt lat="46.195630" lon="6.781610"><ele>1783</ele><time>2027-01-17T09:53:19Z</time></wpt>
<wpt lat="46.195630" lon="6.781910"><ele>1777</ele><time>2027-01-17T09:53:21Z</time></wpt>
<wpt lat="46.195620" lon="6.782193"><ele>1777</ele><time>2027-01-17T09:53:24Z</time></wpt>
<wpt lat="46.195610" lon="6.782477"><ele>1777</ele><time>2027-01-17T09:53:26Z</time></wpt>
<wpt lat="46.195600" lon="6.782760"><ele>1762</ele><time>2027-01-17T09:53:28Z</time></wpt>
<wpt lat="46.195650" lon="6.782960"><ele>1756</ele><time>2027-01-17T09:53:30Z</time></wpt>
<wpt lat="46.195780" lon="6.783060"><ele>1750</ele><time>2027-01-17T09:53:31Z</time></wpt>
<wpt lat="46.195930" lon="6.783060"><ele>1746</ele><time>2027-01-17T09:53:33Z</time></wpt>
<wpt lat="46.196128" lon="6.783060"><ele>1746</ele><time>2027-01-17T09:53:35Z</time></wpt>
<wpt lat="46.196327" lon="6.783060"><ele>1746</ele><time>2027-01-17T09:53:37Z</time></wpt>
<wpt lat="46.196525" lon="6.783060"><ele>1746</ele><time>2027-01-17T09:53:40Z</time></wpt>
<wpt lat="46.196723" lon="6.783060"><ele>1746</ele><time>2027-01-17T09:53:42Z</time></wpt>
<wpt lat="46.196922" lon="6.783060"><ele>1746</ele><time>2027-01-17T09:53:44Z</time></wpt>
<wpt lat="46.197120" lon="6.783060"><ele>1717</ele><time>2027-01-17T09:53:46Z</time></wpt>
<wpt lat="46.197287" lon="6.783210"><ele>1717</ele><time>2027-01-17T09:53:48Z</time></wpt>
<wpt lat="46.197453" lon="6.783360"><ele>1717</ele><time>2027-01-17T09:53:51Z</time></wpt>
<wpt lat="46.197620" lon="6.783510"><ele>1686</ele><time>2027-01-17T09:53:53Z</time></wpt>
<wpt lat="46.197680" lon="6.783670"><ele>1680</ele><time>2027-01-17T09:53:54Z</time></wpt>
<wpt lat="46.197650" lon="6.783880"><ele>1674</ele><time>2027-01-17T09:53:56Z</time></wpt>
<wpt lat="46.197590" lon="6.784070"><ele>1669</ele><time>2027-01-17T09:53:57Z</time></wpt>
<wpt lat="46.197420" lon="6.784330"><ele>1664</ele><time>2027-01-17T09:54:00Z</time></wpt>
<wpt lat="46.197240" lon="6.784680"><ele>1655</ele><time>2027-01-17T09:54:03Z</time></wpt>
<wpt lat="46.197155" lon="6.784910"><ele>1655</ele><time>2027-01-17T09:54:05Z</time></wpt>
<wpt lat="46.197070" lon="6.785140"><ele>1642</ele><time>2027-01-17T09:54:08Z</time></wpt>
<wpt lat="46.197080" lon="6.785420"><ele>1633</ele><time>2027-01-17T09:54:10Z</time></wpt>
<wpt lat="46.197130" lon="6.785600"><ele>1627</ele><time>2027-01-17T09:54:11Z</time></wpt>
<wpt lat="46.197240" lon="6.785910"><ele>1616</ele><time>2027-01-17T09:54:14Z</time></wpt>
<wpt lat="46.197380" lon="6.786150"><ele>1616</ele><time>2027-01-17T09:54:16Z</time></wpt>
<wpt lat="46.197520" lon="6.786390"><ele>1602</ele><time>2027-01-17T09:54:19Z</time></wpt>
<wpt lat="46.197800" lon="6.786670"><ele>1594</ele><time>2027-01-17T09:54:22Z</time></wpt>
<wpt lat="46.197942" lon="6.786866"><ele>1594</ele><time>2027-01-17T09:54:25Z</time></wpt>
<wpt lat="46.198084" lon="6.787062"><ele>1594</ele><time>2027-01-17T09:54:27Z</time></wpt>
<wpt lat="46.198226" lon="6.787258"><ele>1594</ele><time>2027-01-17T09:54:29Z</time></wpt>
<wpt lat="46.198368" lon="6.787454"><ele>1594</ele><time>2027-01-17T09:54:31Z</time></wpt>
<wpt lat="46.198510" lon="6.787650"><ele>1588</ele><time>2027-01-17T09:54:33Z</time></wpt>
<wpt lat="46.198410" lon="6.787415"><ele>1588</ele><time>2027-01-17T09:54:35Z</time></wpt>
<wpt lat="46.198310" lon="6.787180"><ele>1588</ele><time>2027-01-17T09:55:38Z</time></wpt>
<wpt lat="46.198237" lon="6.787137"><ele>1588</ele><time>2027-01-17T09:55:40Z</time></wpt>
<wpt lat="46.198164" lon="6.787094"><ele>1588</ele><time>2027-01-17T09:55:42Z</time></wpt>
<wpt lat="46.198091" lon="6.787051"><ele>1588</ele><time>2027-01-17T09:55:44Z</time></wpt>
<wpt lat="46.198018" lon="6.787008"><ele>1588</ele><time>2027-01-17T09:55:46Z</time></wpt>
<wpt lat="46.197945" lon="6.786965"><ele>1588</ele><time>2027-01-17T09:55:49Z</time></wpt>
<wpt lat="46.197872" lon="6.786922"><ele>1588</ele><time>2027-01-17T09:55:51Z</time></wpt>
<wpt lat="46.197799" lon="6.786879"><ele>1588</ele><time>2027-01-17T09:55:53Z</time></wpt>
<wpt lat="46.197726" lon="6.786836"><ele>1588</ele><time>2027-01-17T09:55:55Z</time></wpt>
<wpt lat="46.197653" lon="6.786793"><ele>1588</ele><time>2027-01-17T09:55:57Z</time></wpt>
<wpt lat="46.197580" lon="6.786750"><ele>1595</ele><time>2027-01-17T09:55:59Z</time></wpt>
<wpt lat="46.197512" lon="6.786710"><ele>1595</ele><time>2027-01-17T09:56:02Z</time></wpt>
<wpt lat="46.197444" lon="6.786669"><ele>1595</ele><time>2027-01-17T09:56:04Z</time></wpt>
<wpt lat="46.197376" lon="6.786629"><ele>1595</ele><time>2027-01-17T09:56:06Z</time></wpt>
<wpt lat="46.197308" lon="6.786588"><ele>1595</ele><time>2027-01-17T09:56:08Z</time></wpt>
<wpt lat="46.197240" lon="6.786548"><ele>1595</ele><time>2027-01-17T09:56:10Z</time></wpt>
<wpt lat="46.197171" lon="6.786507"><ele>1595</ele><time>2027-01-17T09:56:12Z</time></wpt>
<wpt lat="46.197103" lon="6.786467"><ele>1595</ele><time>2027-01-17T09:56:14Z</time></wpt>
<wpt lat="46.197035" lon="6.786426"><ele>1595</ele><time>2027-01-17T09:56:16Z</time></wpt>
<wpt lat="46.196967" lon="6.786386"><ele>1595</ele><time>2027-01-17T09:56:18Z</time></wpt>
<wpt lat="46.196899" lon="6.786345"><ele>1595</ele><time>2027-01-17T09:56:20Z</time></wpt>
<wpt lat="46.196831" lon="6.786305"><ele>1595</ele><time>2027-01-17T09:56:22Z</time></wpt>
<wpt lat="46.196763" lon="6.786264"><ele>1595</ele><time>2027-01-17T09:56:24Z</time></wpt>
<wpt lat="46.196695" lon="6.786224"><ele>1595</ele><time>2027-01-17T09:56:26Z</time></wpt>
<wpt lat="46.196627" lon="6.786183"><ele>1595</ele><time>2027-01-17T09:56:28Z</time></wpt>
<wpt lat="46.196559" lon="6.786143"><ele>1595</ele><time>2027-01-17T09:56:30Z</time></wpt>
<wpt lat="46.196490" lon="6.786102"><ele>1595</ele><time>2027-01-17T09:56:32Z</time></wpt>
<wpt lat="46.196422" lon="6.786062"><ele>1595</ele><time>2027-01-17T09:56:34Z</time></wpt>
<wpt lat="46.196354" lon="6.786021"><ele>1595</ele><time>2027-01-17T09:56:36Z</time></wpt>
<wpt lat="46.196286" lon="6.785981"><ele>1595</ele><time>2027-01-17T09:56:38Z</time></wpt>
<wpt lat="46.196218" lon="6.785940"><ele>1595</ele><time>2027-01-17T09:56:40Z</time></wpt>
<wpt lat="46.196150" lon="6.785900"><ele>1640</ele><time>2027-01-17T09:56:42Z</time></wpt>
<wpt lat="46.196081" lon="6.785859"><ele>1640</ele><time>2027-01-17T09:56:44Z</time></wpt>
<wpt lat="46.196013" lon="6.785819"><ele>1640</ele><time>2027-01-17T09:56:47Z</time></wpt>
<wpt lat="46.195944" lon="6.785778"><ele>1640</ele><time>2027-01-17T09:56:49Z</time></wpt>
<wpt lat="46.195875" lon="6.785737"><ele>1640</ele><time>2027-01-17T09:56:51Z</time></wpt>
<wpt lat="46.195806" lon="6.785697"><ele>1640</ele><time>2027-01-17T09:56:53Z</time></wpt>
<wpt lat="46.195737" lon="6.785656"><ele>1640</ele><time>2027-01-17T09:56:55Z</time></wpt>
<wpt lat="46.195669" lon="6.785616"><ele>1640</ele><time>2027-01-17T09:56:57Z</time></wpt>
<wpt lat="46.195600" lon="6.785575"><ele>1640</ele><time>2027-01-17T09:56:59Z</time></wpt>
<wpt lat="46.195531" lon="6.785534"><ele>1640</ele><time>2027-01-17T09:57:01Z</time></wpt>
<wpt lat="46.195463" lon="6.785494"><ele>1640</ele><time>2027-01-17T09:57:03Z</time></wpt>
<wpt lat="46.195394" lon="6.785453"><ele>1640</ele><time>2027-01-17T09:57:05Z</time></wpt>
<wpt lat="46.195325" lon="6.785412"><ele>1640</ele><time>2027-01-17T09:57:07Z</time></wpt>
<wpt lat="46.195256" lon="6.785372"><ele>1640</ele><time>2027-01-17T09:57:09Z</time></wpt>
<wpt lat="46.195188" lon="6.785331"><ele>1640</ele><time>2027-01-17T09:57:11Z</time></wpt>
<wpt lat="46.195119" lon="6.785291"><ele>1640</ele><time>2027-01-17T09:57:13Z</time></wpt>
<wpt lat="46.195050" lon="6.785250"><ele>1714</ele><time>2027-01-17T09:57:15Z</time></wpt>
<wpt lat="46.194978" lon="6.785207"><ele>1714</ele><time>2027-01-17T09:57:18Z</time></wpt>
<wpt lat="46.194907" lon="6.785164"><ele>1714</ele><time>2027-01-17T09:57:20Z</time></wpt>
<wpt lat="46.194835" lon="6.785121"><ele>1714</ele><time>2027-01-17T09:57:22Z</time></wpt>
<wpt lat="46.194764" lon="6.785078"><ele>1714</ele><time>2027-01-17T09:57:24Z</time></wpt>
<wpt lat="46.194692" lon="6.785035"><ele>1714</ele><time>2027-01-17T09:57:26Z</time></wpt>
<wpt lat="46.194621" lon="6.784992"><ele>1714</ele><time>2027-01-17T09:57:28Z</time></wpt>
<wpt lat="46.194549" lon="6.784948"><ele>1714</ele><time>2027-01-17T09:57:30Z</time></wpt>
<wpt lat="46.194478" lon="6.784905"><ele>1714</ele><time>2027-01-17T09:57:33Z</time></wpt>
<wpt lat="46.194406" lon="6.784862"><ele>1714</ele><time>2027-01-17T09:57:35Z</time></wpt>
<wpt lat="46.194335" lon="6.784819"><ele>1714</ele><time>2027-01-17T09:57:37Z</time></wpt>
<wpt lat="46.194263" lon="6.784776"><ele>1714</ele><time>2027-01-17T09:57:39Z</time></wpt>
<wpt lat="46.194192" lon="6.784733"><ele>1714</ele><time>2027-01-17T09:57:41Z</time></wpt>
<wpt lat="46.194120" lon="6.784690"><ele>1768</ele><time>2027-01-17T09:57:43Z</time></wpt>
<wpt lat="46.194052" lon="6.784649"><ele>1768</ele><time>2027-01-17T09:57:45Z</time></wpt>
<wpt lat="46.193984" lon="6.784609"><ele>1768</ele><time>2027-01-17T09:57:47Z</time></wpt>
<wpt lat="46.193915" lon="6.784568"><ele>1768</ele><time>2027-01-17T09:57:50Z</time></wpt>
<wpt lat="46.193847" lon="6.784527"><ele>1768</ele><time>2027-01-17T09:57:52Z</time></wpt>
<wpt lat="46.193779" lon="6.784486"><ele>1768</ele><time>2027-01-17T09:57:54Z</time></wpt>
<wpt lat="46.193711" lon="6.784446"><ele>1768</ele><time>2027-01-17T09:57:56Z</time></wpt>
<wpt lat="46.193642" lon="6.784405"><ele>1768</ele><time>2027-01-17T09:57:58Z</time></wpt>
<wpt lat="46.193574" lon="6.784364"><ele>1768</ele><time>2027-01-17T09:58:00Z</time></wpt>
<wpt lat="46.193506" lon="6.784324"><ele>1768</ele><time>2027-01-17T09:58:02Z</time></wpt>
<wpt lat="46.193438" lon="6.784283"><ele>1768</ele><time>2027-01-17T09:58:04Z</time></wpt>
<wpt lat="46.193370" lon="6.784242"><ele>1768</ele><time>2027-01-17T09:58:06Z</time></wpt>
<wpt lat="46.193301" lon="6.784201"><ele>1768</ele><time>2027-01-17T09:58:08Z</time></wpt>
<wpt lat="46.193233" lon="6.784161"><ele>1768</ele><time>2027-01-17T09:58:10Z</time></wpt>
<wpt lat="46.193165" lon="6.784120"><ele>1768</ele><time>2027-01-17T09:58:12Z</time></wpt>
<wpt lat="46.193097" lon="6.784079"><ele>1768</ele><time>2027-01-17T09:58:14Z</time></wpt>
<wpt lat="46.193029" lon="6.784039"><ele>1768</ele><time>2027-01-17T09:58:16Z</time></wpt>
<wpt lat="46.192960" lon="6.783998"><ele>1768</ele><time>2027-01-17T09:58:18Z</time></wpt>
<wpt lat="46.192892" lon="6.783957"><ele>1768</ele><time>2027-01-17T09:58:20Z</time></wpt>
<wpt lat="46.192824" lon="6.783916"><ele>1768</ele><time>2027-01-17T09:58:22Z</time></wpt>
<wpt lat="46.192756" lon="6.783876"><ele>1768</ele><time>2027-01-17T09:58:24Z</time></wpt>
<wpt lat="46.192688" lon="6.783835"><ele>1768</ele><time>2027-01-17T09:58:26Z</time></wpt>
<wpt lat="46.192619" lon="6.783794"><ele>1768</ele><time>2027-01-17T09:58:28Z</time></wpt>
<wpt lat="46.192551" lon="6.783754"><ele>1768</ele><time>2027-01-17T09:58:30Z</time></wpt>
<wpt lat="46.192483" lon="6.783713"><ele>1768</ele><time>2027-01-17T09:58:33Z</time></wpt>
<wpt lat="46.192415" lon="6.783672"><ele>1768</ele><time>2027-01-17T09:58:35Z</time></wpt>
<wpt lat="46.192346" lon="6.783631"><ele>1768</ele><time>2027-01-17T09:58:37Z</time></wpt>
<wpt lat="46.192278" lon="6.783591"><ele>1768</ele><time>2027-01-17T09:58:39Z</time></wpt>
<wpt lat="46.192210" lon="6.783550"><ele>1899</ele><time>2027-01-17T09:58:41Z</time></wpt>
<wpt lat="46.192143" lon="6.783511"><ele>1899</ele><time>2027-01-17T09:58:43Z</time></wpt>
<wpt lat="46.192076" lon="6.783471"><ele>1899</ele><time>2027-01-17T09:58:45Z</time></wpt>
<wpt lat="46.192009" lon="6.783431"><ele>1899</ele><time>2027-01-17T09:58:47Z</time></wpt>
<wpt lat="46.191942" lon="6.783392"><ele>1899</ele><time>2027-01-17T09:58:49Z</time></wpt>
<wpt lat="46.191875" lon="6.783352"><ele>1899</ele><time>2027-01-17T09:58:51Z</time></wpt>
<wpt lat="46.191808" lon="6.783313"><ele>1899</ele><time>2027-01-17T09:58:53Z</time></wpt>
<wpt lat="46.191741" lon="6.783273"><ele>1899</ele><time>2027-01-17T09:58:55Z</time></wpt>
<wpt lat="46.191674" lon="6.783234"><ele>1899</ele><time>2027-01-17T09:58:57Z</time></wpt>
<wpt lat="46.191607" lon="6.783194"><ele>1899</ele><time>2027-01-17T09:58:59Z</time></wpt>
<wpt lat="46.191540" lon="6.783155"><ele>1899</ele><time>2027-01-17T09:59:01Z</time></wpt>
<wpt lat="46.191473" lon="6.783116"><ele>1899</ele><time>2027-01-17T09:59:03Z</time></wpt>
<wpt lat="46.191406" lon="6.783076"><ele>1899</ele><time>2027-01-17T09:59:05Z</time></wpt>
<wpt lat="46.191339" lon="6.783036"><ele>1899</ele><time>2027-01-17T09:59:07Z</time></wpt>
<wpt lat="46.191272" lon="6.782997"><ele>1899</ele><time>2027-01-17T09:59:09Z</time></wpt>
<wpt lat="46.191205" lon="6.782958"><ele>1899</ele><time>2027-01-17T09:59:11Z</time></wpt>
<wpt lat="46.191138" lon="6.782918"><ele>1899</ele><time>2027-01-17T09:59:13Z</time></wpt>
<wpt lat="46.191071" lon="6.782878"><ele>1899</ele><time>2027-01-17T09:59:15Z</time></wpt>
<wpt lat="46.191004" lon="6.782839"><ele>1899</ele><time>2027-01-17T09:59:17Z</time></wpt>
<wpt lat="46.190937" lon="6.782799"><ele>1899</ele><time>2027-01-17T09:59:19Z</time></wpt>
<wpt lat="46.190870" lon="6.782760"><ele>1981</ele><time>2027-01-17T09:59:21Z</time></wpt>
<wpt lat="46.190870" lon="6.782760"><ele>1981</ele><time>2027-01-17T09:59:21Z</time></wpt>
<wpt lat="46.190780" lon="6.782610"><ele>1983</ele><time>2027-01-17T09:59:22Z</time></wpt>
<wpt lat="46.190900" lon="6.782340"><ele>1981</ele><time>2027-01-17T09:59:25Z</time></wpt>
<wpt lat="46.191060" lon="6.782140"><ele>1977</ele><time>2027-01-17T09:59:27Z</time></wpt>
<wpt lat="46.191140" lon="6.782040"><ele>1974</ele><time>2027-01-17T09:59:28Z</time></wpt>
<wpt lat="46.191260" lon="6.781910"><ele>1969</ele><time>2027-01-17T09:59:30Z</time></wpt>
<wpt lat="46.191500" lon="6.781720"><ele>1961</ele><time>2027-01-17T09:59:33Z</time></wpt>
<wpt lat="46.191640" lon="6.781630"><ele>1958</ele><time>2027-01-17T09:59:35Z</time></wpt>
<wpt lat="46.191790" lon="6.781510"><ele>1956</ele><time>2027-01-17T09:59:37Z</time></wpt>
<wpt lat="46.191970" lon="6.781380"><ele>1954</ele><time>2027-01-17T09:59:39Z</time></wpt>
<wpt lat="46.192160" lon="6.781200"><ele>1950</ele><time>2027-01-17T09:59:42Z</time></wpt>
<wpt lat="46.192320" lon="6.781020"><ele>1945</ele><time>2027-01-17T09:59:44Z</time></wpt>
<wpt lat="46.192480" lon="6.780780"><ele>1938</ele><time>2027-01-17T09:59:46Z</time></wpt>
<wpt lat="46.192610" lon="6.780590"><ele>1935</ele><time>2027-01-17T09:59:48Z</time></wpt>
<wpt lat="46.192700" lon="6.780410"><ele>1933</ele><time>2027-01-17T09:59:50Z</time></wpt>
<wpt lat="46.192870" lon="6.780090"><ele>1931</ele><time>2027-01-17T09:59:53Z</time></wpt>
<wpt lat="46.192970" lon="6.779910"><ele>1929</ele><time>2027-01-17T09:59:55Z</time></wpt>
<wpt lat="46.193110" lon="6.779670"><ele>1929</ele><time>2027-01-17T09:59:57Z</time></wpt>
<wpt lat="46.193140" lon="6.779620"><ele>1929</ele><time>2027-01-17T09:59:58Z</time></wpt>
<wpt lat="46.193190" lon="6.779530"><ele>1928</ele><time>2027-01-17T09:59:59Z</time></wpt>
<wpt lat="46.193300" lon="6.779310"><ele>1926</ele><time>2027-01-17T10:00:01Z</time></wpt>
<wpt lat="46.193420" lon="6.779060"><ele>1922</ele><time>2027-01-17T10:00:03Z</time></wpt>
<wpt lat="46.193450" lon="6.778980"><ele>1921</ele><time>2027-01-17T10:00:04Z</time></wpt>
<wpt lat="46.193480" lon="6.778920"><ele>1921</ele><time>2027-01-17T10:00:04Z</time></wpt>
<wpt lat="46.193510" lon="6.778870"><ele>1920</ele><time>2027-01-17T10:00:05Z</time></wpt>
<wpt lat="46.193550" lon="6.778810"><ele>1919</ele><time>2027-01-17T10:00:06Z</time></wpt>
<wpt lat="46.193640" lon="6.778700"><ele>1917</ele><time>2027-01-17T10:00:07Z</time></wpt>
<wpt lat="46.193790" lon="6.778495"><ele>1917</ele><time>2027-01-17T10:00:09Z</time></wpt>
<wpt lat="46.193940" lon="6.778290"><ele>1910</ele><time>2027-01-17T10:00:12Z</time></wpt>
<wpt lat="46.194060" lon="6.778090"><ele>1906</ele><time>2027-01-17T10:00:14Z</time></wpt>
<wpt lat="46.194110" lon="6.778020"><ele>1905</ele><time>2027-01-17T10:00:14Z</time></wpt>
<wpt lat="46.194160" lon="6.777940"><ele>1904</ele><time>2027-01-17T10:00:15Z</time></wpt>
<wpt lat="46.194200" lon="6.777870"><ele>1903</ele><time>2027-01-17T10:00:16Z</time></wpt>
<wpt lat="46.194240" lon="6.777790"><ele>1902</ele><time>2027-01-17T10:00:17Z</time></wpt>
<wpt lat="46.194270" lon="6.777710"><ele>1901</ele><time>2027-01-17T10:00:17Z</time></wpt>
<wpt lat="46.194300" lon="6.777620"><ele>1900</ele><time>2027-01-17T10:00:18Z</time></wpt>
<wpt lat="46.194330" lon="6.777540"><ele>1899</ele><time>2027-01-17T10:00:19Z</time></wpt>
<wpt lat="46.194350" lon="6.777450"><ele>1898</ele><time>2027-01-17T10:00:20Z</time></wpt>
<wpt lat="46.194370" lon="6.777310"><ele>1896</ele><time>2027-01-17T10:00:21Z</time></wpt>
<wpt lat="46.194380" lon="6.777050"><ele>1894</ele><time>2027-01-17T10:00:23Z</time></wpt>
<wpt lat="46.194390" lon="6.776900"><ele>1892</ele><time>2027-01-17T10:00:24Z</time></wpt>
<wpt lat="46.194390" lon="6.776790"><ele>1891</ele><time>2027-01-17T10:00:25Z</time></wpt>
<wpt lat="46.194400" lon="6.776660"><ele>1890</ele><time>2027-01-17T10:00:26Z</time></wpt>
<wpt lat="46.194400" lon="6.776580"><ele>1889</ele><time>2027-01-17T10:00:26Z</time></wpt>
<wpt lat="46.194420" lon="6.776490"><ele>1888</ele><time>2027-01-17T10:00:27Z</time></wpt>
<wpt lat="46.194470" lon="6.776340"><ele>1886</ele><time>2027-01-17T10:00:28Z</time></wpt>
<wpt lat="46.194584" lon="6.776090"><ele>1886</ele><time>2027-01-17T10:00:31Z</time></wpt>
<wpt lat="46.194698" lon="6.775840"><ele>1886</ele><time>2027-01-17T10:00:33Z</time></wpt>
<wpt lat="46.194812" lon="6.775590"><ele>1886</ele><time>2027-01-17T10:00:35Z</time></wpt>
<wpt lat="46.194926" lon="6.775340"><ele>1886</ele><time>2027-01-17T10:00:37Z</time></wpt>
<wpt lat="46.195040" lon="6.775090"><ele>1875</ele><time>2027-01-17T10:00:40Z</time></wpt>
<wpt lat="46.195060" lon="6.775050"><ele>1875</ele><time>2027-01-17T10:00:40Z</time></wpt>
<wpt lat="46.195180" lon="6.774790"><ele>1873</ele><time>2027-01-17T10:00:43Z</time></wpt>
<wpt lat="46.195270" lon="6.774570"><ele>1871</ele><time>2027-01-17T10:00:45Z</time></wpt>
<wpt lat="46.195400" lon="6.774260"><ele>1870</ele><time>2027-01-17T10:00:47Z</time></wpt>
<wpt lat="46.195450" lon="6.774170"><ele>1869</ele><time>2027-01-17T10:00:48Z</time></wpt>
<wpt lat="46.195510" lon="6.774070"><ele>1868</ele><time>2027-01-17T10:00:49Z</time></wpt>
<wpt lat="46.195610" lon="6.773930"><ele>1867</ele><time>2027-01-17T10:00:51Z</time></wpt>
<wpt lat="46.195765" lon="6.773750"><ele>1867</ele><time>2027-01-17T10:00:53Z</time></wpt>
<wpt lat="46.195920" lon="6.773570"><ele>1862</ele><time>2027-01-17T10:00:55Z</time></wpt>
<wpt lat="46.195990" lon="6.773510"><ele>1862</ele><time>2027-01-17T10:00:56Z</time></wpt>
<wpt lat="46.196050" lon="6.773460"><ele>1861</ele><time>2027-01-17T10:00:57Z</time></wpt>
<wpt lat="46.196240" lon="6.773340"><ele>1858</ele><time>2027-01-17T10:00:59Z</time></wpt>
<wpt lat="46.196230" lon="6.773270"><ele>1859</ele><time>2027-01-17T10:01:00Z</time></wpt>
<wpt lat="46.196200" lon="6.773220"><ele>1859</ele><time>2027-01-17T10:01:00Z</time></wpt>
<wpt lat="46.196170" lon="6.773180"><ele>1859</ele><time>2027-01-17T10:01:01Z</time></wpt>
<wpt lat="46.196090" lon="6.773140"><ele>1860</ele><time>2027-01-17T10:01:02Z</time></wpt>
<wpt lat="46.196020" lon="6.773110"><ele>1860</ele><time>2027-01-17T10:01:02Z</time></wpt>
<wpt lat="46.195790" lon="6.773065"><ele>1860</ele><time>2027-01-17T10:01:05Z</time></wpt>
<wpt lat="46.195560" lon="6.773020"><ele>1857</ele><time>2027-01-17T10:01:08Z</time></wpt>
<wpt lat="46.195470" lon="6.773010"><ele>1856</ele><time>2027-01-17T10:01:09Z</time></wpt>
<wpt lat="46.195390" lon="6.772990"><ele>1855</ele><time>2027-01-17T10:01:09Z</time></wpt>
<wpt lat="46.195120" lon="6.772980"><ele>1855</ele><time>2027-01-17T10:01:12Z</time></wpt>
<wpt lat="46.194850" lon="6.772970"><ele>1846</ele><time>2027-01-17T10:01:15Z</time></wpt>
<wpt lat="46.194760" lon="6.772950"><ele>1844</ele><time>2027-01-17T10:01:16Z</time></wpt>
<wpt lat="46.194680" lon="6.772930"><ele>1842</ele><time>2027-01-17T10:01:17Z</time></wpt>
<wpt lat="46.194410" lon="6.772820"><ele>1836</ele><time>2027-01-17T10:01:21Z</time></wpt>
<wpt lat="46.194330" lon="6.772790"><ele>1835</ele><time>2027-01-17T10:01:21Z</time></wpt>
<wpt lat="46.194250" lon="6.772780"><ele>1834</ele><time>2027-01-17T10:01:22Z</time></wpt>
<wpt lat="46.194060" lon="6.772810"><ele>1833</ele><time>2027-01-17T10:01:24Z</time></wpt>
<wpt lat="46.193870" lon="6.772920"><ele>1832</ele><time>2027-01-17T10:01:27Z</time></wpt>
<wpt lat="46.193870" lon="6.772920"><ele>1832</ele><time>2027-01-17T10:01:27Z</time></wpt>
<wpt lat="46.193630" lon="6.772930"><ele>1832</ele><time>2027-01-17T10:01:29Z</time></wpt>
<wpt lat="46.193390" lon="6.772940"><ele>1831</ele><time>2027-01-17T10:01:32Z</time></wpt>
<wpt lat="46.193260" lon="6.772770"><ele>1830</ele><time>2027-01-17T10:01:34Z</time></wpt>
<wpt lat="46.193240" lon="6.772780"><ele>1830</ele><time>2027-01-17T10:01:34Z</time></wpt>
<wpt lat="46.193000" lon="6.772945"><ele>1830</ele><time>2027-01-17T10:01:37Z</time></wpt>
<wpt lat="46.192760" lon="6.773110"><ele>1827</ele><time>2027-01-17T10:01:40Z</time></wpt>
<wpt lat="46.192720" lon="6.773130"><ele>1826</ele><time>2027-01-17T10:01:41Z</time></wpt>
<wpt lat="46.192670" lon="6.773150"><ele>1825</ele><time>2027-01-17T10:01:41Z</time></wpt>
<wpt lat="46.192640" lon="6.773170"><ele>1825</ele><time>2027-01-17T10:01:42Z</time></wpt>
<wpt lat="46.192610" lon="6.773180"><ele>1825</ele><time>2027-01-17T10:01:42Z</time></wpt>
<wpt lat="46.192570" lon="6.773180"><ele>1824</ele><time>2027-01-17T10:01:42Z</time></wpt>
<wpt lat="46.192530" lon="6.773180"><ele>1824</ele><time>2027-01-17T10:01:43Z</time></wpt>
<wpt lat="46.192480" lon="6.773180"><ele>1823</ele><time>2027-01-17T10:01:43Z</time></wpt>
<wpt lat="46.192300" lon="6.773140"><ele>1821</ele><time>2027-01-17T10:01:45Z</time></wpt>
<wpt lat="46.192270" lon="6.773130"><ele>1820</ele><time>2027-01-17T10:01:46Z</time></wpt>
<wpt lat="46.192240" lon="6.773130"><ele>1820</ele><time>2027-01-17T10:01:46Z</time></wpt>
<wpt lat="46.192210" lon="6.773130"><ele>1819</ele><time>2027-01-17T10:01:46Z</time></wpt>
<wpt lat="46.192210" lon="6.773140"><ele>1819</ele><time>2027-01-17T10:01:46Z</time></wpt>
<wpt lat="46.192210" lon="6.773140"><ele>1819</ele><time>2027-01-17T10:01:46Z</time></wpt>
<wpt lat="46.192120" lon="6.773190"><ele>1818</ele><time>2027-01-17T10:01:47Z</time></wpt>
<wpt lat="46.191920" lon="6.773300"><ele>1815</ele><time>2027-01-17T10:01:50Z</time></wpt>
<wpt lat="46.191840" lon="6.773330"><ele>1814</ele><time>2027-01-17T10:01:51Z</time></wpt>
<wpt lat="46.191780" lon="6.773360"><ele>1813</ele><time>2027-01-17T10:01:51Z</time></wpt>
<wpt lat="46.191720" lon="6.773390"><ele>1812</ele><time>2027-01-17T10:01:52Z</time></wpt>
<wpt lat="46.191680" lon="6.773410"><ele>1811</ele><time>2027-01-17T10:01:53Z</time></wpt>
<wpt lat="46.191640" lon="6.773420"><ele>1811</ele><time>2027-01-17T10:01:53Z</time></wpt>
<wpt lat="46.191450" lon="6.773497"><ele>1811</ele><time>2027-01-17T10:01:55Z</time></wpt>
<wpt lat="46.191260" lon="6.773575"><ele>1811</ele><time>2027-01-17T10:01:58Z</time></wpt>
<wpt lat="46.191070" lon="6.773652"><ele>1811</ele><time>2027-01-17T10:02:00Z</time></wpt>
<wpt lat="46.190880" lon="6.773730"><ele>1811</ele><time>2027-01-17T10:02:02Z</time></wpt>
<wpt lat="46.190690" lon="6.773808"><ele>1811</ele><time>2027-01-17T10:02:04Z</time></wpt>
<wpt lat="46.190500" lon="6.773885"><ele>1811</ele><time>2027-01-17T10:02:06Z</time></wpt>
<wpt lat="46.190310" lon="6.773963"><ele>1811</ele><time>2027-01-17T10:02:08Z</time></wpt>
<wpt lat="46.190120" lon="6.774040"><ele>1796</ele><time>2027-01-17T10:02:11Z</time></wpt>
<wpt lat="46.190060" lon="6.774070"><ele>1795</ele><time>2027-01-17T10:02:11Z</time></wpt>
<wpt lat="46.189890" lon="6.774160"><ele>1792</ele><time>2027-01-17T10:02:13Z</time></wpt>
<wpt lat="46.189590" lon="6.774300"><ele>1786</ele><time>2027-01-17T10:02:17Z</time></wpt>
<wpt lat="46.189416" lon="6.774370"><ele>1786</ele><time>2027-01-17T10:02:19Z</time></wpt>
<wpt lat="46.189242" lon="6.774440"><ele>1786</ele><time>2027-01-17T10:02:21Z</time></wpt>
<wpt lat="46.189068" lon="6.774510"><ele>1786</ele><time>2027-01-17T10:02:23Z</time></wpt>
<wpt lat="46.188894" lon="6.774580"><ele>1786</ele><time>2027-01-17T10:02:25Z</time></wpt>
<wpt lat="46.188720" lon="6.774650"><ele>1776</ele><time>2027-01-17T10:02:27Z</time></wpt>
<wpt lat="46.188720" lon="6.774650"><ele>1776</ele><time>2027-01-17T10:02:27Z</time></wpt>
<wpt lat="46.188600" lon="6.774710"><ele>1774</ele><time>2027-01-17T10:02:28Z</time></wpt>
<wpt lat="46.188450" lon="6.774810"><ele>1772</ele><time>2027-01-17T10:02:30Z</time></wpt>
<wpt lat="46.188210" lon="6.774950"><ele>1769</ele><time>2027-01-17T10:02:33Z</time></wpt>
<wpt lat="46.188060" lon="6.774750"><ele>1760</ele><time>2027-01-17T10:03:35Z</time></wpt>
<wpt lat="46.188137" lon="6.774723"><ele>1760</ele><time>2027-01-17T10:03:37Z</time></wpt>
<wpt lat="46.188213" lon="6.774697"><ele>1760</ele><time>2027-01-17T10:03:40Z</time></wpt>
<wpt lat="46.188290" lon="6.774670"><ele>1760</ele><time>2027-01-17T10:03:42Z</time></wpt>
<wpt lat="46.188367" lon="6.774643"><ele>1760</ele><time>2027-01-17T10:03:44Z</time></wpt>
<wpt lat="46.188443" lon="6.774617"><ele>1760</ele><time>2027-01-17T10:03:46Z</time></wpt>
<wpt lat="46.188520" lon="6.774590"><ele>1760</ele><time>2027-01-17T10:03:48Z</time></wpt>
<wpt lat="46.188597" lon="6.774563"><ele>1760</ele><time>2027-01-17T10:03:51Z</time></wpt>
<wpt lat="46.188673" lon="6.774537"><ele>1760</ele><time>2027-01-17T10:03:53Z</time></wpt>
<wpt lat="46.188750" lon="6.774510"><ele>1773</ele><time>2027-01-17T10:03:55Z</time></wpt>
<wpt lat="46.188824" lon="6.774483"><ele>1773</ele><time>2027-01-17T10:03:57Z</time></wpt>
<wpt lat="46.188898" lon="6.774456"><ele>1773</ele><time>2027-01-17T10:03:59Z</time></wpt>
<wpt lat="46.188972" lon="6.774429"><ele>1773</ele><time>2027-01-17T10:04:01Z</time></wpt>
<wpt lat="46.189046" lon="6.774402"><ele>1773</ele><time>2027-01-17T10:04:03Z</time></wpt>
<wpt lat="46.189120" lon="6.774375"><ele>1773</ele><time>2027-01-17T10:04:06Z</time></wpt>
<wpt lat="46.189194" lon="6.774348"><ele>1773</ele><time>2027-01-17T10:04:08Z</time></wpt>
<wpt lat="46.189268" lon="6.774321"><ele>1773</ele><time>2027-01-17T10:04:10Z</time></wpt>
<wpt lat="46.189342" lon="6.774294"><ele>1773</ele><time>2027-01-17T10:04:12Z</time></wpt>
<wpt lat="46.189416" lon="6.774267"><ele>1773</ele><time>2027-01-17T10:04:14Z</time></wpt>
<wpt lat="46.189490" lon="6.774240"><ele>1781</ele><time>2027-01-17T10:04:16Z</time></wpt>
<wpt lat="46.189562" lon="6.774214"><ele>1781</ele><time>2027-01-17T10:04:18Z</time></wpt>
<wpt lat="46.189633" lon="6.774189"><ele>1781</ele><time>2027-01-17T10:04:20Z</time></wpt>
<wpt lat="46.189705" lon="6.774163"><ele>1781</ele><time>2027-01-17T10:04:22Z</time></wpt>
<wpt lat="46.189777" lon="6.774138"><ele>1781</ele><time>2027-01-17T10:04:24Z</time></wpt>
<wpt lat="46.189848" lon="6.774112"><ele>1781</ele><time>2027-01-17T10:04:26Z</time></wpt>
<wpt lat="46.189920" lon="6.774087"><ele>1781</ele><time>2027-01-17T10:04:28Z</time></wpt>
<wpt lat="46.189992" lon="6.774061"><ele>1781</ele><time>2027-01-17T10:04:31Z</time></wpt>
<wpt lat="46.190063" lon="6.774036"><ele>1781</ele><time>2027-01-17T10:04:33Z</time></wpt>
<wpt lat="46.190135" lon="6.774010"><ele>1781</ele><time>2027-01-17T10:04:35Z</time></wpt>
<wpt lat="46.190207" lon="6.773984"><ele>1781</ele><time>2027-01-17T10:04:37Z</time></wpt>
<wpt lat="46.190278" lon="6.773959"><ele>1781</ele><time>2027-01-17T10:04:39Z</time></wpt>
<wpt lat="46.190350" lon="6.773933"><ele>1781</ele><time>2027-01-17T10:04:41Z</time></wpt>
<wpt lat="46.190422" lon="6.773908"><ele>1781</ele><time>2027-01-17T10:04:43Z</time></wpt>
<wpt lat="46.190493" lon="6.773882"><ele>1781</ele><time>2027-01-17T10:04:45Z</time></wpt>
<wpt lat="46.190565" lon="6.773857"><ele>1781</ele><time>2027-01-17T10:04:47Z</time></wpt>
<wpt lat="46.190637" lon="6.773831"><ele>1781</ele><time>2027-01-17T10:04:49Z</time></wpt>
<wpt lat="46.190708" lon="6.773806"><ele>1781</ele><time>2027-01-17T10:04:51Z</time></wpt>
<wpt lat="46.190780" lon="6.773780"><ele>1781</ele><time>2027-01-17T10:04:53Z</time></wpt>
<wpt lat="46.190852" lon="6.773754"><ele>1781</ele><time>2027-01-17T10:04:55Z</time></wpt>
<wpt lat="46.190923" lon="6.773729"><ele>1781</ele><time>2027-01-17T10:04:57Z</time></wpt>
<wpt lat="46.190995" lon="6.773703"><ele>1781</ele><time>2027-01-17T10:04:59Z</time></wpt>
<wpt lat="46.191067" lon="6.773678"><ele>1781</ele><time>2027-01-17T10:05:01Z</time></wpt>
<wpt lat="46.191138" lon="6.773652"><ele>1781</ele><time>2027-01-17T10:05:03Z</time></wpt>
<wpt lat="46.191210" lon="6.773627"><ele>1781</ele><time>2027-01-17T10:05:05Z</time></wpt>
<wpt lat="46.191282" lon="6.773601"><ele>1781</ele><time>2027-01-17T10:05:07Z</time></wpt>
<wpt lat="46.191353" lon="6.773576"><ele>1781</ele><time>2027-01-17T10:05:09Z</time></wpt>
<wpt lat="46.191425" lon="6.773550"><ele>1781</ele><time>2027-01-17T10:05:11Z</time></wpt>
<wpt lat="46.191497" lon="6.773524"><ele>1781</ele><time>2027-01-17T10:05:14Z</time></wpt>
<wpt lat="46.191568" lon="6.773499"><ele>1781</ele><time>2027-01-17T10:05:16Z</time></wpt>
<wpt lat="46.191640" lon="6.773473"><ele>1781</ele><time>2027-01-17T10:05:18Z</time></wpt>
<wpt lat="46.191712" lon="6.773448"><ele>1781</ele><time>2027-01-17T10:05:20Z</time></wpt>
<wpt lat="46.191783" lon="6.773422"><ele>1781</ele><time>2027-01-17T10:05:22Z</time></wpt>
<wpt lat="46.191855" lon="6.773397"><ele>1781</ele><time>2027-01-17T10:05:24Z</time></wpt>
<wpt lat="46.191927" lon="6.773371"><ele>1781</ele><time>2027-01-17T10:05:26Z</time></wpt>
<wpt lat="46.191998" lon="6.773346"><ele>1781</ele><time>2027-01-17T10:05:28Z</time></wpt>
<wpt lat="46.192070" lon="6.773320"><ele>1817</ele><time>2027-01-17T10:05:30Z</time></wpt>
<wpt lat="46.192141" lon="6.773294"><ele>1817</ele><time>2027-01-17T10:05:32Z</time></wpt>
<wpt lat="46.192213" lon="6.773268"><ele>1817</ele><time>2027-01-17T10:05:34Z</time></wpt>
<wpt lat="46.192284" lon="6.773242"><ele>1817</ele><time>2027-01-17T10:05:36Z</time></wpt>
<wpt lat="46.192355" lon="6.773216"><ele>1817</ele><time>2027-01-17T10:05:38Z</time></wpt>
<wpt lat="46.192427" lon="6.773190"><ele>1817</ele><time>2027-01-17T10:05:40Z</time></wpt>
<wpt lat="46.192498" lon="6.773165"><ele>1817</ele><time>2027-01-17T10:05:42Z</time></wpt>
<wpt lat="46.192570" lon="6.773139"><ele>1817</ele><time>2027-01-17T10:05:44Z</time></wpt>
<wpt lat="46.192641" lon="6.773113"><ele>1817</ele><time>2027-01-17T10:05:46Z</time></wpt>
<wpt lat="46.192712" lon="6.773087"><ele>1817</ele><time>2027-01-17T10:05:48Z</time></wpt>
<wpt lat="46.192784" lon="6.773061"><ele>1817</ele><time>2027-01-17T10:05:50Z</time></wpt>
<wpt lat="46.192855" lon="6.773035"><ele>1817</ele><time>2027-01-17T10:05:52Z</time></wpt>
<wpt lat="46.192926" lon="6.773009"><ele>1817</ele><time>2027-01-17T10:05:54Z</time></wpt>
<wpt lat="46.192998" lon="6.772983"><ele>1817</ele><time>2027-01-17T10:05:56Z</time></wpt>
<wpt lat="46.193069" lon="6.772957"><ele>1817</ele><time>2027-01-17T10:05:59Z</time></wpt>
<wpt lat="46.193140" lon="6.772931"><ele>1817</ele><time>2027-01-17T10:06:01Z</time></wpt>
<wpt lat="46.193212" lon="6.772905"><ele>1817</ele><time>2027-01-17T10:06:03Z</time></wpt>
<wpt lat="46.193283" lon="6.772880"><ele>1817</ele><time>2027-01-17T10:06:05Z</time></wpt>
<wpt lat="46.193355" lon="6.772854"><ele>1817</ele><time>2027-01-17T10:06:07Z</time></wpt>
<wpt lat="46.193426" lon="6.772828"><ele>1817</ele><time>2027-01-17T10:06:09Z</time></wpt>
<wpt lat="46.193497" lon="6.772802"><ele>1817</ele><time>2027-01-17T10:06:11Z</time></wpt>
<wpt lat="46.193569" lon="6.772776"><ele>1817</ele><time>2027-01-17T10:06:13Z</time></wpt>
<wpt lat="46.193640" lon="6.772750"><ele>1831</ele><time>2027-01-17T10:06:15Z</time></wpt>
<wpt lat="46.193717" lon="6.772723"><ele>1831</ele><time>2027-01-17T10:06:17Z</time></wpt>
<wpt lat="46.193793" lon="6.772697"><ele>1831</ele><time>2027-01-17T10:06:19Z</time></wpt>
<wpt lat="46.193870" lon="6.772670"><ele>1831</ele><time>2027-01-17T10:06:21Z</time></wpt>
<wpt lat="46.193947" lon="6.772643"><ele>1831</ele><time>2027-01-17T10:06:24Z</time></wpt>
<wpt lat="46.194023" lon="6.772617"><ele>1831</ele><time>2027-01-17T10:06:26Z</time></wpt>
<wpt lat="46.194100" lon="6.772590"><ele>1831</ele><time>2027-01-17T10:06:28Z</time></wpt>
<wpt lat="46.194177" lon="6.772563"><ele>1831</ele><time>2027-01-17T10:06:30Z</time></wpt>
<wpt lat="46.194253" lon="6.772537"><ele>1831</ele><time>2027-01-17T10:06:32Z</time></wpt>
<wpt lat="46.194330" lon="6.772510"><ele>1832</ele><time>2027-01-17T10:06:35Z</time></wpt>
<wpt lat="46.194330" lon="6.772510"><ele>1832</ele><time>2027-01-17T10:06:35Z</time></wpt>
<wpt lat="46.194465" lon="6.772290"><ele>1832</ele><time>2027-01-17T10:06:37Z</time></wpt>
<wpt lat="46.194600" lon="6.772070"><ele>1832</ele><time>2027-01-17T10:06:39Z</time></wpt>
<wpt lat="46.194600" lon="6.772070"><ele>1832</ele><time>2027-01-17T10:06:39Z</time></wpt>
<wpt lat="46.194548" lon="6.771772"><ele>1832</ele><time>2027-01-17T10:06:41Z</time></wpt>
<wpt lat="46.194496" lon="6.771474"><ele>1832</ele><time>2027-01-17T10:06:44Z</time></wpt>
<wpt lat="46.194444" lon="6.771176"><ele>1832</ele><time>2027-01-17T10:06:46Z</time></wpt>
<wpt lat="46.194392" lon="6.770878"><ele>1832</ele><time>2027-01-17T10:06:49Z</time></wpt>
<wpt lat="46.194340" lon="6.770580"><ele>1823</ele><time>2027-01-17T10:06:51Z</time></wpt>
<wpt lat="46.194360" lon="6.770280"><ele>1822</ele><time>2027-01-17T10:06:53Z</time></wpt>
<wpt lat="46.194380" lon="6.770210"><ele>1822</ele><time>2027-01-17T10:06:54Z</time></wpt>
<wpt lat="46.194460" lon="6.770020"><ele>1821</ele><time>2027-01-17T10:06:56Z</time></wpt>
<wpt lat="46.194560" lon="6.769760"><ele>1820</ele><time>2027-01-17T10:06:58Z</time></wpt>
<wpt lat="46.194655" lon="6.769445"><ele>1820</ele><time>2027-01-17T10:07:00Z</time></wpt>
<wpt lat="46.194750" lon="6.769130"><ele>1818</ele><time>2027-01-17T10:07:03Z</time></wpt>
<wpt lat="46.194790" lon="6.768880"><ele>1817</ele><time>2027-01-17T10:07:05Z</time></wpt>
<wpt lat="46.194800" lon="6.768830"><ele>1817</ele><time>2027-01-17T10:07:05Z</time></wpt>
<wpt lat="46.194800" lon="6.768790"><ele>1816</ele><time>2027-01-17T10:07:06Z</time></wpt>
<wpt lat="46.194810" lon="6.768740"><ele>1816</ele><time>2027-01-17T10:07:06Z</time></wpt>
<wpt lat="46.194800" lon="6.768700"><ele>1816</ele><time>2027-01-17T10:07:07Z</time></wpt>
<wpt lat="46.194800" lon="6.768650"><ele>1815</ele><time>2027-01-17T10:07:07Z</time></wpt>
<wpt lat="46.194780" lon="6.768610"><ele>1815</ele><time>2027-01-17T10:07:07Z</time></wpt>
<wpt lat="46.194760" lon="6.768580"><ele>1815</ele><time>2027-01-17T10:07:08Z</time></wpt>
<wpt lat="46.194720" lon="6.768520"><ele>1814</ele><time>2027-01-17T10:07:08Z</time></wpt>
<wpt lat="46.194530" lon="6.768330"><ele>1811</ele><time>2027-01-17T10:07:11Z</time></wpt>
<wpt lat="46.194480" lon="6.768280"><ele>1810</ele><time>2027-01-17T10:07:11Z</time></wpt>
<wpt lat="46.194280" lon="6.767960"><ele>1802</ele><time>2027-01-17T10:07:15Z</time></wpt>
<wpt lat="46.194250" lon="6.767920"><ele>1801</ele><time>2027-01-17T10:07:15Z</time></wpt>
<wpt lat="46.194220" lon="6.767900"><ele>1801</ele><time>2027-01-17T10:07:16Z</time></wpt>
<wpt lat="46.194180" lon="6.767880"><ele>1800</ele><time>2027-01-17T10:07:16Z</time></wpt>
<wpt lat="46.194140" lon="6.767860"><ele>1799</ele><time>2027-01-17T10:07:17Z</time></wpt>
<wpt lat="46.194100" lon="6.767860"><ele>1798</ele><time>2027-01-17T10:07:17Z</time></wpt>
<wpt lat="46.194050" lon="6.767850"><ele>1797</ele><time>2027-01-17T10:07:18Z</time></wpt>
<wpt lat="46.193970" lon="6.767860"><ele>1797</ele><time>2027-01-17T10:07:18Z</time></wpt>
<wpt lat="46.193910" lon="6.767870"><ele>1796</ele><time>2027-01-17T10:07:19Z</time></wpt>
<wpt lat="46.193870" lon="6.767880"><ele>1796</ele><time>2027-01-17T10:07:20Z</time></wpt>
<wpt lat="46.193683" lon="6.767970"><ele>1796</ele><time>2027-01-17T10:07:22Z</time></wpt>
<wpt lat="46.193497" lon="6.768060"><ele>1796</ele><time>2027-01-17T10:07:24Z</time></wpt>
<wpt lat="46.193310" lon="6.768150"><ele>1798</ele><time>2027-01-17T10:07:26Z</time></wpt>
<wpt lat="46.193120" lon="6.768200"><ele>1798</ele><time>2027-01-17T10:07:28Z</time></wpt>
<wpt lat="46.193070" lon="6.768210"><ele>1798</ele><time>2027-01-17T10:07:29Z</time></wpt>
<wpt lat="46.193050" lon="6.768200"><ele>1798</ele><time>2027-01-17T10:07:29Z</time></wpt>
<wpt lat="46.192865" lon="6.768095"><ele>1798</ele><time>2027-01-17T10:07:31Z</time></wpt>
<wpt lat="46.192680" lon="6.767990"><ele>1792</ele><time>2027-01-17T10:07:33Z</time></wpt>
<wpt lat="46.192630" lon="6.767960"><ele>1791</ele><time>2027-01-17T10:07:34Z</time></wpt>
<wpt lat="46.192600" lon="6.767940"><ele>1790</ele><time>2027-01-17T10:07:34Z</time></wpt>
<wpt lat="46.192580" lon="6.767920"><ele>1789</ele><time>2027-01-17T10:07:35Z</time></wpt>
<wpt lat="46.192580" lon="6.767920"><ele>1789</ele><time>2027-01-17T10:07:35Z</time></wpt>
<wpt lat="46.192570" lon="6.767890"><ele>1789</ele><time>2027-01-17T10:07:35Z</time></wpt>
<wpt lat="46.192570" lon="6.767860"><ele>1788</ele><time>2027-01-17T10:07:35Z</time></wpt>
<wpt lat="46.192560" lon="6.767840"><ele>1787</ele><time>2027-01-17T10:07:35Z</time></wpt>
<wpt lat="46.192570" lon="6.767810"><ele>1787</ele><time>2027-01-17T10:07:36Z</time></wpt>
<wpt lat="46.192570" lon="6.767790"><ele>1786</ele><time>2027-01-17T10:07:36Z</time></wpt>
<wpt lat="46.192590" lon="6.767770"><ele>1786</ele><time>2027-01-17T10:07:36Z</time></wpt>
<wpt lat="46.192600" lon="6.767760"><ele>1786</ele><time>2027-01-17T10:07:36Z</time></wpt>
<wpt lat="46.192840" lon="6.767680"><ele>1785</ele><time>2027-01-17T10:07:39Z</time></wpt>
<wpt lat="46.193080" lon="6.767570"><ele>1782</ele><time>2027-01-17T10:07:42Z</time></wpt>
<wpt lat="46.193360" lon="6.767420"><ele>1779</ele><time>2027-01-17T10:07:45Z</time></wpt>
<wpt lat="46.193560" lon="6.767333"><ele>1779</ele><time>2027-01-17T10:07:47Z</time></wpt>
<wpt lat="46.193760" lon="6.767245"><ele>1779</ele><time>2027-01-17T10:07:50Z</time></wpt>
<wpt lat="46.193960" lon="6.767158"><ele>1779</ele><time>2027-01-17T10:07:52Z</time></wpt>
<wpt lat="46.194160" lon="6.767070"><ele>1777</ele><time>2027-01-17T10:07:54Z</time></wpt>
<wpt lat="46.194200" lon="6.767050"><ele>1777</ele><time>2027-01-17T10:07:55Z</time></wpt>
<wpt lat="46.194260" lon="6.766990"><ele>1776</ele><time>2027-01-17T10:07:56Z</time></wpt>
<wpt lat="46.194540" lon="6.766710"><ele>1772</ele><time>2027-01-17T10:07:59Z</time></wpt>
<wpt lat="46.194770" lon="6.766540"><ele>1770</ele><time>2027-01-17T10:08:02Z</time></wpt>
<wpt lat="46.194860" lon="6.766460"><ele>1769</ele><time>2027-01-17T10:08:03Z</time></wpt>
<wpt lat="46.195035" lon="6.766275"><ele>1769</ele><time>2027-01-17T10:08:06Z</time></wpt>
<wpt lat="46.195210" lon="6.766090"><ele>1762</ele><time>2027-01-17T10:08:08Z</time></wpt>
<wpt lat="46.195250" lon="6.766060"><ele>1762</ele><time>2027-01-17T10:08:09Z</time></wpt>
<wpt lat="46.195250" lon="6.766060"><ele>1762</ele><time>2027-01-17T10:08:09Z</time></wpt>
<wpt lat="46.195260" lon="6.765610"><ele>1752</ele><time>2027-01-17T10:08:12Z</time></wpt>
<wpt lat="46.195290" lon="6.765110"><ele>1743</ele><time>2027-01-17T10:08:16Z</time></wpt>
<wpt lat="46.195320" lon="6.764785"><ele>1743</ele><time>2027-01-17T10:08:19Z</time></wpt>
<wpt lat="46.195350" lon="6.764460"><ele>1735</ele><time>2027-01-17T10:08:21Z</time></wpt>
<wpt lat="46.195420" lon="6.764100"><ele>1731</ele><time>2027-01-17T10:08:24Z</time></wpt>
<wpt lat="46.195480" lon="6.763860"><ele>1728</ele><time>2027-01-17T10:08:26Z</time></wpt>
<wpt lat="46.195560" lon="6.763650"><ele>1725</ele><time>2027-01-17T10:08:28Z</time></wpt>
<wpt lat="46.195630" lon="6.763490"><ele>1723</ele><time>2027-01-17T10:08:29Z</time></wpt>
<wpt lat="46.195680" lon="6.763340"><ele>1722</ele><time>2027-01-17T10:08:31Z</time></wpt>
<wpt lat="46.195690" lon="6.763220"><ele>1720</ele><time>2027-01-17T10:08:31Z</time></wpt>
<wpt lat="46.195670" lon="6.763140"><ele>1719</ele><time>2027-01-17T10:08:32Z</time></wpt>
<wpt lat="46.195640" lon="6.763080"><ele>1718</ele><time>2027-01-17T10:08:33Z</time></wpt>
<wpt lat="46.195630" lon="6.763040"><ele>1718</ele><time>2027-01-17T10:08:33Z</time></wpt>
<wpt lat="46.195630" lon="6.763000"><ele>1718</ele><time>2027-01-17T10:08:33Z</time></wpt>
<wpt lat="46.195640" lon="6.762960"><ele>1717</ele><time>2027-01-17T10:08:34Z</time></wpt>
<wpt lat="46.195670" lon="6.762930"><ele>1717</ele><time>2027-01-17T10:08:34Z</time></wpt>
<wpt lat="46.195720" lon="6.762910"><ele>1717</ele><time>2027-01-17T10:08:35Z</time></wpt>
<wpt lat="46.195760" lon="6.762880"><ele>1717</ele><time>2027-01-17T10:08:35Z</time></wpt>
<wpt lat="46.195790" lon="6.762840"><ele>1716</ele><time>2027-01-17T10:08:36Z</time></wpt>
<wpt lat="46.195800" lon="6.762790"><ele>1716</ele><time>2027-01-17T10:08:36Z</time></wpt>
<wpt lat="46.195800" lon="6.762730"><ele>1715</ele><time>2027-01-17T10:08:36Z</time></wpt>
<wpt lat="46.195780" lon="6.762650"><ele>1714</ele><time>2027-01-17T10:08:37Z</time></wpt>
<wpt lat="46.195740" lon="6.762600"><ele>1713</ele><time>2027-01-17T10:08:38Z</time></wpt>
<wpt lat="46.195670" lon="6.762520"><ele>1712</ele><time>2027-01-17T10:08:39Z</time></wpt>
<wpt lat="46.195650" lon="6.762450"><ele>1712</ele><time>2027-01-17T10:08:39Z</time></wpt>
<wpt lat="46.195640" lon="6.762360"><ele>1710</ele><time>2027-01-17T10:08:40Z</time></wpt>
<wpt lat="46.195640" lon="6.762270"><ele>1709</ele><time>2027-01-17T10:08:41Z</time></wpt>
<wpt lat="46.195660" lon="6.762190"><ele>1708</ele><time>2027-01-17T10:08:41Z</time></wpt>
<wpt lat="46.195700" lon="6.762130"><ele>1707</ele><time>2027-01-17T10:08:42Z</time></wpt>
<wpt lat="46.195703" lon="6.761850"><ele>1707</ele><time>2027-01-17T10:08:44Z</time></wpt>
<wpt lat="46.195705" lon="6.761570"><ele>1707</ele><time>2027-01-17T10:08:46Z</time></wpt>
<wpt lat="46.195707" lon="6.761290"><ele>1707</ele><time>2027-01-17T10:08:48Z</time></wpt>
<wpt lat="46.195710" lon="6.761010"><ele>1698</ele><time>2027-01-17T10:08:51Z</time></wpt>
<wpt lat="46.195701" lon="6.760738"><ele>1698</ele><time>2027-01-17T10:08:53Z</time></wpt>
<wpt lat="46.195692" lon="6.760466"><ele>1698</ele><time>2027-01-17T10:08:55Z</time></wpt>
<wpt lat="46.195683" lon="6.760195"><ele>1698</ele><time>2027-01-17T10:08:57Z</time></wpt>
<wpt lat="46.195674" lon="6.759923"><ele>1698</ele><time>2027-01-17T10:08:59Z</time></wpt>
<wpt lat="46.195665" lon="6.759651"><ele>1698</ele><time>2027-01-17T10:09:01Z</time></wpt>
<wpt lat="46.195655" lon="6.759379"><ele>1698</ele><time>2027-01-17T10:09:03Z</time></wpt>
<wpt lat="46.195646" lon="6.759107"><ele>1698</ele><time>2027-01-17T10:09:05Z</time></wpt>
<wpt lat="46.195637" lon="6.758835"><ele>1698</ele><time>2027-01-17T10:09:07Z</time></wpt>
<wpt lat="46.195628" lon="6.758564"><ele>1698</ele><time>2027-01-17T10:09:09Z</time></wpt>
<wpt lat="46.195619" lon="6.758292"><ele>1698</ele><time>2027-01-17T10:09:12Z</time></wpt>
<wpt lat="46.195610" lon="6.758020"><ele>1675</ele><time>2027-01-17T10:09:14Z</time></wpt>
<wpt lat="46.195668" lon="6.757758"><ele>1675</ele><time>2027-01-17T10:09:16Z</time></wpt>
<wpt lat="46.195726" lon="6.757496"><ele>1675</ele><time>2027-01-17T10:09:18Z</time></wpt>
<wpt lat="46.195784" lon="6.757234"><ele>1675</ele><time>2027-01-17T10:09:20Z</time></wpt>
<wpt lat="46.195842" lon="6.756972"><ele>1675</ele><time>2027-01-17T10:09:22Z</time></wpt>
<wpt lat="46.195900" lon="6.756710"><ele>1680</ele><time>2027-01-17T10:09:24Z</time></wpt>
<wpt lat="46.195860" lon="6.756400"><ele>1679</ele><time>2027-01-17T10:09:27Z</time></wpt>
<wpt lat="46.195820" lon="6.756170"><ele>1678</ele><time>2027-01-17T10:09:28Z</time></wpt>
<wpt lat="46.195810" lon="6.756080"><ele>1678</ele><time>2027-01-17T10:09:29Z</time></wpt>
<wpt lat="46.195830" lon="6.756000"><ele>1678</ele><time>2027-01-17T10:09:30Z</time></wpt>
<wpt lat="46.195880" lon="6.755940"><ele>1679</ele><time>2027-01-17T10:09:31Z</time></wpt>
<wpt lat="46.195950" lon="6.755800"><ele>1679</ele><time>2027-01-17T10:09:32Z</time></wpt>
<wpt lat="46.196010" lon="6.755650"><ele>1680</ele><time>2027-01-17T10:09:33Z</time></wpt>
<wpt lat="46.196070" lon="6.755470"><ele>1680</ele><time>2027-01-17T10:09:35Z</time></wpt>
<wpt lat="46.196130" lon="6.755220"><ele>1680</ele><time>2027-01-17T10:09:37Z</time></wpt>
<wpt lat="46.196180" lon="6.754940"><ele>1679</ele><time>2027-01-17T10:09:39Z</time></wpt>
<wpt lat="46.196220" lon="6.754770"><ele>1678</ele><time>2027-01-17T10:09:40Z</time></wpt>
<wpt lat="46.196270" lon="6.754670"><ele>1678</ele><time>2027-01-17T10:09:41Z</time></wpt>
<wpt lat="46.196340" lon="6.754580"><ele>1678</ele><time>2027-01-17T10:09:42Z</time></wpt>
<wpt lat="46.196460" lon="6.754520"><ele>1679</ele><time>2027-01-17T10:09:44Z</time></wpt>
<wpt lat="46.196530" lon="6.754400"><ele>1679</ele><time>2027-01-17T10:09:45Z</time></wpt>
<wpt lat="46.196560" lon="6.754260"><ele>1679</ele><time>2027-01-17T10:09:46Z</time></wpt>
<wpt lat="46.196540" lon="6.754100"><ele>1677</ele><time>2027-01-17T10:09:47Z</time></wpt>
<wpt lat="46.196450" lon="6.753950"><ele>1675</ele><time>2027-01-17T10:09:49Z</time></wpt>
<wpt lat="46.196290" lon="6.753830"><ele>1673</ele><time>2027-01-17T10:09:51Z</time></wpt>
<wpt lat="46.196110" lon="6.753770"><ele>1671</ele><time>2027-01-17T10:09:53Z</time></wpt>
<wpt lat="46.196010" lon="6.753750"><ele>1670</ele><time>2027-01-17T10:09:54Z</time></wpt>
<wpt lat="46.195900" lon="6.753770"><ele>1669</ele><time>2027-01-17T10:09:55Z</time></wpt>
<wpt lat="46.195790" lon="6.753820"><ele>1668</ele><time>2027-01-17T10:09:57Z</time></wpt>
<wpt lat="46.195700" lon="6.753810"><ele>1667</ele><time>2027-01-17T10:09:58Z</time></wpt>
<wpt lat="46.195630" lon="6.753750"><ele>1666</ele><time>2027-01-17T10:09:59Z</time></wpt>
<wpt lat="46.195570" lon="6.753660"><ele>1665</ele><time>2027-01-17T10:09:59Z</time></wpt>
<wpt lat="46.195530" lon="6.753540"><ele>1664</ele><time>2027-01-17T10:10:01Z</time></wpt>
<wpt lat="46.195500" lon="6.753370"><ele>1663</ele><time>2027-01-17T10:10:02Z</time></wpt>
<wpt lat="46.195490" lon="6.753180"><ele>1662</ele><time>2027-01-17T10:10:03Z</time></wpt>
<wpt lat="46.195490" lon="6.753180"><ele>1662</ele><time>2027-01-17T10:10:03Z</time></wpt>
<wpt lat="46.195485" lon="6.752910"><ele>1662</ele><time>2027-01-17T10:10:05Z</time></wpt>
<wpt lat="46.195480" lon="6.752640"><ele>1657</ele><time>2027-01-17T10:10:07Z</time></wpt>
<wpt lat="46.195505" lon="6.752315"><ele>1657</ele><time>2027-01-17T10:10:10Z</time></wpt>
<wpt lat="46.195530" lon="6.751990"><ele>1652</ele><time>2027-01-17T10:10:13Z</time></wpt>
<wpt lat="46.195550" lon="6.751640"><ele>1648</ele><time>2027-01-17T10:10:15Z</time></wpt>
<wpt lat="46.195550" lon="6.751640"><ele>1648</ele><time>2027-01-17T10:10:15Z</time></wpt>
<wpt lat="46.195610" lon="6.751385"><ele>1648</ele><time>2027-01-17T10:10:17Z</time></wpt>
<wpt lat="46.195670" lon="6.751130"><ele>1644</ele><time>2027-01-17T10:10:19Z</time></wpt>
<wpt lat="46.195670" lon="6.751130"><ele>1644</ele><time>2027-01-17T10:11:19Z</time></wpt>
<wpt lat="46.195700" lon="6.751020"><ele>1644</ele><time>2027-01-17T10:11:22Z</time></wpt>
<wpt lat="46.195730" lon="6.750910"><ele>1643</ele><time>2027-01-17T10:11:24Z</time></wpt>
<wpt lat="46.195757" lon="6.750808"><ele>1643</ele><time>2027-01-17T10:11:26Z</time></wpt>
<wpt lat="46.195785" lon="6.750705"><ele>1643</ele><time>2027-01-17T10:11:28Z</time></wpt>
<wpt lat="46.195813" lon="6.750603"><ele>1643</ele><time>2027-01-17T10:11:30Z</time></wpt>
<wpt lat="46.195840" lon="6.750500"><ele>1643</ele><time>2027-01-17T10:11:32Z</time></wpt>
<wpt lat="46.195867" lon="6.750398"><ele>1643</ele><time>2027-01-17T10:11:35Z</time></wpt>
<wpt lat="46.195895" lon="6.750295"><ele>1643</ele><time>2027-01-17T10:11:37Z</time></wpt>
<wpt lat="46.195923" lon="6.750192"><ele>1643</ele><time>2027-01-17T10:11:39Z</time></wpt>
<wpt lat="46.195950" lon="6.750090"><ele>1638</ele><time>2027-01-17T10:11:41Z</time></wpt>
<wpt lat="46.195976" lon="6.749992"><ele>1638</ele><time>2027-01-17T10:11:43Z</time></wpt>
<wpt lat="46.196001" lon="6.749894"><ele>1638</ele><time>2027-01-17T10:11:45Z</time></wpt>
<wpt lat="46.196027" lon="6.749796"><ele>1638</ele><time>2027-01-17T10:11:47Z</time></wpt>
<wpt lat="46.196052" lon="6.749698"><ele>1638</ele><time>2027-01-17T10:11:49Z</time></wpt>
<wpt lat="46.196078" lon="6.749600"><ele>1638</ele><time>2027-01-17T10:11:51Z</time></wpt>
<wpt lat="46.196103" lon="6.749502"><ele>1638</ele><time>2027-01-17T10:11:53Z</time></wpt>
<wpt lat="46.196129" lon="6.749404"><ele>1638</ele><time>2027-01-17T10:11:55Z</time></wpt>
<wpt lat="46.196154" lon="6.749306"><ele>1638</ele><time>2027-01-17T10:11:57Z</time></wpt>
<wpt lat="46.196179" lon="6.749208"><ele>1638</ele><time>2027-01-17T10:11:59Z</time></wpt>
<wpt lat="46.196205" lon="6.749110"><ele>1638</ele><time>2027-01-17T10:12:01Z</time></wpt>
<wpt lat="46.196231" lon="6.749012"><ele>1638</ele><time>2027-01-17T10:12:03Z</time></wpt>
<wpt lat="46.196256" lon="6.748914"><ele>1638</ele><time>2027-01-17T10:12:05Z</time></wpt>
<wpt lat="46.196282" lon="6.748816"><ele>1638</ele><time>2027-01-17T10:12:07Z</time></wpt>
<wpt lat="46.196307" lon="6.748718"><ele>1638</ele><time>2027-01-17T10:12:09Z</time></wpt>
<wpt lat="46.196333" lon="6.748620"><ele>1638</ele><time>2027-01-17T10:12:11Z</time></wpt>
<wpt lat="46.196358" lon="6.748522"><ele>1638</ele><time>2027-01-17T10:12:13Z</time></wpt>
<wpt lat="46.196384" lon="6.748424"><ele>1638</ele><time>2027-01-17T10:12:15Z</time></wpt>
<wpt lat="46.196409" lon="6.748326"><ele>1638</ele><time>2027-01-17T10:12:17Z</time></wpt>
<wpt lat="46.196435" lon="6.748228"><ele>1638</ele><time>2027-01-17T10:12:19Z</time></wpt>
<wpt lat="46.196460" lon="6.748130"><ele>1640</ele><time>2027-01-17T10:12:21Z</time></wpt>
<wpt lat="46.196487" lon="6.748028"><ele>1640</ele><time>2027-01-17T10:12:23Z</time></wpt>
<wpt lat="46.196514" lon="6.747926"><ele>1640</ele><time>2027-01-17T10:12:25Z</time></wpt>
<wpt lat="46.196541" lon="6.747824"><ele>1640</ele><time>2027-01-17T10:12:27Z</time></wpt>
<wpt lat="46.196568" lon="6.747723"><ele>1640</ele><time>2027-01-17T10:12:30Z</time></wpt>
<wpt lat="46.196594" lon="6.747621"><ele>1640</ele><time>2027-01-17T10:12:32Z</time></wpt>
<wpt lat="46.196621" lon="6.747519"><ele>1640</ele><time>2027-01-17T10:12:34Z</time></wpt>
<wpt lat="46.196648" lon="6.747417"><ele>1640</ele><time>2027-01-17T10:12:36Z</time></wpt>
<wpt lat="46.196675" lon="6.747315"><ele>1640</ele><time>2027-01-17T10:12:38Z</time></wpt>
<wpt lat="46.196702" lon="6.747213"><ele>1640</ele><time>2027-01-17T10:12:40Z</time></wpt>
<wpt lat="46.196729" lon="6.747111"><ele>1640</ele><time>2027-01-17T10:12:42Z</time></wpt>
<wpt lat="46.196756" lon="6.747009"><ele>1640</ele><time>2027-01-17T10:12:44Z</time></wpt>
<wpt lat="46.196783" lon="6.746907"><ele>1640</ele><time>2027-01-17T10:12:46Z</time></wpt>
<wpt lat="46.196809" lon="6.746806"><ele>1640</ele><time>2027-01-17T10:12:48Z</time></wpt>
<wpt lat="46.196836" lon="6.746704"><ele>1640</ele><time>2027-01-17T10:12:51Z</time></wpt>
<wpt lat="46.196863" lon="6.746602"><ele>1640</ele><time>2027-01-17T10:12:53Z</time></wpt>
<wpt lat="46.196890" lon="6.746500"><ele>1652</ele><time>2027-01-17T10:12:55Z</time></wpt>
<wpt lat="46.196916" lon="6.746400"><ele>1652</ele><time>2027-01-17T10:12:57Z</time></wpt>
<wpt lat="46.196943" lon="6.746300"><ele>1652</ele><time>2027-01-17T10:12:59Z</time></wpt>
<wpt lat="46.196969" lon="6.746200"><ele>1652</ele><time>2027-01-17T10:13:01Z</time></wpt>
<wpt lat="46.196995" lon="6.746100"><ele>1652</ele><time>2027-01-17T10:13:03Z</time></wpt>
<wpt lat="46.197021" lon="6.746000"><ele>1652</ele><time>2027-01-17T10:13:05Z</time></wpt>
<wpt lat="46.197048" lon="6.745900"><ele>1652</ele><time>2027-01-17T10:13:07Z</time></wpt>
<wpt lat="46.197074" lon="6.745800"><ele>1652</ele><time>2027-01-17T10:13:09Z</time></wpt>
<wpt lat="46.197100" lon="6.745700"><ele>1652</ele><time>2027-01-17T10:13:11Z</time></wpt>
<wpt lat="46.197126" lon="6.745600"><ele>1652</ele><time>2027-01-17T10:13:13Z</time></wpt>
<wpt lat="46.197153" lon="6.745500"><ele>1652</ele><time>2027-01-17T10:13:15Z</time></wpt>
<wpt lat="46.197179" lon="6.745400"><ele>1652</ele><time>2027-01-17T10:13:17Z</time></wpt>
<wpt lat="46.197205" lon="6.745300"><ele>1652</ele><time>2027-01-17T10:13:19Z</time></wpt>
<wpt lat="46.197231" lon="6.745200"><ele>1652</ele><time>2027-01-17T10:13:21Z</time></wpt>
<wpt lat="46.197257" lon="6.745100"><ele>1652</ele><time>2027-01-17T10:13:24Z</time></wpt>
<wpt lat="46.197284" lon="6.745000"><ele>1652</ele><time>2027-01-17T10:13:26Z</time></wpt>
<wpt lat="46.197310" lon="6.744900"><ele>1667</ele><time>2027-01-17T10:13:28Z</time></wpt>
<wpt lat="46.197335" lon="6.744800"><ele>1667</ele><time>2027-01-17T10:13:30Z</time></wpt>
<wpt lat="46.197360" lon="6.744700"><ele>1667</ele><time>2027-01-17T10:13:32Z</time></wpt>
<wpt lat="46.197385" lon="6.744600"><ele>1667</ele><time>2027-01-17T10:13:34Z</time></wpt>
<wpt lat="46.197410" lon="6.744500"><ele>1667</ele><time>2027-01-17T10:13:36Z</time></wpt>
<wpt lat="46.197435" lon="6.744400"><ele>1667</ele><time>2027-01-17T10:13:38Z</time></wpt>
<wpt lat="46.197460" lon="6.744300"><ele>1667</ele><time>2027-01-17T10:13:40Z</time></wpt>
<wpt lat="46.197485" lon="6.744200"><ele>1667</ele><time>2027-01-17T10:13:42Z</time></wpt>
<wpt lat="46.197510" lon="6.744100"><ele>1667</ele><time>2027-01-17T10:13:44Z</time></wpt>
<wpt lat="46.197535" lon="6.744000"><ele>1667</ele><time>2027-01-17T10:13:46Z</time></wpt>
<wpt lat="46.197560" lon="6.743900"><ele>1667</ele><time>2027-01-17T10:13:48Z</time></wpt>
<wpt lat="46.197585" lon="6.743800"><ele>1667</ele><time>2027-01-17T10:13:50Z</time></wpt>
<wpt lat="46.197610" lon="6.743700"><ele>1667</ele><time>2027-01-17T10:13:52Z</time></wpt>
<wpt lat="46.197635" lon="6.743600"><ele>1667</ele><time>2027-01-17T10:13:54Z</time></wpt>
<wpt lat="46.197660" lon="6.743500"><ele>1667</ele><time>2027-01-17T10:13:56Z</time></wpt>
<wpt lat="46.197685" lon="6.743400"><ele>1667</ele><time>2027-01-17T10:13:58Z</time></wpt>
<wpt lat="46.197710" lon="6.743300"><ele>1667</ele><time>2027-01-17T10:14:00Z</time></wpt>
<wpt lat="46.197735" lon="6.743200"><ele>1667</ele><time>2027-01-17T10:14:02Z</time></wpt>
<wpt lat="46.197760" lon="6.743100"><ele>1686</ele><time>2027-01-17T10:14:04Z</time></wpt>
<wpt lat="46.197787" lon="6.743000"><ele>1686</ele><time>2027-01-17T10:14:07Z</time></wpt>
<wpt lat="46.197813" lon="6.742900"><ele>1686</ele><time>2027-01-17T10:14:09Z</time></wpt>
<wpt lat="46.197840" lon="6.742800"><ele>1686</ele><time>2027-01-17T10:14:11Z</time></wpt>
<wpt lat="46.197867" lon="6.742700"><ele>1686</ele><time>2027-01-17T10:14:13Z</time></wpt>
<wpt lat="46.197893" lon="6.742600"><ele>1686</ele><time>2027-01-17T10:14:15Z</time></wpt>
<wpt lat="46.197920" lon="6.742500"><ele>1686</ele><time>2027-01-17T10:14:17Z</time></wpt>
<wpt lat="46.197947" lon="6.742400"><ele>1686</ele><time>2027-01-17T10:14:19Z</time></wpt>
<wpt lat="46.197973" lon="6.742300"><ele>1686</ele><time>2027-01-17T10:14:21Z</time></wpt>
<wpt lat="46.198000" lon="6.742200"><ele>1686</ele><time>2027-01-17T10:14:23Z</time></wpt>
<wpt lat="46.198027" lon="6.742100"><ele>1686</ele><time>2027-01-17T10:14:25Z</time></wpt>
<wpt lat="46.198053" lon="6.742000"><ele>1686</ele><time>2027-01-17T10:14:27Z</time></wpt>
<wpt lat="46.198080" lon="6.741900"><ele>1714</ele><time>2027-01-17T10:14:29Z</time></wpt>
<wpt lat="46.198106" lon="6.741801"><ele>1714</ele><time>2027-01-17T10:14:31Z</time></wpt>
<wpt lat="46.198133" lon="6.741702"><ele>1714</ele><time>2027-01-17T10:14:33Z</time></wpt>
<wpt lat="46.198159" lon="6.741603"><ele>1714</ele><time>2027-01-17T10:14:35Z</time></wpt>
<wpt lat="46.198185" lon="6.741504"><ele>1714</ele><time>2027-01-17T10:14:37Z</time></wpt>
<wpt lat="46.198212" lon="6.741405"><ele>1714</ele><time>2027-01-17T10:14:39Z</time></wpt>
<wpt lat="46.198238" lon="6.741305"><ele>1714</ele><time>2027-01-17T10:14:41Z</time></wpt>
<wpt lat="46.198265" lon="6.741206"><ele>1714</ele><time>2027-01-17T10:14:44Z</time></wpt>
<wpt lat="46.198291" lon="6.741107"><ele>1714</ele><time>2027-01-17T10:14:46Z</time></wpt>
<wpt lat="46.198317" lon="6.741008"><ele>1714</ele><time>2027-01-17T10:14:48Z</time></wpt>
<wpt lat="46.198344" lon="6.740909"><ele>1714</ele><time>2027-01-17T10:14:50Z</time></wpt>
<wpt lat="46.198370" lon="6.740810"><ele>1734</ele><time>2027-01-17T10:14:52Z</time></wpt>
<wpt lat="46.198396" lon="6.740708"><ele>1734</ele><time>2027-01-17T10:14:54Z</time></wpt>
<wpt lat="46.198423" lon="6.740606"><ele>1734</ele><time>2027-01-17T10:14:56Z</time></wpt>
<wpt lat="46.198449" lon="6.740505"><ele>1734</ele><time>2027-01-17T10:14:58Z</time></wpt>
<wpt lat="46.198475" lon="6.740403"><ele>1734</ele><time>2027-01-17T10:15:00Z</time></wpt>
<wpt lat="46.198502" lon="6.740301"><ele>1734</ele><time>2027-01-17T10:15:02Z</time></wpt>
<wpt lat="46.198528" lon="6.740199"><ele>1734</ele><time>2027-01-17T10:15:04Z</time></wpt>
<wpt lat="46.198555" lon="6.740097"><ele>1734</ele><time>2027-01-17T10:15:06Z</time></wpt>
<wpt lat="46.198581" lon="6.739995"><ele>1734</ele><time>2027-01-17T10:15:08Z</time></wpt>
<wpt lat="46.198607" lon="6.739894"><ele>1734</ele><time>2027-01-17T10:15:11Z</time></wpt>
<wpt lat="46.198634" lon="6.739792"><ele>1734</ele><time>2027-01-17T10:15:13Z</time></wpt>
<wpt lat="46.198660" lon="6.739690"><ele>1754</ele><time>2027-01-17T10:15:15Z</time></wpt>
<wpt lat="46.198688" lon="6.739582"><ele>1754</ele><time>2027-01-17T10:15:17Z</time></wpt>
<wpt lat="46.198717" lon="6.739473"><ele>1754</ele><time>2027-01-17T10:15:19Z</time></wpt>
<wpt lat="46.198745" lon="6.739365"><ele>1754</ele><time>2027-01-17T10:15:21Z</time></wpt>
<wpt lat="46.198773" lon="6.739257"><ele>1754</ele><time>2027-01-17T10:15:24Z</time></wpt>
<wpt lat="46.198802" lon="6.739148"><ele>1754</ele><time>2027-01-17T10:15:26Z</time></wpt>
<wpt lat="46.198830" lon="6.739040"><ele>1757</ele><time>2027-01-17T10:15:28Z</time></wpt>
<wpt lat="46.198830" lon="6.739040"><ele>1757</ele><time>2027-01-17T10:15:28Z</time></wpt>
<wpt lat="46.198890" lon="6.738810"><ele>1756</ele><time>2027-01-17T10:15:30Z</time></wpt>
<wpt lat="46.198890" lon="6.738740"><ele>1755</ele><time>2027-01-17T10:15:31Z</time></wpt>
<wpt lat="46.198880" lon="6.738680"><ele>1755</ele><time>2027-01-17T10:15:31Z</time></wpt>
<wpt lat="46.198870" lon="6.738600"><ele>1754</ele><time>2027-01-17T10:15:32Z</time></wpt>
<wpt lat="46.198850" lon="6.738530"><ele>1753</ele><time>2027-01-17T10:15:32Z</time></wpt>
<wpt lat="46.198810" lon="6.738430"><ele>1752</ele><time>2027-01-17T10:15:33Z</time></wpt>
<wpt lat="46.198750" lon="6.738300"><ele>1750</ele><time>2027-01-17T10:15:34Z</time></wpt>
<wpt lat="46.198660" lon="6.738180"><ele>1748</ele><time>2027-01-17T10:15:36Z</time></wpt>
<wpt lat="46.198510" lon="6.737990"><ele>1747</ele><time>2027-01-17T10:15:38Z</time></wpt>
<wpt lat="46.198320" lon="6.737810"><ele>1746</ele><time>2027-01-17T10:15:40Z</time></wpt>
<wpt lat="46.198105" lon="6.737625"><ele>1746</ele><time>2027-01-17T10:15:43Z</time></wpt>
<wpt lat="46.197890" lon="6.737440"><ele>1744</ele><time>2027-01-17T10:15:46Z</time></wpt>
<wpt lat="46.197660" lon="6.737210"><ele>1741</ele><time>2027-01-17T10:15:49Z</time></wpt>
<wpt lat="46.197505" lon="6.737015"><ele>1741</ele><time>2027-01-17T10:15:51Z</time></wpt>
<wpt lat="46.197350" lon="6.736820"><ele>1737</ele><time>2027-01-17T10:15:54Z</time></wpt>
<wpt lat="46.197170" lon="6.736590"><ele>1735</ele><time>2027-01-17T10:15:56Z</time></wpt>
<wpt lat="46.197050" lon="6.736440"><ele>1734</ele><time>2027-01-17T10:15:58Z</time></wpt>
<wpt lat="46.196920" lon="6.736280"><ele>1735</ele><time>2027-01-17T10:16:00Z</time></wpt>
<wpt lat="46.196750" lon="6.736050"><ele>1736</ele><time>2027-01-17T10:16:03Z</time></wpt>
<wpt lat="46.196620" lon="6.735845"><ele>1736</ele><time>2027-01-17T10:16:05Z</time></wpt>
<wpt lat="46.196490" lon="6.735640"><ele>1737</ele><time>2027-01-17T10:16:07Z</time></wpt>
<wpt lat="46.196390" lon="6.735510"><ele>1736</ele><time>2027-01-17T10:16:08Z</time></wpt>
<wpt lat="46.196280" lon="6.735320"><ele>1736</ele><time>2027-01-17T10:16:10Z</time></wpt>
<wpt lat="46.196260" lon="6.735250"><ele>1736</ele><time>2027-01-17T10:16:11Z</time></wpt>
<wpt lat="46.196230" lon="6.735200"><ele>1737</ele><time>2027-01-17T10:16:11Z</time></wpt>
<wpt lat="46.196210" lon="6.735130"><ele>1737</ele><time>2027-01-17T10:16:12Z</time></wpt>
<wpt lat="46.196190" lon="6.735060"><ele>1737</ele><time>2027-01-17T10:16:12Z</time></wpt>
<wpt lat="46.196170" lon="6.734980"><ele>1737</ele><time>2027-01-17T10:16:13Z</time></wpt>
<wpt lat="46.196150" lon="6.734910"><ele>1737</ele><time>2027-01-17T10:16:14Z</time></wpt>
<wpt lat="46.196130" lon="6.734810"><ele>1737</ele><time>2027-01-17T10:16:15Z</time></wpt>
<wpt lat="46.196070" lon="6.734480"><ele>1737</ele><time>2027-01-17T10:16:17Z</time></wpt>
<wpt lat="46.196050" lon="6.734410"><ele>1737</ele><time>2027-01-17T10:16:18Z</time></wpt>
<wpt lat="46.196040" lon="6.734310"><ele>1738</ele><time>2027-01-17T10:16:19Z</time></wpt>
<wpt lat="46.196000" lon="6.734240"><ele>1737</ele><time>2027-01-17T10:16:19Z</time></wpt>
<wpt lat="46.196000" lon="6.734240"><ele>1737</ele><time>2027-01-17T10:16:19Z</time></wpt>
<wpt lat="46.195860" lon="6.733980"><ele>1736</ele><time>2027-01-17T10:16:22Z</time></wpt>
<wpt lat="46.195750" lon="6.733690"><ele>1735</ele><time>2027-01-17T10:16:24Z</time></wpt>
<wpt lat="46.195680" lon="6.733400"><ele>1734</ele><time>2027-01-17T10:16:27Z</time></wpt>
<wpt lat="46.195640" lon="6.733150"><ele>1733</ele><time>2027-01-17T10:16:29Z</time></wpt>
<wpt lat="46.195640" lon="6.732990"><ele>1733</ele><time>2027-01-17T10:16:30Z</time></wpt>
<wpt lat="46.195660" lon="6.732610"><ele>1732</ele><time>2027-01-17T10:16:33Z</time></wpt>
<wpt lat="46.195670" lon="6.732330"><ele>1731</ele><time>2027-01-17T10:16:35Z</time></wpt>
<wpt lat="46.195725" lon="6.731960"><ele>1731</ele><time>2027-01-17T10:16:38Z</time></wpt>
<wpt lat="46.195780" lon="6.731590"><ele>1730</ele><time>2027-01-17T10:16:41Z</time></wpt>
<wpt lat="46.195797" lon="6.731280"><ele>1730</ele><time>2027-01-17T10:16:43Z</time></wpt>
<wpt lat="46.195815" lon="6.730970"><ele>1730</ele><time>2027-01-17T10:16:46Z</time></wpt>
<wpt lat="46.195833" lon="6.730660"><ele>1730</ele><time>2027-01-17T10:16:48Z</time></wpt>
<wpt lat="46.195850" lon="6.730350"><ele>1720</ele><time>2027-01-17T10:16:50Z</time></wpt>
<wpt lat="46.195870" lon="6.729970"><ele>1718</ele><time>2027-01-17T10:16:53Z</time></wpt>
<wpt lat="46.195880" lon="6.729610"><ele>1715</ele><time>2027-01-17T10:16:56Z</time></wpt>
<wpt lat="46.195883" lon="6.729337"><ele>1715</ele><time>2027-01-17T10:16:58Z</time></wpt>
<wpt lat="46.195885" lon="6.729065"><ele>1715</ele><time>2027-01-17T10:17:00Z</time></wpt>
<wpt lat="46.195887" lon="6.728792"><ele>1715</ele><time>2027-01-17T10:17:02Z</time></wpt>
<wpt lat="46.195890" lon="6.728520"><ele>1704</ele><time>2027-01-17T10:17:04Z</time></wpt>
<wpt lat="46.195910" lon="6.728210"><ele>1700</ele><time>2027-01-17T10:17:07Z</time></wpt>
<wpt lat="46.195990" lon="6.727900"><ele>1696</ele><time>2027-01-17T10:17:09Z</time></wpt>
<wpt lat="46.196090" lon="6.727650"><ele>1693</ele><time>2027-01-17T10:17:12Z</time></wpt>
<wpt lat="46.196190" lon="6.727420"><ele>1689</ele><time>2027-01-17T10:17:14Z</time></wpt>
<wpt lat="46.196240" lon="6.727330"><ele>1687</ele><time>2027-01-17T10:17:15Z</time></wpt>
<wpt lat="46.196440" lon="6.727110"><ele>1681</ele><time>2027-01-17T10:17:17Z</time></wpt>
<wpt lat="46.196632" lon="6.727002"><ele>1681</ele><time>2027-01-17T10:17:20Z</time></wpt>
<wpt lat="46.196825" lon="6.726895"><ele>1681</ele><time>2027-01-17T10:17:22Z</time></wpt>
<wpt lat="46.197018" lon="6.726788"><ele>1681</ele><time>2027-01-17T10:17:24Z</time></wpt>
<wpt lat="46.197210" lon="6.726680"><ele>1663</ele><time>2027-01-17T10:17:27Z</time></wpt>
<wpt lat="46.197380" lon="6.726565"><ele>1663</ele><time>2027-01-17T10:17:29Z</time></wpt>
<wpt lat="46.197550" lon="6.726450"><ele>1655</ele><time>2027-01-17T10:17:31Z</time></wpt>
<wpt lat="46.197660" lon="6.726340"><ele>1652</ele><time>2027-01-17T10:17:32Z</time></wpt>
<wpt lat="46.197780" lon="6.726170"><ele>1648</ele><time>2027-01-17T10:17:34Z</time></wpt>
<wpt lat="46.197820" lon="6.725950"><ele>1644</ele><time>2027-01-17T10:17:36Z</time></wpt>
<wpt lat="46.197810" lon="6.725770"><ele>1641</ele><time>2027-01-17T10:17:37Z</time></wpt>
<wpt lat="46.197770" lon="6.725620"><ele>1639</ele><time>2027-01-17T10:17:38Z</time></wpt>
<wpt lat="46.197690" lon="6.725480"><ele>1637</ele><time>2027-01-17T10:17:40Z</time></wpt>
<wpt lat="46.197520" lon="6.725320"><ele>1637</ele><time>2027-01-17T10:17:42Z</time></wpt>
<wpt lat="46.197350" lon="6.725160"><ele>1630</ele><time>2027-01-17T10:17:44Z</time></wpt>
<wpt lat="46.197100" lon="6.724920"><ele>1625</ele><time>2027-01-17T10:17:48Z</time></wpt>
<wpt lat="46.196850" lon="6.724690"><ele>1620</ele><time>2027-01-17T10:17:51Z</time></wpt>
<wpt lat="46.196740" lon="6.724550"><ele>1617</ele><time>2027-01-17T10:17:53Z</time></wpt>
<wpt lat="46.196630" lon="6.724400"><ele>1613</ele><time>2027-01-17T10:17:54Z</time></wpt>
<wpt lat="46.196500" lon="6.724210"><ele>1609</ele><time>2027-01-17T10:17:56Z</time></wpt>
<wpt lat="46.196300" lon="6.723960"><ele>1604</ele><time>2027-01-17T10:17:59Z</time></wpt>
<wpt lat="46.196170" lon="6.723770"><ele>1604</ele><time>2027-01-17T10:18:01Z</time></wpt>
<wpt lat="46.196040" lon="6.723580"><ele>1596</ele><time>2027-01-17T10:18:03Z</time></wpt>
<wpt lat="46.195890" lon="6.723330"><ele>1593</ele><time>2027-01-17T10:18:06Z</time></wpt>
<wpt lat="46.195770" lon="6.723070"><ele>1590</ele><time>2027-01-17T10:18:08Z</time></wpt>
<wpt lat="46.195660" lon="6.722750"><ele>1587</ele><time>2027-01-17T10:18:11Z</time></wpt>
<wpt lat="46.195580" lon="6.722450"><ele>1583</ele><time>2027-01-17T10:18:14Z</time></wpt>
<wpt lat="46.195460" lon="6.722125"><ele>1583</ele><time>2027-01-17T10:18:16Z</time></wpt>
<wpt lat="46.195340" lon="6.721800"><ele>1572</ele><time>2027-01-17T10:18:19Z</time></wpt>
<wpt lat="46.195250" lon="6.721600"><ele>1568</ele><time>2027-01-17T10:18:21Z</time></wpt>
<wpt lat="46.195120" lon="6.721340"><ele>1564</ele><time>2027-01-17T10:18:24Z</time></wpt>
<wpt lat="46.194920" lon="6.721090"><ele>1560</ele><time>2027-01-17T10:18:26Z</time></wpt>
<wpt lat="46.194760" lon="6.720930"><ele>1560</ele><time>2027-01-17T10:18:29Z</time></wpt>
<wpt lat="46.194600" lon="6.720770"><ele>1560</ele><time>2027-01-17T10:18:31Z</time></wpt>
<wpt lat="46.194440" lon="6.720610"><ele>1562</ele><time>2027-01-17T10:18:33Z</time></wpt>
<wpt lat="46.194250" lon="6.720500"><ele>1561</ele><time>2027-01-17T10:18:35Z</time></wpt>
<wpt lat="46.194080" lon="6.720390"><ele>1555</ele><time>2027-01-17T10:18:37Z</time></wpt>
<wpt lat="46.193970" lon="6.720310"><ele>1549</ele><time>2027-01-17T10:18:39Z</time></wpt>
<wpt lat="46.193900" lon="6.720250"><ele>1544</ele><time>2027-01-17T10:18:40Z</time></wpt>
<wpt lat="46.193680" lon="6.719950"><ele>1527</ele><time>2027-01-17T10:18:43Z</time></wpt>
<wpt lat="46.193460" lon="6.719740"><ele>1527</ele><time>2027-01-17T10:18:46Z</time></wpt>
<wpt lat="46.193240" lon="6.719530"><ele>1513</ele><time>2027-01-17T10:18:49Z</time></wpt>
<wpt lat="46.193240" lon="6.719530"><ele>1513</ele><time>2027-01-17T10:18:49Z</time></wpt>
<wpt lat="46.193160" lon="6.719440"><ele>1511</ele><time>2027-01-17T10:18:50Z</time></wpt>
<wpt lat="46.193070" lon="6.719330"><ele>1508</ele><time>2027-01-17T10:18:51Z</time></wpt>
<wpt lat="46.193020" lon="6.719280"><ele>1507</ele><time>2027-01-17T10:18:52Z</time></wpt>
<wpt lat="46.192990" lon="6.719220"><ele>1506</ele><time>2027-01-17T10:18:52Z</time></wpt>
<wpt lat="46.192980" lon="6.719170"><ele>1505</ele><time>2027-01-17T10:18:53Z</time></wpt>
<wpt lat="46.192980" lon="6.719120"><ele>1504</ele><time>2027-01-17T10:18:53Z</time></wpt>
<wpt lat="46.193010" lon="6.719010"><ele>1502</ele><time>2027-01-17T10:18:54Z</time></wpt>
<wpt lat="46.193020" lon="6.718870"><ele>1499</ele><time>2027-01-17T10:18:55Z</time></wpt>
<wpt lat="46.193010" lon="6.718710"><ele>1496</ele><time>2027-01-17T10:18:57Z</time></wpt>
<wpt lat="46.192930" lon="6.718430"><ele>1490</ele><time>2027-01-17T10:18:59Z</time></wpt>
<wpt lat="46.192860" lon="6.718260"><ele>1486</ele><time>2027-01-17T10:19:00Z</time></wpt>
<wpt lat="46.192780" lon="6.718140"><ele>1483</ele><time>2027-01-17T10:19:02Z</time></wpt>
<wpt lat="46.192690" lon="6.718020"><ele>1480</ele><time>2027-01-17T10:19:03Z</time></wpt>
<wpt lat="46.192580" lon="6.717950"><ele>1477</ele><time>2027-01-17T10:19:04Z</time></wpt>
<wpt lat="46.192470" lon="6.717920"><ele>1476</ele><time>2027-01-17T10:19:06Z</time></wpt>
<wpt lat="46.192320" lon="6.717890"><ele>1473</ele><time>2027-01-17T10:19:07Z</time></wpt>
<wpt lat="46.192140" lon="6.717910"><ele>1471</ele><time>2027-01-17T10:19:09Z</time></wpt>
<wpt lat="46.192040" lon="6.717930"><ele>1471</ele><time>2027-01-17T10:19:10Z</time></wpt>
<wpt lat="46.191950" lon="6.717960"><ele>1470</ele><time>2027-01-17T10:19:11Z</time></wpt>
<wpt lat="46.191860" lon="6.718010"><ele>1470</ele><time>2027-01-17T10:19:12Z</time></wpt>
<wpt lat="46.191620" lon="6.718120"><ele>1469</ele><time>2027-01-17T10:19:15Z</time></wpt>
<wpt lat="46.191440" lon="6.718230"><ele>1468</ele><time>2027-01-17T10:19:17Z</time></wpt>
<wpt lat="46.191300" lon="6.718300"><ele>1468</ele><time>2027-01-17T10:19:19Z</time></wpt>
<wpt lat="46.191250" lon="6.718310"><ele>1467</ele><time>2027-01-17T10:19:20Z</time></wpt>
<wpt lat="46.191170" lon="6.718310"><ele>1466</ele><time>2027-01-17T10:19:21Z</time></wpt>
<wpt lat="46.191130" lon="6.718290"><ele>1465</ele><time>2027-01-17T10:19:21Z</time></wpt>
<wpt lat="46.191110" lon="6.718260"><ele>1465</ele><time>2027-01-17T10:19:21Z</time></wpt>
<wpt lat="46.191080" lon="6.718210"><ele>1463</ele><time>2027-01-17T10:19:22Z</time></wpt>
<wpt lat="46.191060" lon="6.718170"><ele>1462</ele><time>2027-01-17T10:19:22Z</time></wpt>
<wpt lat="46.191060" lon="6.718170"><ele>1462</ele><time>2027-01-17T10:19:22Z</time></wpt>
<wpt lat="46.191010" lon="6.718080"><ele>1460</ele><time>2027-01-17T10:19:23Z</time></wpt>
<wpt lat="46.190970" lon="6.718020"><ele>1459</ele><time>2027-01-17T10:19:24Z</time></wpt>
<wpt lat="46.190910" lon="6.717970"><ele>1457</ele><time>2027-01-17T10:19:25Z</time></wpt>
<wpt lat="46.190830" lon="6.717950"><ele>1456</ele><time>2027-01-17T10:19:25Z</time></wpt>
<wpt lat="46.190710" lon="6.717960"><ele>1454</ele><time>2027-01-17T10:19:27Z</time></wpt>
<wpt lat="46.190610" lon="6.717970"><ele>1453</ele><time>2027-01-17T10:19:28Z</time></wpt>
<wpt lat="46.190540" lon="6.717950"><ele>1452</ele><time>2027-01-17T10:19:29Z</time></wpt>
<wpt lat="46.190500" lon="6.717910"><ele>1451</ele><time>2027-01-17T10:19:29Z</time></wpt>
<wpt lat="46.190410" lon="6.717830"><ele>1449</ele><time>2027-01-17T10:19:30Z</time></wpt>
<wpt lat="46.190360" lon="6.717790"><ele>1447</ele><time>2027-01-17T10:19:31Z</time></wpt>
<wpt lat="46.190310" lon="6.717760"><ele>1446</ele><time>2027-01-17T10:19:32Z</time></wpt>
<wpt lat="46.190270" lon="6.717750"><ele>1445</ele><time>2027-01-17T10:19:32Z</time></wpt>
<wpt lat="46.190250" lon="6.717750"><ele>1445</ele><time>2027-01-17T10:19:32Z</time></wpt>
<wpt lat="46.190240" lon="6.717780"><ele>1445</ele><time>2027-01-17T10:19:33Z</time></wpt>
<wpt lat="46.190240" lon="6.717820"><ele>1446</ele><time>2027-01-17T10:19:33Z</time></wpt>
<wpt lat="46.190380" lon="6.718160"><ele>1453</ele><time>2027-01-17T10:19:36Z</time></wpt>
<wpt lat="46.190380" lon="6.718160"><ele>1453</ele><time>2027-01-17T10:20:36Z</time></wpt>
<wpt lat="46.190430" lon="6.718285"><ele>1453</ele><time>2027-01-17T10:20:39Z</time></wpt>
<wpt lat="46.190480" lon="6.718410"><ele>1458</ele><time>2027-01-17T10:20:41Z</time></wpt>
<wpt lat="46.190523" lon="6.718513"><ele>1458</ele><time>2027-01-17T10:20:44Z</time></wpt>
<wpt lat="46.190567" lon="6.718617"><ele>1458</ele><time>2027-01-17T10:20:46Z</time></wpt>
<wpt lat="46.190610" lon="6.718720"><ele>1458</ele><time>2027-01-17T10:20:48Z</time></wpt>
<wpt lat="46.190653" lon="6.718823"><ele>1458</ele><time>2027-01-17T10:20:51Z</time></wpt>
<wpt lat="46.190697" lon="6.718927"><ele>1458</ele><time>2027-01-17T10:20:53Z</time></wpt>
<wpt lat="46.190740" lon="6.719030"><ele>1471</ele><time>2027-01-17T10:20:55Z</time></wpt>
<wpt lat="46.190778" lon="6.719120"><ele>1471</ele><time>2027-01-17T10:20:57Z</time></wpt>
<wpt lat="46.190816" lon="6.719210"><ele>1471</ele><time>2027-01-17T10:20:59Z</time></wpt>
<wpt lat="46.190854" lon="6.719300"><ele>1471</ele><time>2027-01-17T10:21:01Z</time></wpt>
<wpt lat="46.190892" lon="6.719390"><ele>1471</ele><time>2027-01-17T10:21:04Z</time></wpt>
<wpt lat="46.190930" lon="6.719480"><ele>1471</ele><time>2027-01-17T10:21:06Z</time></wpt>
<wpt lat="46.190968" lon="6.719570"><ele>1471</ele><time>2027-01-17T10:21:08Z</time></wpt>
<wpt lat="46.191006" lon="6.719660"><ele>1471</ele><time>2027-01-17T10:21:10Z</time></wpt>
<wpt lat="46.191044" lon="6.719750"><ele>1471</ele><time>2027-01-17T10:21:12Z</time></wpt>
<wpt lat="46.191082" lon="6.719840"><ele>1471</ele><time>2027-01-17T10:21:14Z</time></wpt>
<wpt lat="46.191120" lon="6.719930"><ele>1471</ele><time>2027-01-17T10:21:16Z</time></wpt>
<wpt lat="46.191158" lon="6.720020"><ele>1471</ele><time>2027-01-17T10:21:18Z</time></wpt>
<wpt lat="46.191196" lon="6.720110"><ele>1471</ele><time>2027-01-17T10:21:20Z</time></wpt>
<wpt lat="46.191234" lon="6.720200"><ele>1471</ele><time>2027-01-17T10:21:22Z</time></wpt>
<wpt lat="46.191272" lon="6.720290"><ele>1471</ele><time>2027-01-17T10:21:24Z</time></wpt>
<wpt lat="46.191310" lon="6.720380"><ele>1505</ele><time>2027-01-17T10:21:26Z</time></wpt>
<wpt lat="46.191353" lon="6.720483"><ele>1505</ele><time>2027-01-17T10:21:28Z</time></wpt>
<wpt lat="46.191397" lon="6.720587"><ele>1505</ele><time>2027-01-17T10:21:30Z</time></wpt>
<wpt lat="46.191440" lon="6.720690"><ele>1505</ele><time>2027-01-17T10:21:33Z</time></wpt>
<wpt lat="46.191483" lon="6.720793"><ele>1505</ele><time>2027-01-17T10:21:35Z</time></wpt>
<wpt lat="46.191527" lon="6.720897"><ele>1505</ele><time>2027-01-17T10:21:37Z</time></wpt>
<wpt lat="46.191570" lon="6.721000"><ele>1523</ele><time>2027-01-17T10:21:40Z</time></wpt>
<wpt lat="46.191610" lon="6.721094"><ele>1523</ele><time>2027-01-17T10:21:42Z</time></wpt>
<wpt lat="46.191650" lon="6.721188"><ele>1523</ele><time>2027-01-17T10:21:44Z</time></wpt>
<wpt lat="46.191690" lon="6.721283"><ele>1523</ele><time>2027-01-17T10:21:46Z</time></wpt>
<wpt lat="46.191730" lon="6.721377"><ele>1523</ele><time>2027-01-17T10:21:48Z</time></wpt>
<wpt lat="46.191770" lon="6.721471"><ele>1523</ele><time>2027-01-17T10:21:50Z</time></wpt>
<wpt lat="46.191810" lon="6.721565"><ele>1523</ele><time>2027-01-17T10:21:53Z</time></wpt>
<wpt lat="46.191850" lon="6.721659"><ele>1523</ele><time>2027-01-17T10:21:55Z</time></wpt>
<wpt lat="46.191890" lon="6.721753"><ele>1523</ele><time>2027-01-17T10:21:57Z</time></wpt>
<wpt lat="46.191930" lon="6.721847"><ele>1523</ele><time>2027-01-17T10:21:59Z</time></wpt>
<wpt lat="46.191970" lon="6.721942"><ele>1523</ele><time>2027-01-17T10:22:01Z</time></wpt>
<wpt lat="46.192010" lon="6.722036"><ele>1523</ele><time>2027-01-17T10:22:03Z</time></wpt>
<wpt lat="46.192050" lon="6.722130"><ele>1559</ele><time>2027-01-17T10:22:05Z</time></wpt>
<wpt lat="46.192089" lon="6.722224"><ele>1559</ele><time>2027-01-17T10:22:07Z</time></wpt>
<wpt lat="46.192129" lon="6.722317"><ele>1559</ele><time>2027-01-17T10:22:09Z</time></wpt>
<wpt lat="46.192168" lon="6.722411"><ele>1559</ele><time>2027-01-17T10:22:12Z</time></wpt>
<wpt lat="46.192207" lon="6.722504"><ele>1559</ele><time>2027-01-17T10:22:14Z</time></wpt>
<wpt lat="46.192246" lon="6.722598"><ele>1559</ele><time>2027-01-17T10:22:16Z</time></wpt>
<wpt lat="46.192286" lon="6.722691"><ele>1559</ele><time>2027-01-17T10:22:18Z</time></wpt>
<wpt lat="46.192325" lon="6.722785"><ele>1559</ele><time>2027-01-17T10:22:20Z</time></wpt>
<wpt lat="46.192364" lon="6.722879"><ele>1559</ele><time>2027-01-17T10:22:22Z</time></wpt>
<wpt lat="46.192404" lon="6.722972"><ele>1559</ele><time>2027-01-17T10:22:24Z</time></wpt>
<wpt lat="46.192443" lon="6.723066"><ele>1559</ele><time>2027-01-17T10:22:26Z</time></wpt>
<wpt lat="46.192482" lon="6.723159"><ele>1559</ele><time>2027-01-17T10:22:28Z</time></wpt>
<wpt lat="46.192521" lon="6.723253"><ele>1559</ele><time>2027-01-17T10:22:31Z</time></wpt>
<wpt lat="46.192561" lon="6.723346"><ele>1559</ele><time>2027-01-17T10:22:33Z</time></wpt>
<wpt lat="46.192600" lon="6.723440"><ele>1597</ele><time>2027-01-17T10:22:35Z</time></wpt>
<wpt lat="46.192639" lon="6.723534"><ele>1597</ele><time>2027-01-17T10:22:37Z</time></wpt>
<wpt lat="46.192678" lon="6.723627"><ele>1597</ele><time>2027-01-17T10:22:39Z</time></wpt>
<wpt lat="46.192716" lon="6.723721"><ele>1597</ele><time>2027-01-17T10:22:41Z</time></wpt>
<wpt lat="46.192755" lon="6.723814"><ele>1597</ele><time>2027-01-17T10:22:43Z</time></wpt>
<wpt lat="46.192794" lon="6.723908"><ele>1597</ele><time>2027-01-17T10:22:45Z</time></wpt>
<wpt lat="46.192833" lon="6.724001"><ele>1597</ele><time>2027-01-17T10:22:47Z</time></wpt>
<wpt lat="46.192872" lon="6.724095"><ele>1597</ele><time>2027-01-17T10:22:49Z</time></wpt>
<wpt lat="46.192911" lon="6.724188"><ele>1597</ele><time>2027-01-17T10:22:52Z</time></wpt>
<wpt lat="46.192949" lon="6.724282"><ele>1597</ele><time>2027-01-17T10:22:54Z</time></wpt>
<wpt lat="46.192988" lon="6.724375"><ele>1597</ele><time>2027-01-17T10:22:56Z</time></wpt>
<wpt lat="46.193027" lon="6.724469"><ele>1597</ele><time>2027-01-17T10:22:58Z</time></wpt>
<wpt lat="46.193066" lon="6.724562"><ele>1597</ele><time>2027-01-17T10:23:00Z</time></wpt>
<wpt lat="46.193105" lon="6.724656"><ele>1597</ele><time>2027-01-17T10:23:02Z</time></wpt>
<wpt lat="46.193144" lon="6.724749"><ele>1597</ele><time>2027-01-17T10:23:04Z</time></wpt>
<wpt lat="46.193182" lon="6.724843"><ele>1597</ele><time>2027-01-17T10:23:06Z</time></wpt>
<wpt lat="46.193221" lon="6.724936"><ele>1597</ele><time>2027-01-17T10:23:08Z</time></wpt>
<wpt lat="46.193260" lon="6.725030"><ele>1626</ele><time>2027-01-17T10:23:10Z</time></wpt>
<wpt lat="46.193299" lon="6.725122"><ele>1626</ele><time>2027-01-17T10:23:12Z</time></wpt>
<wpt lat="46.193338" lon="6.725214"><ele>1626</ele><time>2027-01-17T10:23:15Z</time></wpt>
<wpt lat="46.193377" lon="6.725306"><ele>1626</ele><time>2027-01-17T10:23:17Z</time></wpt>
<wpt lat="46.193416" lon="6.725398"><ele>1626</ele><time>2027-01-17T10:23:19Z</time></wpt>
<wpt lat="46.193455" lon="6.725490"><ele>1626</ele><time>2027-01-17T10:23:21Z</time></wpt>
<wpt lat="46.193494" lon="6.725582"><ele>1626</ele><time>2027-01-17T10:23:23Z</time></wpt>
<wpt lat="46.193533" lon="6.725674"><ele>1626</ele><time>2027-01-17T10:23:25Z</time></wpt>
<wpt lat="46.193572" lon="6.725766"><ele>1626</ele><time>2027-01-17T10:23:27Z</time></wpt>
<wpt lat="46.193611" lon="6.725858"><ele>1626</ele><time>2027-01-17T10:23:29Z</time></wpt>
<wpt lat="46.193650" lon="6.725950"><ele>1626</ele><time>2027-01-17T10:23:31Z</time></wpt>
<wpt lat="46.193689" lon="6.726042"><ele>1626</ele><time>2027-01-17T10:23:33Z</time></wpt>
<wpt lat="46.193728" lon="6.726134"><ele>1626</ele><time>2027-01-17T10:23:35Z</time></wpt>
<wpt lat="46.193767" lon="6.726226"><ele>1626</ele><time>2027-01-17T10:23:37Z</time></wpt>
<wpt lat="46.193806" lon="6.726318"><ele>1626</ele><time>2027-01-17T10:23:39Z</time></wpt>
<wpt lat="46.193845" lon="6.726410"><ele>1626</ele><time>2027-01-17T10:23:42Z</time></wpt>
<wpt lat="46.193884" lon="6.726502"><ele>1626</ele><time>2027-01-17T10:23:44Z</time></wpt>
<wpt lat="46.193923" lon="6.726594"><ele>1626</ele><time>2027-01-17T10:23:46Z</time></wpt>
<wpt lat="46.193962" lon="6.726686"><ele>1626</ele><time>2027-01-17T10:23:48Z</time></wpt>
<wpt lat="46.194001" lon="6.726778"><ele>1626</ele><time>2027-01-17T10:23:50Z</time></wpt>
<wpt lat="46.194040" lon="6.726870"><ele>1649</ele><time>2027-01-17T10:23:52Z</time></wpt>
<wpt lat="46.194079" lon="6.726962"><ele>1649</ele><time>2027-01-17T10:23:54Z</time></wpt>
<wpt lat="46.194117" lon="6.727055"><ele>1649</ele><time>2027-01-17T10:23:56Z</time></wpt>
<wpt lat="46.194156" lon="6.727147"><ele>1649</ele><time>2027-01-17T10:23:58Z</time></wpt>
<wpt lat="46.194194" lon="6.727240"><ele>1649</ele><time>2027-01-17T10:24:00Z</time></wpt>
<wpt lat="46.194233" lon="6.727332"><ele>1649</ele><time>2027-01-17T10:24:02Z</time></wpt>
<wpt lat="46.194271" lon="6.727424"><ele>1649</ele><time>2027-01-17T10:24:04Z</time></wpt>
<wpt lat="46.194310" lon="6.727517"><ele>1649</ele><time>2027-01-17T10:24:06Z</time></wpt>
<wpt lat="46.194349" lon="6.727609"><ele>1649</ele><time>2027-01-17T10:24:09Z</time></wpt>
<wpt lat="46.194387" lon="6.727701"><ele>1649</ele><time>2027-01-17T10:24:11Z</time></wpt>
<wpt lat="46.194426" lon="6.727794"><ele>1649</ele><time>2027-01-17T10:24:13Z</time></wpt>
<wpt lat="46.194464" lon="6.727886"><ele>1649</ele><time>2027-01-17T10:24:15Z</time></wpt>
<wpt lat="46.194503" lon="6.727979"><ele>1649</ele><time>2027-01-17T10:24:17Z</time></wpt>
<wpt lat="46.194541" lon="6.728071"><ele>1649</ele><time>2027-01-17T10:24:19Z</time></wpt>
<wpt lat="46.194580" lon="6.728163"><ele>1649</ele><time>2027-01-17T10:24:21Z</time></wpt>
<wpt lat="46.194619" lon="6.728256"><ele>1649</ele><time>2027-01-17T10:24:23Z</time></wpt>
<wpt lat="46.194657" lon="6.728348"><ele>1649</ele><time>2027-01-17T10:24:25Z</time></wpt>
<wpt lat="46.194696" lon="6.728440"><ele>1649</ele><time>2027-01-17T10:24:27Z</time></wpt>
<wpt lat="46.194734" lon="6.728533"><ele>1649</ele><time>2027-01-17T10:24:29Z</time></wpt>
<wpt lat="46.194773" lon="6.728625"><ele>1649</ele><time>2027-01-17T10:24:31Z</time></wpt>
<wpt lat="46.194811" lon="6.728718"><ele>1649</ele><time>2027-01-17T10:24:33Z</time></wpt>
<wpt lat="46.194850" lon="6.728810"><ele>1682</ele><time>2027-01-17T10:24:36Z</time></wpt>
<wpt lat="46.194888" lon="6.728899"><ele>1682</ele><time>2027-01-17T10:24:38Z</time></wpt>
<wpt lat="46.194926" lon="6.728988"><ele>1682</ele><time>2027-01-17T10:24:40Z</time></wpt>
<wpt lat="46.194963" lon="6.729077"><ele>1682</ele><time>2027-01-17T10:24:42Z</time></wpt>
<wpt lat="46.195001" lon="6.729166"><ele>1682</ele><time>2027-01-17T10:24:44Z</time></wpt>
<wpt lat="46.195039" lon="6.729254"><ele>1682</ele><time>2027-01-17T10:24:46Z</time></wpt>
<wpt lat="46.195077" lon="6.729343"><ele>1682</ele><time>2027-01-17T10:24:48Z</time></wpt>
<wpt lat="46.195114" lon="6.729432"><ele>1682</ele><time>2027-01-17T10:24:50Z</time></wpt>
<wpt lat="46.195152" lon="6.729521"><ele>1682</ele><time>2027-01-17T10:24:52Z</time></wpt>
<wpt lat="46.195190" lon="6.729610"><ele>1682</ele><time>2027-01-17T10:24:54Z</time></wpt>
<wpt lat="46.195228" lon="6.729699"><ele>1682</ele><time>2027-01-17T10:24:56Z</time></wpt>
<wpt lat="46.195266" lon="6.729788"><ele>1682</ele><time>2027-01-17T10:24:58Z</time></wpt>
<wpt lat="46.195303" lon="6.729877"><ele>1682</ele><time>2027-01-17T10:25:00Z</time></wpt>
<wpt lat="46.195341" lon="6.729966"><ele>1682</ele><time>2027-01-17T10:25:02Z</time></wpt>
<wpt lat="46.195379" lon="6.730054"><ele>1682</ele><time>2027-01-17T10:25:04Z</time></wpt>
<wpt lat="46.195417" lon="6.730143"><ele>1682</ele><time>2027-01-17T10:25:06Z</time></wpt>
<wpt lat="46.195454" lon="6.730232"><ele>1682</ele><time>2027-01-17T10:25:08Z</time></wpt>
<wpt lat="46.195492" lon="6.730321"><ele>1682</ele><time>2027-01-17T10:25:10Z</time></wpt>
<wpt lat="46.195530" lon="6.730410"><ele>1713</ele><time>2027-01-17T10:25:12Z</time></wpt>
<wpt lat="46.195568" lon="6.730502"><ele>1713</ele><time>2027-01-17T10:25:14Z</time></wpt>
<wpt lat="46.195606" lon="6.730594"><ele>1713</ele><time>2027-01-17T10:25:16Z</time></wpt>
<wpt lat="46.195644" lon="6.730686"><ele>1713</ele><time>2027-01-17T10:25:18Z</time></wpt>
<wpt lat="46.195682" lon="6.730778"><ele>1713</ele><time>2027-01-17T10:25:20Z</time></wpt>
<wpt lat="46.195720" lon="6.730870"><ele>1713</ele><time>2027-01-17T10:25:22Z</time></wpt>
<wpt lat="46.195758" lon="6.730962"><ele>1713</ele><time>2027-01-17T10:25:24Z</time></wpt>
<wpt lat="46.195796" lon="6.731054"><ele>1713</ele><time>2027-01-17T10:25:26Z</time></wpt>
<wpt lat="46.195834" lon="6.731146"><ele>1713</ele><time>2027-01-17T10:25:28Z</time></wpt>
<wpt lat="46.195872" lon="6.731238"><ele>1713</ele><time>2027-01-17T10:25:30Z</time></wpt>
<wpt lat="46.195910" lon="6.731330"><ele>1713</ele><time>2027-01-17T10:25:32Z</time></wpt>
<wpt lat="46.195948" lon="6.731422"><ele>1713</ele><time>2027-01-17T10:25:34Z</time></wpt>
<wpt lat="46.195986" lon="6.731514"><ele>1713</ele><time>2027-01-17T10:25:36Z</time></wpt>
<wpt lat="46.196024" lon="6.731606"><ele>1713</ele><time>2027-01-17T10:25:38Z</time></wpt>
<wpt lat="46.196062" lon="6.731698"><ele>1713</ele><time>2027-01-17T10:25:40Z</time></wpt>
<wpt lat="46.196100" lon="6.731790"><ele>1738</ele><time>2027-01-17T10:25:43Z</time></wpt>
<wpt lat="46.196150" lon="6.731905"><ele>1738</ele><time>2027-01-17T10:25:45Z</time></wpt>
<wpt lat="46.196200" lon="6.732020"><ele>1741</ele><time>2027-01-17T10:25:48Z</time></wpt>
<wpt lat="46.196330" lon="6.732480"><ele>1744</ele><time>2027-01-17T10:25:52Z</time></wpt>
<wpt lat="46.196330" lon="6.732540"><ele>1744</ele><time>2027-01-17T10:25:52Z</time></wpt>
<wpt lat="46.196320" lon="6.732590"><ele>1744</ele><time>2027-01-17T10:25:52Z</time></wpt>
<wpt lat="46.196310" lon="6.732640"><ele>1744</ele><time>2027-01-17T10:25:53Z</time></wpt>
<wpt lat="46.196290" lon="6.732690"><ele>1744</ele><time>2027-01-17T10:25:53Z</time></wpt>
<wpt lat="46.196280" lon="6.732750"><ele>1744</ele><time>2027-01-17T10:25:54Z</time></wpt>
<wpt lat="46.196260" lon="6.732810"><ele>1744</ele><time>2027-01-17T10:25:54Z</time></wpt>
<wpt lat="46.196220" lon="6.732910"><ele>1743</ele><time>2027-01-17T10:25:55Z</time></wpt>
<wpt lat="46.196130" lon="6.733160"><ele>1742</ele><time>2027-01-17T10:25:57Z</time></wpt>
<wpt lat="46.196110" lon="6.733240"><ele>1742</ele><time>2027-01-17T10:25:58Z</time></wpt>
<wpt lat="46.196090" lon="6.733320"><ele>1741</ele><time>2027-01-17T10:25:59Z</time></wpt>
<wpt lat="46.196070" lon="6.733380"><ele>1741</ele><time>2027-01-17T10:25:59Z</time></wpt>
<wpt lat="46.196060" lon="6.733460"><ele>1741</ele><time>2027-01-17T10:26:00Z</time></wpt>
<wpt lat="46.196050" lon="6.733550"><ele>1740</ele><time>2027-01-17T10:26:00Z</time></wpt>
<wpt lat="46.196030" lon="6.733770"><ele>1740</ele><time>2027-01-17T10:26:02Z</time></wpt>
<wpt lat="46.196020" lon="6.733850"><ele>1739</ele><time>2027-01-17T10:26:03Z</time></wpt>
<wpt lat="46.196020" lon="6.733920"><ele>1739</ele><time>2027-01-17T10:26:03Z</time></wpt>
<wpt lat="46.196020" lon="6.733990"><ele>1739</ele><time>2027-01-17T10:26:04Z</time></wpt>
<wpt lat="46.196020" lon="6.734110"><ele>1738</ele><time>2027-01-17T10:26:05Z</time></wpt>
<wpt lat="46.196000" lon="6.734240"><ele>1737</ele><time>2027-01-17T10:26:06Z</time></wpt>
<wpt lat="46.195820" lon="6.734010"><ele>1737</ele><time>2027-01-17T10:26:09Z</time></wpt>
<wpt lat="46.195640" lon="6.733780"><ele>1732</ele><time>2027-01-17T10:26:11Z</time></wpt>
<wpt lat="46.195505" lon="6.733605"><ele>1732</ele><time>2027-01-17T10:26:13Z</time></wpt>
<wpt lat="46.195370" lon="6.733430"><ele>1723</ele><time>2027-01-17T10:26:15Z</time></wpt>
<wpt lat="46.195250" lon="6.733260"><ele>1719</ele><time>2027-01-17T10:26:17Z</time></wpt>
<wpt lat="46.195200" lon="6.733160"><ele>1717</ele><time>2027-01-17T10:26:18Z</time></wpt>
<wpt lat="46.195150" lon="6.733020"><ele>1715</ele><time>2027-01-17T10:26:19Z</time></wpt>
<wpt lat="46.195040" lon="6.732600"><ele>1711</ele><time>2027-01-17T10:26:23Z</time></wpt>
<wpt lat="46.194970" lon="6.732305"><ele>1711</ele><time>2027-01-17T10:26:25Z</time></wpt>
<wpt lat="46.194900" lon="6.732010"><ele>1705</ele><time>2027-01-17T10:26:28Z</time></wpt>
<wpt lat="46.194820" lon="6.731700"><ele>1703</ele><time>2027-01-17T10:26:30Z</time></wpt>
<wpt lat="46.194680" lon="6.731290"><ele>1698</ele><time>2027-01-17T10:26:34Z</time></wpt>
<wpt lat="46.194580" lon="6.731040"><ele>1698</ele><time>2027-01-17T10:26:36Z</time></wpt>
<wpt lat="46.194480" lon="6.730790"><ele>1698</ele><time>2027-01-17T10:26:38Z</time></wpt>
<wpt lat="46.194380" lon="6.730540"><ele>1689</ele><time>2027-01-17T10:26:40Z</time></wpt>
<wpt lat="46.194305" lon="6.730275"><ele>1689</ele><time>2027-01-17T10:26:42Z</time></wpt>
<wpt lat="46.194230" lon="6.730010"><ele>1689</ele><time>2027-01-17T10:26:45Z</time></wpt>
<wpt lat="46.194155" lon="6.729745"><ele>1689</ele><time>2027-01-17T10:26:47Z</time></wpt>
<wpt lat="46.194080" lon="6.729480"><ele>1674</ele><time>2027-01-17T10:26:49Z</time></wpt>
<wpt lat="46.194013" lon="6.729227"><ele>1674</ele><time>2027-01-17T10:26:51Z</time></wpt>
<wpt lat="46.193947" lon="6.728973"><ele>1674</ele><time>2027-01-17T10:26:53Z</time></wpt>
<wpt lat="46.193880" lon="6.728720"><ele>1664</ele><time>2027-01-17T10:26:55Z</time></wpt>
<wpt lat="46.193855" lon="6.728463"><ele>1664</ele><time>2027-01-17T10:26:57Z</time></wpt>
<wpt lat="46.193830" lon="6.728205"><ele>1664</ele><time>2027-01-17T10:26:59Z</time></wpt>
<wpt lat="46.193805" lon="6.727947"><ele>1664</ele><time>2027-01-17T10:27:01Z</time></wpt>
<wpt lat="46.193780" lon="6.727690"><ele>1654</ele><time>2027-01-17T10:27:03Z</time></wpt>
<wpt lat="46.193774" lon="6.727412"><ele>1654</ele><time>2027-01-17T10:27:05Z</time></wpt>
<wpt lat="46.193768" lon="6.727134"><ele>1654</ele><time>2027-01-17T10:27:08Z</time></wpt>
<wpt lat="46.193762" lon="6.726856"><ele>1654</ele><time>2027-01-17T10:27:10Z</time></wpt>
<wpt lat="46.193756" lon="6.726578"><ele>1654</ele><time>2027-01-17T10:27:12Z</time></wpt>
<wpt lat="46.193750" lon="6.726300"><ele>1640</ele><time>2027-01-17T10:27:14Z</time></wpt>
<wpt lat="46.193710" lon="6.725970"><ele>1637</ele><time>2027-01-17T10:27:17Z</time></wpt>
<wpt lat="46.193650" lon="6.725670"><ele>1635</ele><time>2027-01-17T10:27:19Z</time></wpt>
<wpt lat="46.193560" lon="6.725290"><ele>1631</ele><time>2027-01-17T10:27:22Z</time></wpt>
<wpt lat="46.193455" lon="6.724975"><ele>1631</ele><time>2027-01-17T10:27:25Z</time></wpt>
<wpt lat="46.193350" lon="6.724660"><ele>1624</ele><time>2027-01-17T10:27:27Z</time></wpt>
<wpt lat="46.193235" lon="6.724390"><ele>1624</ele><time>2027-01-17T10:27:30Z</time></wpt>
<wpt lat="46.193120" lon="6.724120"><ele>1615</ele><time>2027-01-17T10:27:32Z</time></wpt>
<wpt lat="46.192920" lon="6.723710"><ele>1607</ele><time>2027-01-17T10:27:36Z</time></wpt>
<wpt lat="46.192850" lon="6.723550"><ele>1603</ele><time>2027-01-17T10:27:38Z</time></wpt>
<wpt lat="46.192800" lon="6.723370"><ele>1600</ele><time>2027-01-17T10:27:39Z</time></wpt>
<wpt lat="46.192630" lon="6.723207"><ele>1600</ele><time>2027-01-17T10:27:41Z</time></wpt>
<wpt lat="46.192460" lon="6.723043"><ele>1600</ele><time>2027-01-17T10:27:44Z</time></wpt>
<wpt lat="46.192290" lon="6.722880"><ele>1581</ele><time>2027-01-17T10:27:46Z</time></wpt>
<wpt lat="46.192127" lon="6.722763"><ele>1581</ele><time>2027-01-17T10:27:48Z</time></wpt>
<wpt lat="46.191963" lon="6.722647"><ele>1581</ele><time>2027-01-17T10:27:50Z</time></wpt>
<wpt lat="46.191800" lon="6.722530"><ele>1562</ele><time>2027-01-17T10:27:52Z</time></wpt>
<wpt lat="46.191610" lon="6.722380"><ele>1554</ele><time>2027-01-17T10:27:54Z</time></wpt>
<wpt lat="46.191530" lon="6.722070"><ele>1545</ele><time>2027-01-17T10:27:57Z</time></wpt>
<wpt lat="46.191465" lon="6.721695"><ele>1545</ele><time>2027-01-17T10:28:00Z</time></wpt>
<wpt lat="46.191400" lon="6.721320"><ele>1526</ele><time>2027-01-17T10:28:03Z</time></wpt>
<wpt lat="46.191310" lon="6.721023"><ele>1526</ele><time>2027-01-17T10:28:05Z</time></wpt>
<wpt lat="46.191220" lon="6.720725"><ele>1526</ele><time>2027-01-17T10:28:08Z</time></wpt>
<wpt lat="46.191130" lon="6.720428"><ele>1526</ele><time>2027-01-17T10:28:10Z</time></wpt>
<wpt lat="46.191040" lon="6.720130"><ele>1495</ele><time>2027-01-17T10:28:13Z</time></wpt>
<wpt lat="46.190923" lon="6.719880"><ele>1495</ele><time>2027-01-17T10:28:15Z</time></wpt>
<wpt lat="46.190807" lon="6.719630"><ele>1495</ele><time>2027-01-17T10:28:18Z</time></wpt>
<wpt lat="46.190690" lon="6.719380"><ele>1476</ele><time>2027-01-17T10:28:20Z</time></wpt>
<wpt lat="46.190600" lon="6.719120"><ele>1471</ele><time>2027-01-17T10:28:22Z</time></wpt>
<wpt lat="46.190590" lon="6.719070"><ele>1470</ele><time>2027-01-17T10:28:23Z</time></wpt>
<wpt lat="46.190590" lon="6.719000"><ele>1469</ele><time>2027-01-17T10:28:23Z</time></wpt>
<wpt lat="46.190600" lon="6.718940"><ele>1468</ele><time>2027-01-17T10:28:24Z</time></wpt>
<wpt lat="46.190730" lon="6.718720"><ele>1466</ele><time>2027-01-17T10:28:26Z</time></wpt>
<wpt lat="46.190970" lon="6.718350"><ele>1464</ele><time>2027-01-17T10:28:30Z</time></wpt>
<wpt lat="46.191020" lon="6.718260"><ele>1463</ele><time>2027-01-17T10:28:31Z</time></wpt>
<wpt lat="46.191060" lon="6.718170"><ele>1462</ele><time>2027-01-17T10:28:31Z</time></wpt>
<wpt lat="46.191060" lon="6.718170"><ele>1462</ele><time>2027-01-17T10:28:31Z</time></wpt>
<wpt lat="46.191010" lon="6.718080"><ele>1460</ele><time>2027-01-17T10:28:32Z</time></wpt>
<wpt lat="46.190970" lon="6.718020"><ele>1459</ele><time>2027-01-17T10:28:33Z</time></wpt>
<wpt lat="46.190910" lon="6.717970"><ele>1457</ele><time>2027-01-17T10:28:34Z</time></wpt>
<wpt lat="46.190830" lon="6.717950"><ele>1456</ele><time>2027-01-17T10:28:35Z</time></wpt>
<wpt lat="46.190710" lon="6.717960"><ele>1454</ele><time>2027-01-17T10:28:36Z</time></wpt>
<wpt lat="46.190610" lon="6.717970"><ele>1453</ele><time>2027-01-17T10:28:37Z</time></wpt>
<wpt lat="46.190540" lon="6.717950"><ele>1452</ele><time>2027-01-17T10:28:38Z</time></wpt>
<wpt lat="46.190500" lon="6.717910"><ele>1451</ele><time>2027-01-17T10:28:38Z</time></wpt>
<wpt lat="46.190410" lon="6.717830"><ele>1449</ele><time>2027-01-17T10:28:40Z</time></wpt>
<wpt lat="46.190360" lon="6.717790"><ele>1447</ele><time>2027-01-17T10:28:40Z</time></wpt>
<wpt lat="46.190310" lon="6.717760"><ele>1446</ele><time>2027-01-17T10:28:41Z</time></wpt>
<wpt lat="46.190270" lon="6.717750"><ele>1445</ele><time>2027-01-17T10:28:41Z</time></wpt>
<wpt lat="46.190250" lon="6.717750"><ele>1445</ele><time>2027-01-17T10:28:41Z</time></wpt>
<wpt lat="46.190240" lon="6.717780"><ele>1445</ele><time>2027-01-17T10:28:42Z</time></wpt>
<wpt lat="46.190240" lon="6.717820"><ele>1446</ele><time>2027-01-17T10:28:42Z</time></wpt>
<wpt lat="46.190380" lon="6.718160"><ele>1453</ele><time>2027-01-17T10:28:45Z</time></wpt>
<wpt lat="46.190380" lon="6.718160"><ele>1453</ele><time>2027-01-17T10:29:45Z</time></wpt>
<wpt lat="46.190430" lon="6.718285"><ele>1453</ele><time>2027-01-17T10:29:48Z</time></wpt>
<wpt lat="46.190480" lon="6.718410"><ele>1458</ele><time>2027-01-17T10:29:51Z</time></wpt>
<wpt lat="46.190523" lon="6.718513"><ele>1458</ele><time>2027-01-17T10:29:53Z</time></wpt>
<wpt lat="46.190567" lon="6.718617"><ele>1458</ele><time>2027-01-17T10:29:55Z</time></wpt>
<wpt lat="46.190610" lon="6.718720"><ele>1458</ele><time>2027-01-17T10:29:58Z</time></wpt>
<wpt lat="46.190653" lon="6.718823"><ele>1458</ele><time>2027-01-17T10:30:00Z</time></wpt>
<wpt lat="46.190697" lon="6.718927"><ele>1458</ele><time>2027-01-17T10:30:02Z</time></wpt>
<wpt lat="46.190740" lon="6.719030"><ele>1471</ele><time>2027-01-17T10:30:05Z</time></wpt>
<wpt lat="46.190778" lon="6.719120"><ele>1471</ele><time>2027-01-17T10:30:07Z</time></wpt>
<wpt lat="46.190816" lon="6.719210"><ele>1471</ele><time>2027-01-17T10:30:09Z</time></wpt>
<wpt lat="46.190854" lon="6.719300"><ele>1471</ele><time>2027-01-17T10:30:11Z</time></wpt>
<wpt lat="46.190892" lon="6.719390"><ele>1471</ele><time>2027-01-17T10:30:13Z</time></wpt>
<wpt lat="46.190930" lon="6.719480"><ele>1471</ele><time>2027-01-17T10:30:15Z</time></wpt>
<wpt lat="46.190968" lon="6.719570"><ele>1471</ele><time>2027-01-17T10:30:17Z</time></wpt>
<wpt lat="46.191006" lon="6.719660"><ele>1471</ele><time>2027-01-17T10:30:19Z</time></wpt>
<wpt lat="46.191044" lon="6.719750"><ele>1471</ele><time>2027-01-17T10:30:21Z</time></wpt>
<wpt lat="46.191082" lon="6.719840"><ele>1471</ele><time>2027-01-17T10:30:23Z</time></wpt>
<wpt lat="46.191120" lon="6.719930"><ele>1471</ele><time>2027-01-17T10:30:25Z</time></wpt>
<wpt lat="46.191158" lon="6.720020"><ele>1471</ele><time>2027-01-17T10:30:27Z</time></wpt>
<wpt lat="46.191196" lon="6.720110"><ele>1471</ele><time>2027-01-17T10:30:29Z</time></wpt>
<wpt lat="46.191234" lon="6.720200"><ele>1471</ele><time>2027-01-17T10:30:31Z</time></wpt>
<wpt lat="46.191272" lon="6.720290"><ele>1471</ele><time>2027-01-17T10:30:33Z</time></wpt>
<wpt lat="46.191310" lon="6.720380"><ele>1505</ele><time>2027-01-17T10:30:35Z</time></wpt>
<wpt lat="46.191353" lon="6.720483"><ele>1505</ele><time>2027-01-17T10:30:37Z</time></wpt>
<wpt lat="46.191397" lon="6.720587"><ele>1505</ele><time>2027-01-17T10:30:40Z</time></wpt>
<wpt lat="46.191440" lon="6.720690"><ele>1505</ele><time>2027-01-17T10:30:42Z</time></wpt>
<wpt lat="46.191483" lon="6.720793"><ele>1505</ele><time>2027-01-17T10:30:44Z</time></wpt>
<wpt lat="46.191527" lon="6.720897"><ele>1505</ele><time>2027-01-17T10:30:47Z</time></wpt>
<wpt lat="46.191570" lon="6.721000"><ele>1523</ele><time>2027-01-17T10:30:49Z</time></wpt>
<wpt lat="46.191610" lon="6.721094"><ele>1523</ele><time>2027-01-17T10:30:51Z</time></wpt>
<wpt lat="46.191650" lon="6.721188"><ele>1523</ele><time>2027-01-17T10:30:53Z</time></wpt>
<wpt lat="46.191690" lon="6.721283"><ele>1523</ele><time>2027-01-17T10:30:55Z</time></wpt>
<wpt lat="46.191730" lon="6.721377"><ele>1523</ele><time>2027-01-17T10:30:57Z</time></wpt>
<wpt lat="46.191770" lon="6.721471"><ele>1523</ele><time>2027-01-17T10:31:00Z</time></wpt>
<wpt lat="46.191810" lon="6.721565"><ele>1523</ele><time>2027-01-17T10:31:02Z</time></wpt>
<wpt lat="46.191850" lon="6.721659"><ele>1523</ele><time>2027-01-17T10:31:04Z</time></wpt>
<wpt lat="46.191890" lon="6.721753"><ele>1523</ele><time>2027-01-17T10:31:06Z</time></wpt>
<wpt lat="46.191930" lon="6.721847"><ele>1523</ele><time>2027-01-17T10:31:08Z</time></wpt>
<wpt lat="46.191970" lon="6.721942"><ele>1523</ele><time>2027-01-17T10:31:10Z</time></wpt>
<wpt lat="46.192010" lon="6.722036"><ele>1523</ele><time>2027-01-17T10:31:12Z</time></wpt>
<wpt lat="46.192050" lon="6.722130"><ele>1559</ele><time>2027-01-17T10:31:14Z</time></wpt>
<wpt lat="46.192089" lon="6.722224"><ele>1559</ele><time>2027-01-17T10:31:17Z</time></wpt>
<wpt lat="46.192129" lon="6.722317"><ele>1559</ele><time>2027-01-17T10:31:19Z</time></wpt>
<wpt lat="46.192168" lon="6.722411"><ele>1559</ele><time>2027-01-17T10:31:21Z</time></wpt>
<wpt lat="46.192207" lon="6.722504"><ele>1559</ele><time>2027-01-17T10:31:23Z</time></wpt>
<wpt lat="46.192246" lon="6.722598"><ele>1559</ele><time>2027-01-17T10:31:25Z</time></wpt>
<wpt lat="46.192286" lon="6.722691"><ele>1559</ele><time>2027-01-17T10:31:27Z</time></wpt>
<wpt lat="46.192325" lon="6.722785"><ele>1559</ele><time>2027-01-17T10:31:29Z</time></wpt>
<wpt lat="46.192364" lon="6.722879"><ele>1559</ele><time>2027-01-17T10:31:31Z</time></wpt>
<wpt lat="46.192404" lon="6.722972"><ele>1559</ele><time>2027-01-17T10:31:33Z</time></wpt>
<wpt lat="46.192443" lon="6.723066"><ele>1559</ele><time>2027-01-17T10:31:36Z</time></wpt>
<wpt lat="46.192482" lon="6.723159"><ele>1559</ele><time>2027-01-17T10:31:38Z</time></wpt>
<wpt lat="46.192521" lon="6.723253"><ele>1559</ele><time>2027-01-17T10:31:40Z</time></wpt>
<wpt lat="46.192561" lon="6.723346"><ele>1559</ele><time>2027-01-17T10:31:42Z</time></wpt>
<wpt lat="46.192600" lon="6.723440"><ele>1597</ele><time>2027-01-17T10:31:44Z</time></wpt>
<wpt lat="46.192639" lon="6.723534"><ele>1597</ele><time>2027-01-17T10:31:46Z</time></wpt>
<wpt lat="46.192678" lon="6.723627"><ele>1597</ele><time>2027-01-17T10:31:48Z</time></wpt>
<wpt lat="46.192716" lon="6.723721"><ele>1597</ele><time>2027-01-17T10:31:50Z</time></wpt>
<wpt lat="46.192755" lon="6.723814"><ele>1597</ele><time>2027-01-17T10:31:52Z</time></wpt>
<wpt lat="46.192794" lon="6.723908"><ele>1597</ele><time>2027-01-17T10:31:54Z</time></wpt>
<wpt lat="46.192833" lon="6.724001"><ele>1597</ele><time>2027-01-17T10:31:57Z</time></wpt>
<wpt lat="46.192872" lon="6.724095"><ele>1597</ele><time>2027-01-17T10:31:59Z</time></wpt>
<wpt lat="46.192911" lon="6.724188"><ele>1597</ele><time>2027-01-17T10:32:01Z</time></wpt>
<wpt lat="46.192949" lon="6.724282"><ele>1597</ele><time>2027-01-17T10:32:03Z</time></wpt>
<wpt lat="46.192988" lon="6.724375"><ele>1597</ele><time>2027-01-17T10:32:05Z</time></wpt>
<wpt lat="46.193027" lon="6.724469"><ele>1597</ele><time>2027-01-17T10:32:07Z</time></wpt>
<wpt lat="46.193066" lon="6.724562"><ele>1597</ele><time>2027-01-17T10:32:09Z</time></wpt>
<wpt lat="46.193105" lon="6.724656"><ele>1597</ele><time>2027-01-17T10:32:11Z</time></wpt>
<wpt lat="46.193144" lon="6.724749"><ele>1597</ele><time>2027-01-17T10:32:13Z</time></wpt>
<wpt lat="46.193182" lon="6.724843"><ele>1597</ele><time>2027-01-17T10:32:15Z</time></wpt>
<wpt lat="46.193221" lon="6.724936"><ele>1597</ele><time>2027-01-17T10:32:18Z</time></wpt>
<wpt lat="46.193260" lon="6.725030"><ele>1626</ele><time>2027-01-17T10:32:20Z</time></wpt>
<wpt lat="46.193299" lon="6.725122"><ele>1626</ele><time>2027-01-17T10:32:22Z</time></wpt>
<wpt lat="46.193338" lon="6.725214"><ele>1626</ele><time>2027-01-17T10:32:24Z</time></wpt>
<wpt lat="46.193377" lon="6.725306"><ele>1626</ele><time>2027-01-17T10:32:26Z</time></wpt>
<wpt lat="46.193416" lon="6.725398"><ele>1626</ele><time>2027-01-17T10:32:28Z</time></wpt>
<wpt lat="46.193455" lon="6.725490"><ele>1626</ele><time>2027-01-17T10:32:30Z</time></wpt>
<wpt lat="46.193494" lon="6.725582"><ele>1626</ele><time>2027-01-17T10:32:32Z</time></wpt>
<wpt lat="46.193533" lon="6.725674"><ele>1626</ele><time>2027-01-17T10:32:34Z</time></wpt>
<wpt lat="46.193572" lon="6.725766"><ele>1626</ele><time>2027-01-17T10:32:36Z</time></wpt>
<wpt lat="46.193611" lon="6.725858"><ele>1626</ele><time>2027-01-17T10:32:38Z</time></wpt>
<wpt lat="46.193650" lon="6.725950"><ele>1626</ele><time>2027-01-17T10:32:40Z</time></wpt>
<wpt lat="46.193689" lon="6.726042"><ele>1626</ele><time>2027-01-17T10:32:42Z</time></wpt>
<wpt lat="46.193728" lon="6.726134"><ele>1626</ele><time>2027-01-17T10:32:45Z</time></wpt>
<wpt lat="46.193767" lon="6.726226"><ele>1626</ele><time>2027-01-17T10:32:47Z</time></wpt>
<wpt lat="46.193806" lon="6.726318"><ele>1626</ele><time>2027-01-17T10:32:49Z</time></wpt>
<wpt lat="46.193845" lon="6.726410"><ele>1626</ele><time>2027-01-17T10:32:51Z</time></wpt>
<wpt lat="46.193884" lon="6.726502"><ele>1626</ele><time>2027-01-17T10:32:53Z</time></wpt>
<wpt lat="46.193923" lon="6.726594"><ele>1626</ele><time>2027-01-17T10:32:55Z</time></wpt>
<wpt lat="46.193962" lon="6.726686"><ele>1626</ele><time>2027-01-17T10:32:57Z</time></wpt>
<wpt lat="46.194001" lon="6.726778"><ele>1626</ele><time>2027-01-17T10:32:59Z</time></wpt>
<wpt lat="46.194040" lon="6.726870"><ele>1649</ele><time>2027-01-17T10:33:01Z</time></wpt>
<wpt lat="46.194079" lon="6.726962"><ele>1649</ele><time>2027-01-17T10:33:03Z</time></wpt>
<wpt lat="46.194117" lon="6.727055"><ele>1649</ele><time>2027-01-17T10:33:05Z</time></wpt>
<wpt lat="46.194156" lon="6.727147"><ele>1649</ele><time>2027-01-17T10:33:07Z</time></wpt>
<wpt lat="46.194194" lon="6.727240"><ele>1649</ele><time>2027-01-17T10:33:09Z</time></wpt>
<wpt lat="46.194233" lon="6.727332"><ele>1649</ele><time>2027-01-17T10:33:11Z</time></wpt>
<wpt lat="46.194271" lon="6.727424"><ele>1649</ele><time>2027-01-17T10:33:14Z</time></wpt>
<wpt lat="46.194310" lon="6.727517"><ele>1649</ele><time>2027-01-17T10:33:16Z</time></wpt>
<wpt lat="46.194349" lon="6.727609"><ele>1649</ele><time>2027-01-17T10:33:18Z</time></wpt>
<wpt lat="46.194387" lon="6.727701"><ele>1649</ele><time>2027-01-17T10:33:20Z</time></wpt>
<wpt lat="46.194426" lon="6.727794"><ele>1649</ele><time>2027-01-17T10:33:22Z</time></wpt>
<wpt lat="46.194464" lon="6.727886"><ele>1649</ele><time>2027-01-17T10:33:24Z</time></wpt>
<wpt lat="46.194503" lon="6.727979"><ele>1649</ele><time>2027-01-17T10:33:26Z</time></wpt>
<wpt lat="46.194541" lon="6.728071"><ele>1649</ele><time>2027-01-17T10:33:28Z</time></wpt>
<wpt lat="46.194580" lon="6.728163"><ele>1649</ele><time>2027-01-17T10:33:30Z</time></wpt>
<wpt lat="46.194619" lon="6.728256"><ele>1649</ele><time>2027-01-17T10:33:32Z</time></wpt>
<wpt lat="46.194657" lon="6.728348"><ele>1649</ele><time>2027-01-17T10:33:34Z</time></wpt>
<wpt lat="46.194696" lon="6.728440"><ele>1649</ele><time>2027-01-17T10:33:36Z</time></wpt>
<wpt lat="46.194734" lon="6.728533"><ele>1649</ele><time>2027-01-17T10:33:38Z</time></wpt>
<wpt lat="46.194773" lon="6.728625"><ele>1649</ele><time>2027-01-17T10:33:41Z</time></wpt>
<wpt lat="46.194811" lon="6.728718"><ele>1649</ele><time>2027-01-17T10:33:43Z</time></wpt>
<wpt lat="46.194850" lon="6.728810"><ele>1682</ele><time>2027-01-17T10:33:45Z</time></wpt>
<wpt lat="46.194888" lon="6.728899"><ele>1682</ele><time>2027-01-17T10:33:47Z</time></wpt>
<wpt lat="46.194926" lon="6.728988"><ele>1682</ele><time>2027-01-17T10:33:49Z</time></wpt>
<wpt lat="46.194963" lon="6.729077"><ele>1682</ele><time>2027-01-17T10:33:51Z</time></wpt>
<wpt lat="46.195001" lon="6.729166"><ele>1682</ele><time>2027-01-17T10:33:53Z</time></wpt>
<wpt lat="46.195039" lon="6.729254"><ele>1682</ele><time>2027-01-17T10:33:55Z</time></wpt>
<wpt lat="46.195077" lon="6.729343"><ele>1682</ele><time>2027-01-17T10:33:57Z</time></wpt>
<wpt lat="46.195114" lon="6.729432"><ele>1682</ele><time>2027-01-17T10:33:59Z</time></wpt>
<wpt lat="46.195152" lon="6.729521"><ele>1682</ele><time>2027-01-17T10:34:01Z</time></wpt>
<wpt lat="46.195190" lon="6.729610"><ele>1682</ele><time>2027-01-17T10:34:03Z</time></wpt>
<wpt lat="46.195228" lon="6.729699"><ele>1682</ele><time>2027-01-17T10:34:05Z</time></wpt>
<wpt lat="46.195266" lon="6.729788"><ele>1682</ele><time>2027-01-17T10:34:07Z</time></wpt>
<wpt lat="46.195303" lon="6.729877"><ele>1682</ele><time>2027-01-17T10:34:09Z</time></wpt>
<wpt lat="46.195341" lon="6.729966"><ele>1682</ele><time>2027-01-17T10:34:11Z</time></wpt>
<wpt lat="46.195379" lon="6.730054"><ele>1682</ele><time>2027-01-17T10:34:13Z</time></wpt>
<wpt lat="46.195417" lon="6.730143"><ele>1682</ele><time>2027-01-17T10:34:15Z</time></wpt>
<wpt lat="46.195454" lon="6.730232"><ele>1682</ele><time>2027-01-17T10:34:17Z</time></wpt>
<wpt lat="46.195492" lon="6.730321"><ele>1682</ele><time>2027-01-17T10:34:19Z</time></wpt>
<wpt lat="46.195530" lon="6.730410"><ele>1713</ele><time>2027-01-17T10:34:21Z</time></wpt>
<wpt lat="46.195568" lon="6.730502"><ele>1713</ele><time>2027-01-17T10:34:23Z</time></wpt>
<wpt lat="46.195606" lon="6.730594"><ele>1713</ele><time>2027-01-17T10:34:25Z</time></wpt>
<wpt lat="46.195644" lon="6.730686"><ele>1713</ele><time>2027-01-17T10:34:27Z</time></wpt>
<wpt lat="46.195682" lon="6.730778"><ele>1713</ele><time>2027-01-17T10:34:29Z</time></wpt>
<wpt lat="46.195720" lon="6.730870"><ele>1713</ele><time>2027-01-17T10:34:31Z</time></wpt>
<wpt lat="46.195758" lon="6.730962"><ele>1713</ele><time>2027-01-17T10:34:33Z</time></wpt>
<wpt lat="46.195796" lon="6.731054"><ele>1713</ele><time>2027-01-17T10:34:35Z</time></wpt>
<wpt lat="46.195834" lon="6.731146"><ele>1713</ele><time>2027-01-17T10:34:37Z</time></wpt>
<wpt lat="46.195872" lon="6.731238"><ele>1713</ele><time>2027-01-17T10:34:39Z</time></wpt>
<wpt lat="46.195910" lon="6.731330"><ele>1713</ele><time>2027-01-17T10:34:41Z</time></wpt>
<wpt lat="46.195948" lon="6.731422"><ele>1713</ele><time>2027-01-17T10:34:43Z</time></wpt>
<wpt lat="46.195986" lon="6.731514"><ele>1713</ele><time>2027-01-17T10:34:46Z</time></wpt>
<wpt lat="46.196024" lon="6.731606"><ele>1713</ele><time>2027-01-17T10:34:48Z</time></wpt>
<wpt lat="46.196062" lon="6.731698"><ele>1713</ele><time>2027-01-17T10:34:50Z</time></wpt>
<wpt lat="46.196100" lon="6.731790"><ele>1738</ele><time>2027-01-17T10:34:52Z</time></wpt>
<wpt lat="46.196150" lon="6.731905"><ele>1738</ele><time>2027-01-17T10:34:54Z</time></wpt>
<wpt lat="46.196200" lon="6.732020"><ele>1741</ele><time>2027-01-17T10:34:57Z</time></wpt>
<wpt lat="46.196310" lon="6.732300"><ele>1743</ele><time>2027-01-17T10:34:59Z</time></wpt>
<wpt lat="46.196320" lon="6.732310"><ele>1743</ele><time>2027-01-17T10:35:00Z</time></wpt>
<wpt lat="46.196330" lon="6.732310"><ele>1743</ele><time>2027-01-17T10:35:00Z</time></wpt>
<wpt lat="46.196340" lon="6.732290"><ele>1743</ele><time>2027-01-17T10:35:00Z</time></wpt>
<wpt lat="46.196360" lon="6.732230"><ele>1743</ele><time>2027-01-17T10:35:00Z</time></wpt>
<wpt lat="46.196390" lon="6.732160"><ele>1742</ele><time>2027-01-17T10:35:01Z</time></wpt>
<wpt lat="46.196400" lon="6.732060"><ele>1742</ele><time>2027-01-17T10:35:02Z</time></wpt>
<wpt lat="46.196390" lon="6.731970"><ele>1741</ele><time>2027-01-17T10:35:03Z</time></wpt>
<wpt lat="46.196380" lon="6.731900"><ele>1741</ele><time>2027-01-17T10:35:03Z</time></wpt>
<wpt lat="46.196292" lon="6.731642"><ele>1741</ele><time>2027-01-17T10:35:05Z</time></wpt>
<wpt lat="46.196203" lon="6.731383"><ele>1741</ele><time>2027-01-17T10:35:07Z</time></wpt>
<wpt lat="46.196115" lon="6.731125"><ele>1741</ele><time>2027-01-17T10:35:10Z</time></wpt>
<wpt lat="46.196027" lon="6.730867"><ele>1741</ele><time>2027-01-17T10:35:12Z</time></wpt>
<wpt lat="46.195938" lon="6.730608"><ele>1741</ele><time>2027-01-17T10:35:14Z</time></wpt>
<wpt lat="46.195850" lon="6.730350"><ele>1720</ele><time>2027-01-17T10:35:16Z</time></wpt>
<wpt lat="46.195754" lon="6.730129"><ele>1720</ele><time>2027-01-17T10:35:18Z</time></wpt>
<wpt lat="46.195657" lon="6.729907"><ele>1720</ele><time>2027-01-17T10:35:20Z</time></wpt>
<wpt lat="46.195561" lon="6.729686"><ele>1720</ele><time>2027-01-17T10:35:22Z</time></wpt>
<wpt lat="46.195465" lon="6.729465"><ele>1720</ele><time>2027-01-17T10:35:24Z</time></wpt>
<wpt lat="46.195369" lon="6.729244"><ele>1720</ele><time>2027-01-17T10:35:26Z</time></wpt>
<wpt lat="46.195273" lon="6.729023"><ele>1720</ele><time>2027-01-17T10:35:28Z</time></wpt>
<wpt lat="46.195176" lon="6.728801"><ele>1720</ele><time>2027-01-17T10:35:30Z</time></wpt>
<wpt lat="46.195080" lon="6.728580"><ele>1685</ele><time>2027-01-17T10:35:32Z</time></wpt>
<wpt lat="46.194979" lon="6.728361"><ele>1685</ele><time>2027-01-17T10:35:34Z</time></wpt>
<wpt lat="46.194877" lon="6.728141"><ele>1685</ele><time>2027-01-17T10:35:37Z</time></wpt>
<wpt lat="46.194776" lon="6.727922"><ele>1685</ele><time>2027-01-17T10:35:39Z</time></wpt>
<wpt lat="46.194675" lon="6.727703"><ele>1685</ele><time>2027-01-17T10:35:41Z</time></wpt>
<wpt lat="46.194573" lon="6.727483"><ele>1685</ele><time>2027-01-17T10:35:43Z</time></wpt>
<wpt lat="46.194472" lon="6.727264"><ele>1685</ele><time>2027-01-17T10:35:45Z</time></wpt>
<wpt lat="46.194371" lon="6.727045"><ele>1685</ele><time>2027-01-17T10:35:47Z</time></wpt>
<wpt lat="46.194269" lon="6.726825"><ele>1685</ele><time>2027-01-17T10:35:49Z</time></wpt>
<wpt lat="46.194168" lon="6.726606"><ele>1685</ele><time>2027-01-17T10:35:51Z</time></wpt>
<wpt lat="46.194067" lon="6.726387"><ele>1685</ele><time>2027-01-17T10:35:53Z</time></wpt>
<wpt lat="46.193965" lon="6.726167"><ele>1685</ele><time>2027-01-17T10:35:55Z</time></wpt>
<wpt lat="46.193864" lon="6.725948"><ele>1685</ele><time>2027-01-17T10:35:57Z</time></wpt>
<wpt lat="46.193763" lon="6.725729"><ele>1685</ele><time>2027-01-17T10:35:59Z</time></wpt>
<wpt lat="46.193661" lon="6.725509"><ele>1685</ele><time>2027-01-17T10:36:01Z</time></wpt>
<wpt lat="46.193560" lon="6.725290"><ele>1631</ele><time>2027-01-17T10:36:03Z</time></wpt>
<wpt lat="46.193560" lon="6.725290"><ele>1631</ele><time>2027-01-17T10:36:03Z</time></wpt>
<wpt lat="46.193455" lon="6.724975"><ele>1631</ele><time>2027-01-17T10:36:06Z</time></wpt>
<wpt lat="46.193350" lon="6.724660"><ele>1624</ele><time>2027-01-17T10:36:08Z</time></wpt>
<wpt lat="46.193235" lon="6.724390"><ele>1624</ele><time>2027-01-17T10:36:11Z</time></wpt>
<wpt lat="46.193120" lon="6.724120"><ele>1615</ele><time>2027-01-17T10:36:13Z</time></wpt>
<wpt lat="46.192920" lon="6.723710"><ele>1607</ele><time>2027-01-17T10:36:17Z</time></wpt>
<wpt lat="46.192850" lon="6.723550"><ele>1603</ele><time>2027-01-17T10:36:18Z</time></wpt>
<wpt lat="46.192800" lon="6.723370"><ele>1600</ele><time>2027-01-17T10:36:20Z</time></wpt>
<wpt lat="46.192800" lon="6.723370"><ele>1600</ele><time>2027-01-17T10:36:20Z</time></wpt>
<wpt lat="46.192780" lon="6.723150"><ele>1596</ele><time>2027-01-17T10:36:22Z</time></wpt>
<wpt lat="46.192830" lon="6.722860"><ele>1591</ele><time>2027-01-17T10:36:24Z</time></wpt>
<wpt lat="46.192940" lon="6.722550"><ele>1586</ele><time>2027-01-17T10:36:27Z</time></wpt>
<wpt lat="46.192990" lon="6.722293"><ele>1586</ele><time>2027-01-17T10:36:29Z</time></wpt>
<wpt lat="46.193040" lon="6.722035"><ele>1586</ele><time>2027-01-17T10:36:31Z</time></wpt>
<wpt lat="46.193090" lon="6.721777"><ele>1586</ele><time>2027-01-17T10:36:33Z</time></wpt>
<wpt lat="46.193140" lon="6.721520"><ele>1563</ele><time>2027-01-17T10:36:35Z</time></wpt>
<wpt lat="46.193225" lon="6.721195"><ele>1563</ele><time>2027-01-17T10:36:38Z</time></wpt>
<wpt lat="46.193310" lon="6.720870"><ele>1546</ele><time>2027-01-17T10:36:40Z</time></wpt>
<wpt lat="46.193390" lon="6.720690"><ele>1542</ele><time>2027-01-17T10:36:42Z</time></wpt>
<wpt lat="46.193500" lon="6.720570"><ele>1541</ele><time>2027-01-17T10:36:43Z</time></wpt>
<wpt lat="46.193710" lon="6.720480"><ele>1546</ele><time>2027-01-17T10:36:46Z</time></wpt>
<wpt lat="46.193900" lon="6.720490"><ele>1553</ele><time>2027-01-17T10:36:48Z</time></wpt>
<wpt lat="46.193940" lon="6.720480"><ele>1554</ele><time>2027-01-17T10:36:48Z</time></wpt>
<wpt lat="46.193960" lon="6.720450"><ele>1554</ele><time>2027-01-17T10:36:49Z</time></wpt>
<wpt lat="46.193980" lon="6.720420"><ele>1554</ele><time>2027-01-17T10:36:49Z</time></wpt>
<wpt lat="46.193980" lon="6.720380"><ele>1552</ele><time>2027-01-17T10:36:49Z</time></wpt>
<wpt lat="46.193970" lon="6.720340"><ele>1550</ele><time>2027-01-17T10:36:50Z</time></wpt>
<wpt lat="46.193950" lon="6.720300"><ele>1548</ele><time>2027-01-17T10:36:50Z</time></wpt>
<wpt lat="46.193900" lon="6.720250"><ele>1544</ele><time>2027-01-17T10:36:51Z</time></wpt>
<wpt lat="46.193900" lon="6.720250"><ele>1544</ele><time>2027-01-17T10:36:51Z</time></wpt>
<wpt lat="46.193680" lon="6.719950"><ele>1527</ele><time>2027-01-17T10:36:54Z</time></wpt>
<wpt lat="46.193460" lon="6.719740"><ele>1527</ele><time>2027-01-17T10:36:57Z</time></wpt>
<wpt lat="46.193240" lon="6.719530"><ele>1513</ele><time>2027-01-17T10:37:00Z</time></wpt>
<wpt lat="46.193240" lon="6.719530"><ele>1513</ele><time>2027-01-17T10:37:00Z</time></wpt>
<wpt lat="46.193160" lon="6.719440"><ele>1511</ele><time>2027-01-17T10:37:01Z</time></wpt>
<wpt lat="46.193070" lon="6.719330"><ele>1508</ele><time>2027-01-17T10:37:02Z</time></wpt>
<wpt lat="46.193020" lon="6.719280"><ele>1507</ele><time>2027-01-17T10:37:03Z</time></wpt>
<wpt lat="46.192990" lon="6.719220"><ele>1506</ele><time>2027-01-17T10:37:04Z</time></wpt>
<wpt lat="46.192980" lon="6.719170"><ele>1505</ele><time>2027-01-17T10:37:04Z</time></wpt>
<wpt lat="46.192980" lon="6.719120"><ele>1504</ele><time>2027-01-17T10:37:04Z</time></wpt>
<wpt lat="46.193010" lon="6.719010"><ele>1502</ele><time>2027-01-17T10:37:05Z</time></wpt>
<wpt lat="46.193020" lon="6.718870"><ele>1499</ele><time>2027-01-17T10:37:06Z</time></wpt>
<wpt lat="46.193010" lon="6.718710"><ele>1496</ele><time>2027-01-17T10:37:08Z</time></wpt>
<wpt lat="46.192930" lon="6.718430"><ele>1490</ele><time>2027-01-17T10:37:10Z</time></wpt>
<wpt lat="46.192860" lon="6.718260"><ele>1486</ele><time>2027-01-17T10:37:12Z</time></wpt>
<wpt lat="46.192780" lon="6.718140"><ele>1483</ele><time>2027-01-17T10:37:13Z</time></wpt>
<wpt lat="46.192690" lon="6.718020"><ele>1480</ele><time>2027-01-17T10:37:14Z</time></wpt>
<wpt lat="46.192580" lon="6.717950"><ele>1477</ele><time>2027-01-17T10:37:15Z</time></wpt>
<wpt lat="46.192470" lon="6.717920"><ele>1476</ele><time>2027-01-17T10:37:17Z</time></wpt>
<wpt lat="46.192320" lon="6.717890"><ele>1473</ele><time>2027-01-17T10:37:18Z</time></wpt>
<wpt lat="46.192140" lon="6.717910"><ele>1471</ele><time>2027-01-17T10:37:20Z</time></wpt>
<wpt lat="46.192040" lon="6.717930"><ele>1471</ele><time>2027-01-17T10:37:22Z</time></wpt>
<wpt lat="46.191950" lon="6.717960"><ele>1470</ele><time>2027-01-17T10:37:23Z</time></wpt>
<wpt lat="46.191860" lon="6.718010"><ele>1470</ele><time>2027-01-17T10:37:24Z</time></wpt>
<wpt lat="46.191620" lon="6.718120"><ele>1469</ele><time>2027-01-17T10:37:26Z</time></wpt>
<wpt lat="46.191440" lon="6.718230"><ele>1468</ele><time>2027-01-17T10:37:29Z</time></wpt>
<wpt lat="46.191300" lon="6.718300"><ele>1468</ele><time>2027-01-17T10:37:30Z</time></wpt>
<wpt lat="46.191250" lon="6.718310"><ele>1467</ele><time>2027-01-17T10:37:31Z</time></wpt>
<wpt lat="46.191170" lon="6.718310"><ele>1466</ele><time>2027-01-17T10:37:32Z</time></wpt>
<wpt lat="46.191130" lon="6.718290"><ele>1465</ele><time>2027-01-17T10:37:32Z</time></wpt>
<wpt lat="46.191110" lon="6.718260"><ele>1465</ele><time>2027-01-17T10:37:32Z</time></wpt>
<wpt lat="46.191080" lon="6.718210"><ele>1463</ele><time>2027-01-17T10:37:33Z</time></wpt>
<wpt lat="46.191060" lon="6.718170"><ele>1462</ele><time>2027-01-17T10:37:33Z</time></wpt>
<wpt lat="46.191060" lon="6.718170"><ele>1462</ele><time>2027-01-17T10:37:33Z</time></wpt>
<wpt lat="46.191010" lon="6.718080"><ele>1460</ele><time>2027-01-17T10:37:34Z</time></wpt>
<wpt lat="46.190970" lon="6.718020"><ele>1459</ele><time>2027-01-17T10:37:35Z</time></wpt>
<wpt lat="46.190910" lon="6.717970"><ele>1457</ele><time>2027-01-17T10:37:36Z</time></wpt>
<wpt lat="46.190830" lon="6.717950"><ele>1456</ele><time>2027-01-17T10:37:37Z</time></wpt>
<wpt lat="46.190710" lon="6.717960"><ele>1454</ele><time>2027-01-17T10:37:38Z</time></wpt>
<wpt lat="46.190610" lon="6.717970"><ele>1453</ele><time>2027-01-17T10:37:39Z</time></wpt>
<wpt lat="46.190540" lon="6.717950"><ele>1452</ele><time>2027-01-17T10:37:40Z</time></wpt>
<wpt lat="46.190500" lon="6.717910"><ele>1451</ele><time>2027-01-17T10:37:40Z</time></wpt>
<wpt lat="46.190410" lon="6.717830"><ele>1449</ele><time>2027-01-17T10:37:42Z</time></wpt>
<wpt lat="46.190360" lon="6.717790"><ele>1447</ele><time>2027-01-17T10:37:42Z</time></wpt>
<wpt lat="46.190310" lon="6.717760"><ele>1446</ele><time>2027-01-17T10:37:43Z</time></wpt>
<wpt lat="46.190270" lon="6.717750"><ele>1445</ele><time>2027-01-17T10:37:43Z</time></wpt>
<wpt lat="46.190250" lon="6.717750"><ele>1445</ele><time>2027-01-17T10:37:43Z</time></wpt>
<wpt lat="46.190240" lon="6.717780"><ele>1445</ele><time>2027-01-17T10:37:44Z</time></wpt>
<wpt lat="46.190240" lon="6.717820"><ele>1446</ele><time>2027-01-17T10:37:44Z</time></wpt>
<wpt lat="46.190380" lon="6.718160"><ele>1453</ele><time>2027-01-17T10:37:47Z</time></wpt>
<wpt lat="46.190380" lon="6.718160"><ele>1453</ele><time>2027-01-17T10:38:47Z</time></wpt>
<wpt lat="46.190430" lon="6.718285"><ele>1453</ele><time>2027-01-17T10:38:50Z</time></wpt>
<wpt lat="46.190480" lon="6.718410"><ele>1458</ele><time>2027-01-17T10:38:53Z</time></wpt>
<wpt lat="46.190523" lon="6.718513"><ele>1458</ele><time>2027-01-17T10:38:55Z</time></wpt>
<wpt lat="46.190567" lon="6.718617"><ele>1458</ele><time>2027-01-17T10:38:57Z</time></wpt>
<wpt lat="46.190610" lon="6.718720"><ele>1458</ele><time>2027-01-17T10:39:00Z</time></wpt>
<wpt lat="46.190653" lon="6.718823"><ele>1458</ele><time>2027-01-17T10:39:02Z</time></wpt>
<wpt lat="46.190697" lon="6.718927"><ele>1458</ele><time>2027-01-17T10:39:04Z</time></wpt>
<wpt lat="46.190740" lon="6.719030"><ele>1471</ele><time>2027-01-17T10:39:07Z</time></wpt>
<wpt lat="46.190778" lon="6.719120"><ele>1471</ele><time>2027-01-17T10:39:09Z</time></wpt>
<wpt lat="46.190816" lon="6.719210"><ele>1471</ele><time>2027-01-17T10:39:11Z</time></wpt>
<wpt lat="46.190854" lon="6.719300"><ele>1471</ele><time>2027-01-17T10:39:13Z</time></wpt>
<wpt lat="46.190892" lon="6.719390"><ele>1471</ele><time>2027-01-17T10:39:15Z</time></wpt>
<wpt lat="46.190930" lon="6.719480"><ele>1471</ele><time>2027-01-17T10:39:17Z</time></wpt>
<wpt lat="46.190968" lon="6.719570"><ele>1471</ele><time>2027-01-17T10:39:19Z</time></wpt>
<wpt lat="46.191006" lon="6.719660"><ele>1471</ele><time>2027-01-17T10:39:21Z</time></wpt>
<wpt lat="46.191044" lon="6.719750"><ele>1471</ele><time>2027-01-17T10:39:23Z</time></wpt>
<wpt lat="46.191082" lon="6.719840"><ele>1471</ele><time>2027-01-17T10:39:25Z</time></wpt>
<wpt lat="46.191120" lon="6.719930"><ele>1471</ele><time>2027-01-17T10:39:27Z</time></wpt>
<wpt lat="46.191158" lon="6.720020"><ele>1471</ele><time>2027-01-17T10:39:29Z</time></wpt>
<wpt lat="46.191196" lon="6.720110"><ele>1471</ele><time>2027-01-17T10:39:31Z</time></wpt>
<wpt lat="46.191234" lon="6.720200"><ele>1471</ele><time>2027-01-17T10:39:33Z</time></wpt>
<wpt lat="46.191272" lon="6.720290"><ele>1471</ele><time>2027-01-17T10:39:35Z</time></wpt>
<wpt lat="46.191310" lon="6.720380"><ele>1505</ele><time>2027-01-17T10:39:37Z</time></wpt>
<wpt lat="46.191353" lon="6.720483"><ele>1505</ele><time>2027-01-17T10:39:39Z</time></wpt>
<wpt lat="46.191397" lon="6.720587"><ele>1505</ele><time>2027-01-17T10:39:42Z</time></wpt>
<wpt lat="46.191440" lon="6.720690"><ele>1505</ele><time>2027-01-17T10:39:44Z</time></wpt>
<wpt lat="46.191483" lon="6.720793"><ele>1505</ele><time>2027-01-17T10:39:46Z</time></wpt>
<wpt lat="46.191527" lon="6.720897"><ele>1505</ele><time>2027-01-17T10:39:49Z</time></wpt>
<wpt lat="46.191570" lon="6.721000"><ele>1523</ele><time>2027-01-17T10:39:51Z</time></wpt>
<wpt lat="46.191610" lon="6.721094"><ele>1523</ele><time>2027-01-17T10:39:53Z</time></wpt>
<wpt lat="46.191650" lon="6.721188"><ele>1523</ele><time>2027-01-17T10:39:55Z</time></wpt>
<wpt lat="46.191690" lon="6.721283"><ele>1523</ele><time>2027-01-17T10:39:57Z</time></wpt>
<wpt lat="46.191730" lon="6.721377"><ele>1523</ele><time>2027-01-17T10:39:59Z</time></wpt>
<wpt lat="46.191770" lon="6.721471"><ele>1523</ele><time>2027-01-17T10:40:02Z</time></wpt>
<wpt lat="46.191810" lon="6.721565"><ele>1523</ele><time>2027-01-17T10:40:04Z</time></wpt>
<wpt lat="46.191850" lon="6.721659"><ele>1523</ele><time>2027-01-17T10:40:06Z</time></wpt>
<wpt lat="46.191890" lon="6.721753"><ele>1523</ele><time>2027-01-17T10:40:08Z</time></wpt>
<wpt lat="46.191930" lon="6.721847"><ele>1523</ele><time>2027-01-17T10:40:10Z</time></wpt>
<wpt lat="46.191970" lon="6.721942"><ele>1523</ele><time>2027-01-17T10:40:12Z</time></wpt>
<wpt lat="46.192010" lon="6.722036"><ele>1523</ele><time>2027-01-17T10:40:14Z</time></wpt>
<wpt lat="46.192050" lon="6.722130"><ele>1559</ele><time>2027-01-17T10:40:16Z</time></wpt>
<wpt lat="46.192089" lon="6.722224"><ele>1559</ele><time>2027-01-17T10:40:19Z</time></wpt>
<wpt lat="46.192129" lon="6.722317"><ele>1559</ele><time>2027-01-17T10:40:21Z</time></wpt>
<wpt lat="46.192168" lon="6.722411"><ele>1559</ele><time>2027-01-17T10:40:23Z</time></wpt>
<wpt lat="46.192207" lon="6.722504"><ele>1559</ele><time>2027-01-17T10:40:25Z</time></wpt>
<wpt lat="46.192246" lon="6.722598"><ele>1559</ele><time>2027-01-17T10:40:27Z</time></wpt>
<wpt lat="46.192286" lon="6.722691"><ele>1559</ele><time>2027-01-17T10:40:29Z</time></wpt>
<wpt lat="46.192325" lon="6.722785"><ele>1559</ele><time>2027-01-17T10:40:31Z</time></wpt>
<wpt lat="46.192364" lon="6.722879"><ele>1559</ele><time>2027-01-17T10:40:33Z</time></wpt>
<wpt lat="46.192404" lon="6.722972"><ele>1559</ele><time>2027-01-17T10:40:35Z</time></wpt>
<wpt lat="46.192443" lon="6.723066"><ele>1559</ele><time>2027-01-17T10:40:37Z</time></wpt>
<wpt lat="46.192482" lon="6.723159"><ele>1559</ele><time>2027-01-17T10:40:40Z</time></wpt>
<wpt lat="46.192521" lon="6.723253"><ele>1559</ele><time>2027-01-17T10:40:42Z</time></wpt>
<wpt lat="46.192561" lon="6.723346"><ele>1559</ele><time>2027-01-17T10:40:44Z</time></wpt>
<wpt lat="46.192600" lon="6.723440"><ele>1597</ele><time>2027-01-17T10:40:46Z</time></wpt>
<wpt lat="46.192639" lon="6.723534"><ele>1597</ele><time>2027-01-17T10:40:48Z</time></wpt>
<wpt lat="46.192678" lon="6.723627"><ele>1597</ele><time>2027-01-17T10:40:50Z</time></wpt>
<wpt lat="46.192716" lon="6.723721"><ele>1597</ele><time>2027-01-17T10:40:52Z</time></wpt>
<wpt lat="46.192755" lon="6.723814"><ele>1597</ele><time>2027-01-17T10:40:54Z</time></wpt>
<wpt lat="46.192794" lon="6.723908"><ele>1597</ele><time>2027-01-17T10:40:56Z</time></wpt>
<wpt lat="46.192833" lon="6.724001"><ele>1597</ele><time>2027-01-17T10:40:58Z</time></wpt>
<wpt lat="46.192872" lon="6.724095"><ele>1597</ele><time>2027-01-17T10:41:01Z</time></wpt>
<wpt lat="46.192911" lon="6.724188"><ele>1597</ele><time>2027-01-17T10:41:03Z</time></wpt>
<wpt lat="46.192949" lon="6.724282"><ele>1597</ele><time>2027-01-17T10:41:05Z</time></wpt>
<wpt lat="46.192988" lon="6.724375"><ele>1597</ele><time>2027-01-17T10:41:07Z</time></wpt>
<wpt lat="46.193027" lon="6.724469"><ele>1597</ele><time>2027-01-17T10:41:09Z</time></wpt>
<wpt lat="46.193066" lon="6.724562"><ele>1597</ele><time>2027-01-17T10:41:11Z</time></wpt>
<wpt lat="46.193105" lon="6.724656"><ele>1597</ele><time>2027-01-17T10:41:13Z</time></wpt>
<wpt lat="46.193144" lon="6.724749"><ele>1597</ele><time>2027-01-17T10:41:15Z</time></wpt>
<wpt lat="46.193182" lon="6.724843"><ele>1597</ele><time>2027-01-17T10:41:17Z</time></wpt>
<wpt lat="46.193221" lon="6.724936"><ele>1597</ele><time>2027-01-17T10:41:19Z</time></wpt>
<wpt lat="46.193260" lon="6.725030"><ele>1626</ele><time>2027-01-17T10:41:22Z</time></wpt>
<wpt lat="46.193299" lon="6.725122"><ele>1626</ele><time>2027-01-17T10:41:24Z</time></wpt>
<wpt lat="46.193338" lon="6.725214"><ele>1626</ele><time>2027-01-17T10:41:26Z</time></wpt>
<wpt lat="46.193377" lon="6.725306"><ele>1626</ele><time>2027-01-17T10:41:28Z</time></wpt>
<wpt lat="46.193416" lon="6.725398"><ele>1626</ele><time>2027-01-17T10:41:30Z</time></wpt>
<wpt lat="46.193455" lon="6.725490"><ele>1626</ele><time>2027-01-17T10:41:32Z</time></wpt>
<wpt lat="46.193494" lon="6.725582"><ele>1626</ele><time>2027-01-17T10:41:34Z</time></wpt>
<wpt lat="46.193533" lon="6.725674"><ele>1626</ele><time>2027-01-17T10:41:36Z</time></wpt>
<wpt lat="46.193572" lon="6.725766"><ele>1626</ele><time>2027-01-17T10:41:38Z</time></wpt>
<wpt lat="46.193611" lon="6.725858"><ele>1626</ele><time>2027-01-17T10:41:40Z</time></wpt>
<wpt lat="46.193650" lon="6.725950"><ele>1626</ele><time>2027-01-17T10:41:42Z</time></wpt>
<wpt lat="46.193689" lon="6.726042"><ele>1626</ele><time>2027-01-17T10:41:44Z</time></wpt>
<wpt lat="46.193728" lon="6.726134"><ele>1626</ele><time>2027-01-17T10:41:46Z</time></wpt>
<wpt lat="46.193767" lon="6.726226"><ele>1626</ele><time>2027-01-17T10:41:49Z</time></wpt>
<wpt lat="46.193806" lon="6.726318"><ele>1626</ele><time>2027-01-17T10:41:51Z</time></wpt>
<wpt lat="46.193845" lon="6.726410"><ele>1626</ele><time>2027-01-17T10:41:53Z</time></wpt>
<wpt lat="46.193884" lon="6.726502"><ele>1626</ele><time>2027-01-17T10:41:55Z</time></wpt>
<wpt lat="46.193923" lon="6.726594"><ele>1626</ele><time>2027-01-17T10:41:57Z</time></wpt>
<wpt lat="46.193962" lon="6.726686"><ele>1626</ele><time>2027-01-17T10:41:59Z</time></wpt>
<wpt lat="46.194001" lon="6.726778"><ele>1626</ele><time>2027-01-17T10:42:01Z</time></wpt>
<wpt lat="46.194040" lon="6.726870"><ele>1649</ele><time>2027-01-17T10:42:03Z</time></wpt>
<wpt lat="46.194079" lon="6.726962"><ele>1649</ele><time>2027-01-17T10:42:05Z</time></wpt>
<wpt lat="46.194117" lon="6.727055"><ele>1649</ele><time>2027-01-17T10:42:07Z</time></wpt>
<wpt lat="46.194156" lon="6.727147"><ele>1649</ele><time>2027-01-17T10:42:09Z</time></wpt>
<wpt lat="46.194194" lon="6.727240"><ele>1649</ele><time>2027-01-17T10:42:11Z</time></wpt>
<wpt lat="46.194233" lon="6.727332"><ele>1649</ele><time>2027-01-17T10:42:13Z</time></wpt>
<wpt lat="46.194271" lon="6.727424"><ele>1649</ele><time>2027-01-17T10:42:16Z</time></wpt>
<wpt lat="46.194310" lon="6.727517"><ele>1649</ele><time>2027-01-17T10:42:18Z</time></wpt>
<wpt lat="46.194349" lon="6.727609"><ele>1649</ele><time>2027-01-17T10:42:20Z</time></wpt>
<wpt lat="46.194387" lon="6.727701"><ele>1649</ele><time>2027-01-17T10:42:22Z</time></wpt>
<wpt lat="46.194426" lon="6.727794"><ele>1649</ele><time>2027-01-17T10:42:24Z</time></wpt>
<wpt lat="46.194464" lon="6.727886"><ele>1649</ele><time>2027-01-17T10:42:26Z</time></wpt>
<wpt lat="46.194503" lon="6.727979"><ele>1649</ele><time>2027-01-17T10:42:28Z</time></wpt>
<wpt lat="46.194541" lon="6.728071"><ele>1649</ele><time>2027-01-17T10:42:30Z</time></wpt>
<wpt lat="46.194580" lon="6.728163"><ele>1649</ele><time>2027-01-17T10:42:32Z</time></wpt>
<wpt lat="46.194619" lon="6.728256"><ele>1649</ele><time>2027-01-17T10:42:34Z</time></wpt>
<wpt lat="46.194657" lon="6.728348"><ele>1649</ele><time>2027-01-17T10:42:36Z</time></wpt>
<wpt lat="46.194696" lon="6.728440"><ele>1649</ele><time>2027-01-17T10:42:38Z</time></wpt>
<wpt lat="46.194734" lon="6.728533"><ele>1649</ele><time>2027-01-17T10:42:40Z</time></wpt>
<wpt lat="46.194773" lon="6.728625"><ele>1649</ele><time>2027-01-17T10:42:42Z</time></wpt>
<wpt lat="46.194811" lon="6.728718"><ele>1649</ele><time>2027-01-17T10:42:45Z</time></wpt>
<wpt lat="46.194850" lon="6.728810"><ele>1682</ele><time>2027-01-17T10:42:47Z</time></wpt>
<wpt lat="46.194888" lon="6.728899"><ele>1682</ele><time>2027-01-17T10:42:49Z</time></wpt>
<wpt lat="46.194926" lon="6.728988"><ele>1682</ele><time>2027-01-17T10:42:51Z</time></wpt>
<wpt lat="46.194963" lon="6.729077"><ele>1682</ele><time>2027-01-17T10:42:53Z</time></wpt>
<wpt lat="46.195001" lon="6.729166"><ele>1682</ele><time>2027-01-17T10:42:55Z</time></wpt>
<wpt lat="46.195039" lon="6.729254"><ele>1682</ele><time>2027-01-17T10:42:57Z</time></wpt>
<wpt lat="46.195077" lon="6.729343"><ele>1682</ele><time>2027-01-17T10:42:59Z</time></wpt>
<wpt lat="46.195114" lon="6.729432"><ele>1682</ele><time>2027-01-17T10:43:01Z</time></wpt>
<wpt lat="46.195152" lon="6.729521"><ele>1682</ele><time>2027-01-17T10:43:03Z</time></wpt>
<wpt lat="46.195190" lon="6.729610"><ele>1682</ele><time>2027-01-17T10:43:05Z</time></wpt>
<wpt lat="46.195228" lon="6.729699"><ele>1682</ele><time>2027-01-17T10:43:07Z</time></wpt>
<wpt lat="46.195266" lon="6.729788"><ele>1682</ele><time>2027-01-17T10:43:09Z</time></wpt>
<wpt lat="46.195303" lon="6.729877"><ele>1682</ele><time>2027-01-17T10:43:11Z</time></wpt>
<wpt lat="46.195341" lon="6.729966"><ele>1682</ele><time>2027-01-17T10:43:13Z</time></wpt>
<wpt lat="46.195379" lon="6.730054"><ele>1682</ele><time>2027-01-17T10:43:15Z</time></wpt>
<wpt lat="46.195417" lon="6.730143"><ele>1682</ele><time>2027-01-17T10:43:17Z</time></wpt>
<wpt lat="46.195454" lon="6.730232"><ele>1682</ele><time>2027-01-17T10:43:19Z</time></wpt>
<wpt lat="46.195492" lon="6.730321"><ele>1682</ele><time>2027-01-17T10:43:21Z</time></wpt>
<wpt lat="46.195530" lon="6.730410"><ele>1713</ele><time>2027-01-17T10:43:23Z</time></wpt>
<wpt lat="46.195568" lon="6.730502"><ele>1713</ele><time>2027-01-17T10:43:25Z</time></wpt>
<wpt lat="46.195606" lon="6.730594"><ele>1713</ele><time>2027-01-17T10:43:27Z</time></wpt>
<wpt lat="46.195644" lon="6.730686"><ele>1713</ele><time>2027-01-17T10:43:29Z</time></wpt>
<wpt lat="46.195682" lon="6.730778"><ele>1713</ele><time>2027-01-17T10:43:31Z</time></wpt>
<wpt lat="46.195720" lon="6.730870"><ele>1713</ele><time>2027-01-17T10:43:33Z</time></wpt>
<wpt lat="46.195758" lon="6.730962"><ele>1713</ele><time>2027-01-17T10:43:35Z</time></wpt>
<wpt lat="46.195796" lon="6.731054"><ele>1713</ele><time>2027-01-17T10:43:37Z</time></wpt>
<wpt lat="46.195834" lon="6.731146"><ele>1713</ele><time>2027-01-17T10:43:39Z</time></wpt>
<wpt lat="46.195872" lon="6.731238"><ele>1713</ele><time>2027-01-17T10:43:41Z</time></wpt>
<wpt lat="46.195910" lon="6.731330"><ele>1713</ele><time>2027-01-17T10:43:43Z</time></wpt>
<wpt lat="46.195948" lon="6.731422"><ele>1713</ele><time>2027-01-17T10:43:45Z</time></wpt>
<wpt lat="46.195986" lon="6.731514"><ele>1713</ele><time>2027-01-17T10:43:48Z</time></wpt>
<wpt lat="46.196024" lon="6.731606"><ele>1713</ele><time>2027-01-17T10:43:50Z</time></wpt>
<wpt lat="46.196062" lon="6.731698"><ele>1713</ele><time>2027-01-17T10:43:52Z</time></wpt>
<wpt lat="46.196100" lon="6.731790"><ele>1738</ele><time>2027-01-17T10:43:54Z</time></wpt>
<wpt lat="46.196150" lon="6.731905"><ele>1738</ele><time>2027-01-17T10:43:56Z</time></wpt>
<wpt lat="46.196200" lon="6.732020"><ele>1741</ele><time>2027-01-17T10:43:59Z</time></wpt>
<wpt lat="46.196330" lon="6.732480"><ele>1744</ele><time>2027-01-17T10:44:03Z</time></wpt>
<wpt lat="46.196330" lon="6.732540"><ele>1744</ele><time>2027-01-17T10:44:03Z</time></wpt>
<wpt lat="46.196320" lon="6.732590"><ele>1744</ele><time>2027-01-17T10:44:04Z</time></wpt>
<wpt lat="46.196310" lon="6.732640"><ele>1744</ele><time>2027-01-17T10:44:04Z</time></wpt>
<wpt lat="46.196290" lon="6.732690"><ele>1744</ele><time>2027-01-17T10:44:04Z</time></wpt>
<wpt lat="46.196280" lon="6.732750"><ele>1744</ele><time>2027-01-17T10:44:05Z</time></wpt>
<wpt lat="46.196260" lon="6.732810"><ele>1744</ele><time>2027-01-17T10:44:05Z</time></wpt>
<wpt lat="46.196220" lon="6.732910"><ele>1743</ele><time>2027-01-17T10:44:06Z</time></wpt>
<wpt lat="46.196130" lon="6.733160"><ele>1742</ele><time>2027-01-17T10:44:08Z</time></wpt>
<wpt lat="46.196110" lon="6.733240"><ele>1742</ele><time>2027-01-17T10:44:09Z</time></wpt>
<wpt lat="46.196090" lon="6.733320"><ele>1741</ele><time>2027-01-17T10:44:10Z</time></wpt>
<wpt lat="46.196070" lon="6.733380"><ele>1741</ele><time>2027-01-17T10:44:10Z</time></wpt>
<wpt lat="46.196060" lon="6.733460"><ele>1741</ele><time>2027-01-17T10:44:11Z</time></wpt>
<wpt lat="46.196050" lon="6.733550"><ele>1740</ele><time>2027-01-17T10:44:12Z</time></wpt>
<wpt lat="46.196030" lon="6.733770"><ele>1740</ele><time>2027-01-17T10:44:13Z</time></wpt>
<wpt lat="46.196020" lon="6.733850"><ele>1739</ele><time>2027-01-17T10:44:14Z</time></wpt>
<wpt lat="46.196020" lon="6.733920"><ele>1739</ele><time>2027-01-17T10:44:15Z</time></wpt>
<wpt lat="46.196020" lon="6.733990"><ele>1739</ele><time>2027-01-17T10:44:15Z</time></wpt>
<wpt lat="46.196020" lon="6.734110"><ele>1738</ele><time>2027-01-17T10:44:16Z</time></wpt>
<wpt lat="46.196000" lon="6.734350"><ele>1737</ele><time>2027-01-17T10:44:18Z</time></wpt>
<wpt lat="46.196008" lon="6.734637"><ele>1737</ele><time>2027-01-17T10:44:20Z</time></wpt>
<wpt lat="46.196015" lon="6.734925"><ele>1737</ele><time>2027-01-17T10:44:22Z</time></wpt>
<wpt lat="46.196022" lon="6.735213"><ele>1737</ele><time>2027-01-17T10:44:24Z</time></wpt>
<wpt lat="46.196030" lon="6.735500"><ele>1731</ele><time>2027-01-17T10:44:27Z</time></wpt>
<wpt lat="46.196030" lon="6.735570"><ele>1730</ele><time>2027-01-17T10:44:27Z</time></wpt>
<wpt lat="46.196040" lon="6.735650"><ele>1729</ele><time>2027-01-17T10:44:28Z</time></wpt>
<wpt lat="46.196050" lon="6.735740"><ele>1729</ele><time>2027-01-17T10:44:29Z</time></wpt>
<wpt lat="46.196060" lon="6.735800"><ele>1729</ele><time>2027-01-17T10:44:29Z</time></wpt>
<wpt lat="46.196070" lon="6.735890"><ele>1728</ele><time>2027-01-17T10:44:30Z</time></wpt>
<wpt lat="46.196090" lon="6.735950"><ele>1728</ele><time>2027-01-17T10:44:30Z</time></wpt>
<wpt lat="46.196110" lon="6.736020"><ele>1728</ele><time>2027-01-17T10:44:31Z</time></wpt>
<wpt lat="46.196120" lon="6.736080"><ele>1728</ele><time>2027-01-17T10:44:31Z</time></wpt>
<wpt lat="46.196150" lon="6.736150"><ele>1728</ele><time>2027-01-17T10:44:32Z</time></wpt>
<wpt lat="46.196200" lon="6.736280"><ele>1728</ele><time>2027-01-17T10:44:33Z</time></wpt>
<wpt lat="46.196220" lon="6.736360"><ele>1728</ele><time>2027-01-17T10:44:34Z</time></wpt>
<wpt lat="46.196250" lon="6.736430"><ele>1727</ele><time>2027-01-17T10:44:34Z</time></wpt>
<wpt lat="46.196380" lon="6.736860"><ele>1725</ele><time>2027-01-17T10:44:38Z</time></wpt>
<wpt lat="46.196410" lon="6.736940"><ele>1724</ele><time>2027-01-17T10:44:39Z</time></wpt>
<wpt lat="46.196440" lon="6.737020"><ele>1724</ele><time>2027-01-17T10:44:39Z</time></wpt>
<wpt lat="46.196480" lon="6.737120"><ele>1723</ele><time>2027-01-17T10:44:40Z</time></wpt>
<wpt lat="46.196580" lon="6.737330"><ele>1723</ele><time>2027-01-17T10:44:42Z</time></wpt>
<wpt lat="46.196620" lon="6.737380"><ele>1723</ele><time>2027-01-17T10:44:43Z</time></wpt>
<wpt lat="46.196650" lon="6.737440"><ele>1723</ele><time>2027-01-17T10:44:43Z</time></wpt>
<wpt lat="46.196690" lon="6.737510"><ele>1724</ele><time>2027-01-17T10:44:44Z</time></wpt>
<wpt lat="46.196780" lon="6.737630"><ele>1725</ele><time>2027-01-17T10:44:45Z</time></wpt>
<wpt lat="46.196810" lon="6.737680"><ele>1725</ele><time>2027-01-17T10:44:46Z</time></wpt>
<wpt lat="46.196840" lon="6.737730"><ele>1726</ele><time>2027-01-17T10:44:46Z</time></wpt>
<wpt lat="46.196860" lon="6.737780"><ele>1726</ele><time>2027-01-17T10:44:47Z</time></wpt>
<wpt lat="46.196890" lon="6.737850"><ele>1726</ele><time>2027-01-17T10:44:48Z</time></wpt>
<wpt lat="46.196910" lon="6.737930"><ele>1726</ele><time>2027-01-17T10:44:48Z</time></wpt>
<wpt lat="46.196930" lon="6.738000"><ele>1726</ele><time>2027-01-17T10:44:49Z</time></wpt>
<wpt lat="46.196940" lon="6.738070"><ele>1726</ele><time>2027-01-17T10:44:49Z</time></wpt>
<wpt lat="46.196950" lon="6.738140"><ele>1725</ele><time>2027-01-17T10:44:50Z</time></wpt>
<wpt lat="46.196990" lon="6.738510"><ele>1723</ele><time>2027-01-17T10:44:53Z</time></wpt>
<wpt lat="46.197000" lon="6.738550"><ele>1723</ele><time>2027-01-17T10:44:53Z</time></wpt>
<wpt lat="46.197010" lon="6.738610"><ele>1722</ele><time>2027-01-17T10:44:54Z</time></wpt>
<wpt lat="46.197090" lon="6.738960"><ele>1720</ele><time>2027-01-17T10:44:56Z</time></wpt>
<wpt lat="46.197110" lon="6.739040"><ele>1720</ele><time>2027-01-17T10:44:57Z</time></wpt>
<wpt lat="46.197120" lon="6.739130"><ele>1719</ele><time>2027-01-17T10:44:58Z</time></wpt>
<wpt lat="46.197170" lon="6.739430"><ele>1716</ele><time>2027-01-17T10:45:00Z</time></wpt>
<wpt lat="46.197180" lon="6.739520"><ele>1715</ele><time>2027-01-17T10:45:01Z</time></wpt>
<wpt lat="46.197180" lon="6.739610"><ele>1714</ele><time>2027-01-17T10:45:02Z</time></wpt>
<wpt lat="46.197180" lon="6.739690"><ele>1713</ele><time>2027-01-17T10:45:02Z</time></wpt>
<wpt lat="46.197190" lon="6.739780"><ele>1712</ele><time>2027-01-17T10:45:03Z</time></wpt>
<wpt lat="46.197190" lon="6.739820"><ele>1711</ele><time>2027-01-17T10:45:03Z</time></wpt>
<wpt lat="46.197200" lon="6.739860"><ele>1711</ele><time>2027-01-17T10:45:03Z</time></wpt>
<wpt lat="46.197200" lon="6.739900"><ele>1711</ele><time>2027-01-17T10:45:04Z</time></wpt>
<wpt lat="46.197210" lon="6.739940"><ele>1710</ele><time>2027-01-17T10:45:04Z</time></wpt>
<wpt lat="46.197230" lon="6.739980"><ele>1710</ele><time>2027-01-17T10:45:05Z</time></wpt>
<wpt lat="46.197240" lon="6.740030"><ele>1710</ele><time>2027-01-17T10:45:05Z</time></wpt>
<wpt lat="46.197260" lon="6.740080"><ele>1710</ele><time>2027-01-17T10:45:05Z</time></wpt>
<wpt lat="46.197340" lon="6.740240"><ele>1710</ele><time>2027-01-17T10:45:07Z</time></wpt>
<wpt lat="46.197500" lon="6.740590"><ele>1711</ele><time>2027-01-17T10:45:10Z</time></wpt>
<wpt lat="46.197520" lon="6.740630"><ele>1711</ele><time>2027-01-17T10:45:10Z</time></wpt>
<wpt lat="46.197550" lon="6.740710"><ele>1711</ele><time>2027-01-17T10:45:11Z</time></wpt>
<wpt lat="46.197570" lon="6.740770"><ele>1711</ele><time>2027-01-17T10:45:12Z</time></wpt>
<wpt lat="46.197580" lon="6.740840"><ele>1710</ele><time>2027-01-17T10:45:12Z</time></wpt>
<wpt lat="46.197590" lon="6.740900"><ele>1710</ele><time>2027-01-17T10:45:13Z</time></wpt>
<wpt lat="46.197640" lon="6.741240"><ele>1710</ele><time>2027-01-17T10:45:15Z</time></wpt>
<wpt lat="46.197690" lon="6.741580"><ele>1705</ele><time>2027-01-17T10:45:18Z</time></wpt>
<wpt lat="46.197710" lon="6.741670"><ele>1704</ele><time>2027-01-17T10:45:19Z</time></wpt>
<wpt lat="46.197720" lon="6.741760"><ele>1703</ele><time>2027-01-17T10:45:20Z</time></wpt>
<wpt lat="46.197750" lon="6.741860"><ele>1703</ele><time>2027-01-17T10:45:20Z</time></wpt>
<wpt lat="46.197830" lon="6.742150"><ele>1702</ele><time>2027-01-17T10:45:23Z</time></wpt>
<wpt lat="46.197900" lon="6.742380"><ele>1701</ele><time>2027-01-17T10:45:25Z</time></wpt>
<wpt lat="46.197920" lon="6.742440"><ele>1701</ele><time>2027-01-17T10:45:25Z</time></wpt>
<wpt lat="46.197940" lon="6.742520"><ele>1701</ele><time>2027-01-17T10:45:26Z</time></wpt>
<wpt lat="46.197960" lon="6.742610"><ele>1700</ele><time>2027-01-17T10:45:27Z</time></wpt>
<wpt lat="46.197980" lon="6.742680"><ele>1700</ele><time>2027-01-17T10:45:27Z</time></wpt>
<wpt lat="46.198030" lon="6.742935"><ele>1700</ele><time>2027-01-17T10:45:29Z</time></wpt>
<wpt lat="46.198080" lon="6.743190"><ele>1697</ele><time>2027-01-17T10:45:31Z</time></wpt>
<wpt lat="46.198090" lon="6.743260"><ele>1697</ele><time>2027-01-17T10:45:32Z</time></wpt>
<wpt lat="46.198100" lon="6.743310"><ele>1697</ele><time>2027-01-17T10:45:32Z</time></wpt>
<wpt lat="46.198130" lon="6.743380"><ele>1697</ele><time>2027-01-17T10:45:33Z</time></wpt>
<wpt lat="46.198190" lon="6.743610"><ele>1697</ele><time>2027-01-17T10:45:35Z</time></wpt>
<wpt lat="46.198200" lon="6.743650"><ele>1697</ele><time>2027-01-17T10:45:35Z</time></wpt>
<wpt lat="46.198210" lon="6.743700"><ele>1697</ele><time>2027-01-17T10:45:35Z</time></wpt>
<wpt lat="46.198210" lon="6.743740"><ele>1697</ele><time>2027-01-17T10:45:36Z</time></wpt>
<wpt lat="46.198220" lon="6.743790"><ele>1697</ele><time>2027-01-17T10:45:36Z</time></wpt>
<wpt lat="46.198210" lon="6.743830"><ele>1696</ele><time>2027-01-17T10:45:36Z</time></wpt>
<wpt lat="46.198190" lon="6.744010"><ele>1694</ele><time>2027-01-17T10:45:38Z</time></wpt>
<wpt lat="46.198180" lon="6.744150"><ele>1692</ele><time>2027-01-17T10:45:39Z</time></wpt>
<wpt lat="46.198170" lon="6.744200"><ele>1692</ele><time>2027-01-17T10:45:39Z</time></wpt>
<wpt lat="46.198170" lon="6.744250"><ele>1691</ele><time>2027-01-17T10:45:40Z</time></wpt>
<wpt lat="46.198170" lon="6.744300"><ele>1691</ele><time>2027-01-17T10:45:40Z</time></wpt>
<wpt lat="46.198170" lon="6.744340"><ele>1690</ele><time>2027-01-17T10:45:40Z</time></wpt>
<wpt lat="46.198180" lon="6.744550"><ele>1689</ele><time>2027-01-17T10:45:42Z</time></wpt>
<wpt lat="46.198190" lon="6.744610"><ele>1689</ele><time>2027-01-17T10:45:43Z</time></wpt>
<wpt lat="46.198200" lon="6.744690"><ele>1689</ele><time>2027-01-17T10:45:43Z</time></wpt>
<wpt lat="46.198210" lon="6.744790"><ele>1689</ele><time>2027-01-17T10:45:44Z</time></wpt>
<wpt lat="46.198240" lon="6.744940"><ele>1689</ele><time>2027-01-17T10:45:45Z</time></wpt>
<wpt lat="46.198280" lon="6.745050"><ele>1690</ele><time>2027-01-17T10:45:46Z</time></wpt>
<wpt lat="46.198320" lon="6.745150"><ele>1690</ele><time>2027-01-17T10:45:47Z</time></wpt>
<wpt lat="46.198360" lon="6.745240"><ele>1691</ele><time>2027-01-17T10:45:48Z</time></wpt>
<wpt lat="46.198475" lon="6.745460"><ele>1691</ele><time>2027-01-17T10:45:50Z</time></wpt>
<wpt lat="46.198590" lon="6.745680"><ele>1694</ele><time>2027-01-17T10:45:52Z</time></wpt>
<wpt lat="46.198610" lon="6.745720"><ele>1694</ele><time>2027-01-17T10:45:52Z</time></wpt>
<wpt lat="46.198620" lon="6.745770"><ele>1694</ele><time>2027-01-17T10:45:53Z</time></wpt>
<wpt lat="46.198630" lon="6.745800"><ele>1694</ele><time>2027-01-17T10:45:53Z</time></wpt>
<wpt lat="46.198640" lon="6.745860"><ele>1694</ele><time>2027-01-17T10:45:54Z</time></wpt>
<wpt lat="46.198640" lon="6.745910"><ele>1693</ele><time>2027-01-17T10:45:54Z</time></wpt>
<wpt lat="46.198650" lon="6.745940"><ele>1694</ele><time>2027-01-17T10:45:54Z</time></wpt>
<wpt lat="46.198630" lon="6.746180"><ele>1692</ele><time>2027-01-17T10:45:56Z</time></wpt>
<wpt lat="46.198620" lon="6.746240"><ele>1692</ele><time>2027-01-17T10:45:57Z</time></wpt>
<wpt lat="46.198600" lon="6.746300"><ele>1691</ele><time>2027-01-17T10:45:57Z</time></wpt>
<wpt lat="46.198590" lon="6.746370"><ele>1691</ele><time>2027-01-17T10:45:58Z</time></wpt>
<wpt lat="46.198570" lon="6.746430"><ele>1690</ele><time>2027-01-17T10:45:58Z</time></wpt>
<wpt lat="46.198550" lon="6.746480"><ele>1689</ele><time>2027-01-17T10:45:59Z</time></wpt>
<wpt lat="46.198520" lon="6.746530"><ele>1689</ele><time>2027-01-17T10:45:59Z</time></wpt>
<wpt lat="46.198480" lon="6.746590"><ele>1688</ele><time>2027-01-17T10:46:00Z</time></wpt>
<wpt lat="46.198330" lon="6.746790"><ele>1688</ele><time>2027-01-17T10:46:02Z</time></wpt>
<wpt lat="46.198180" lon="6.746990"><ele>1681</ele><time>2027-01-17T10:46:04Z</time></wpt>
<wpt lat="46.198010" lon="6.747230"><ele>1678</ele><time>2027-01-17T10:46:07Z</time></wpt>
<wpt lat="46.197960" lon="6.747310"><ele>1676</ele><time>2027-01-17T10:46:08Z</time></wpt>
<wpt lat="46.197920" lon="6.747380"><ele>1675</ele><time>2027-01-17T10:46:08Z</time></wpt>
<wpt lat="46.197880" lon="6.747440"><ele>1675</ele><time>2027-01-17T10:46:09Z</time></wpt>
<wpt lat="46.197850" lon="6.747510"><ele>1674</ele><time>2027-01-17T10:46:10Z</time></wpt>
<wpt lat="46.197840" lon="6.747560"><ele>1674</ele><time>2027-01-17T10:46:10Z</time></wpt>
<wpt lat="46.197820" lon="6.747610"><ele>1673</ele><time>2027-01-17T10:46:11Z</time></wpt>
<wpt lat="46.197755" lon="6.747910"><ele>1673</ele><time>2027-01-17T10:46:13Z</time></wpt>
<wpt lat="46.197690" lon="6.748210"><ele>1671</ele><time>2027-01-17T10:46:15Z</time></wpt>
<wpt lat="46.197620" lon="6.748510"><ele>1669</ele><time>2027-01-17T10:46:18Z</time></wpt>
<wpt lat="46.197600" lon="6.748600"><ele>1668</ele><time>2027-01-17T10:46:19Z</time></wpt>
<wpt lat="46.197570" lon="6.748660"><ele>1668</ele><time>2027-01-17T10:46:19Z</time></wpt>
<wpt lat="46.197467" lon="6.748933"><ele>1668</ele><time>2027-01-17T10:46:22Z</time></wpt>
<wpt lat="46.197363" lon="6.749207"><ele>1668</ele><time>2027-01-17T10:46:24Z</time></wpt>
<wpt lat="46.197260" lon="6.749480"><ele>1662</ele><time>2027-01-17T10:46:26Z</time></wpt>
<wpt lat="46.197220" lon="6.749580"><ele>1661</ele><time>2027-01-17T10:46:27Z</time></wpt>
<wpt lat="46.197160" lon="6.749700"><ele>1660</ele><time>2027-01-17T10:46:28Z</time></wpt>
<wpt lat="46.197110" lon="6.749790"><ele>1659</ele><time>2027-01-17T10:46:29Z</time></wpt>
<wpt lat="46.197070" lon="6.749840"><ele>1659</ele><time>2027-01-17T10:46:30Z</time></wpt>
<wpt lat="46.196990" lon="6.749940"><ele>1658</ele><time>2027-01-17T10:46:31Z</time></wpt>
<wpt lat="46.196890" lon="6.749970"><ele>1657</ele><time>2027-01-17T10:46:32Z</time></wpt>
<wpt lat="46.196890" lon="6.749970"><ele>1657</ele><time>2027-01-17T10:46:32Z</time></wpt>
<wpt lat="46.196850" lon="6.750050"><ele>1657</ele><time>2027-01-17T10:46:33Z</time></wpt>
<wpt lat="46.196800" lon="6.750140"><ele>1656</ele><time>2027-01-17T10:46:34Z</time></wpt>
<wpt lat="46.196740" lon="6.750290"><ele>1656</ele><time>2027-01-17T10:46:35Z</time></wpt>
<wpt lat="46.196670" lon="6.750420"><ele>1656</ele><time>2027-01-17T10:46:36Z</time></wpt>
<wpt lat="46.196580" lon="6.750590"><ele>1656</ele><time>2027-01-17T10:46:38Z</time></wpt>
<wpt lat="46.196480" lon="6.750730"><ele>1656</ele><time>2027-01-17T10:46:40Z</time></wpt>
<wpt lat="46.196300" lon="6.750940"><ele>1655</ele><time>2027-01-17T10:46:42Z</time></wpt>
<wpt lat="46.196130" lon="6.751155"><ele>1655</ele><time>2027-01-17T10:46:45Z</time></wpt>
<wpt lat="46.195960" lon="6.751370"><ele>1655</ele><time>2027-01-17T10:46:47Z</time></wpt>
<wpt lat="46.195870" lon="6.751470"><ele>1654</ele><time>2027-01-17T10:46:48Z</time></wpt>
<wpt lat="46.195760" lon="6.751550"><ele>1653</ele><time>2027-01-17T10:46:50Z</time></wpt>
<wpt lat="46.195670" lon="6.751590"><ele>1651</ele><time>2027-01-17T10:46:51Z</time></wpt>
<wpt lat="46.195660" lon="6.751600"><ele>1651</ele><time>2027-01-17T10:46:51Z</time></wpt>
<wpt lat="46.195550" lon="6.751640"><ele>1648</ele><time>2027-01-17T10:46:52Z</time></wpt>
<wpt lat="46.195550" lon="6.751640"><ele>1648</ele><time>2027-01-17T10:46:52Z</time></wpt>
<wpt lat="46.195610" lon="6.751385"><ele>1648</ele><time>2027-01-17T10:46:54Z</time></wpt>
<wpt lat="46.195670" lon="6.751130"><ele>1644</ele><time>2027-01-17T10:46:56Z</time></wpt>
<wpt lat="46.195670" lon="6.751130"><ele>1644</ele><time>2027-01-17T10:47:56Z</time></wpt>
<wpt lat="46.195700" lon="6.751020"><ele>1644</ele><time>2027-01-17T10:47:59Z</time></wpt>
<wpt lat="46.195730" lon="6.750910"><ele>1643</ele><time>2027-01-17T10:48:01Z</time></wpt>
<wpt lat="46.195757" lon="6.750808"><ele>1643</ele><time>2027-01-17T10:48:03Z</time></wpt>
<wpt lat="46.195785" lon="6.750705"><ele>1643</ele><time>2027-01-17T10:48:05Z</time></wpt>
<wpt lat="46.195813" lon="6.750603"><ele>1643</ele><time>2027-01-17T10:48:07Z</time></wpt>
<wpt lat="46.195840" lon="6.750500"><ele>1643</ele><time>2027-01-17T10:48:09Z</time></wpt>
<wpt lat="46.195867" lon="6.750398"><ele>1643</ele><time>2027-01-17T10:48:11Z</time></wpt>
<wpt lat="46.195895" lon="6.750295"><ele>1643</ele><time>2027-01-17T10:48:14Z</time></wpt>
<wpt lat="46.195923" lon="6.750192"><ele>1643</ele><time>2027-01-17T10:48:16Z</time></wpt>
<wpt lat="46.195950" lon="6.750090"><ele>1638</ele><time>2027-01-17T10:48:18Z</time></wpt>
<wpt lat="46.195976" lon="6.749992"><ele>1638</ele><time>2027-01-17T10:48:20Z</time></wpt>
<wpt lat="46.196001" lon="6.749894"><ele>1638</ele><time>2027-01-17T10:48:22Z</time></wpt>
<wpt lat="46.196027" lon="6.749796"><ele>1638</ele><time>2027-01-17T10:48:24Z</time></wpt>
<wpt lat="46.196052" lon="6.749698"><ele>1638</ele><time>2027-01-17T10:48:26Z</time></wpt>
<wpt lat="46.196078" lon="6.749600"><ele>1638</ele><time>2027-01-17T10:48:28Z</time></wpt>
<wpt lat="46.196103" lon="6.749502"><ele>1638</ele><time>2027-01-17T10:48:30Z</time></wpt>
<wpt lat="46.196129" lon="6.749404"><ele>1638</ele><time>2027-01-17T10:48:32Z</time></wpt>
<wpt lat="46.196154" lon="6.749306"><ele>1638</ele><time>2027-01-17T10:48:34Z</time></wpt>
<wpt lat="46.196179" lon="6.749208"><ele>1638</ele><time>2027-01-17T10:48:36Z</time></wpt>
<wpt lat="46.196205" lon="6.749110"><ele>1638</ele><time>2027-01-17T10:48:38Z</time></wpt>
<wpt lat="46.196231" lon="6.749012"><ele>1638</ele><time>2027-01-17T10:48:40Z</time></wpt>
<wpt lat="46.196256" lon="6.748914"><ele>1638</ele><time>2027-01-17T10:48:42Z</time></wpt>
<wpt lat="46.196282" lon="6.748816"><ele>1638</ele><time>2027-01-17T10:48:44Z</time></wpt>
<wpt lat="46.196307" lon="6.748718"><ele>1638</ele><time>2027-01-17T10:48:46Z</time></wpt>
<wpt lat="46.196333" lon="6.748620"><ele>1638</ele><time>2027-01-17T10:48:48Z</time></wpt>
<wpt lat="46.196358" lon="6.748522"><ele>1638</ele><time>2027-01-17T10:48:50Z</time></wpt>
<wpt lat="46.196384" lon="6.748424"><ele>1638</ele><time>2027-01-17T10:48:52Z</time></wpt>
<wpt lat="46.196409" lon="6.748326"><ele>1638</ele><time>2027-01-17T10:48:54Z</time></wpt>
<wpt lat="46.196435" lon="6.748228"><ele>1638</ele><time>2027-01-17T10:48:56Z</time></wpt>
<wpt lat="46.196460" lon="6.748130"><ele>1640</ele><time>2027-01-17T10:48:58Z</time></wpt>
<wpt lat="46.196487" lon="6.748028"><ele>1640</ele><time>2027-01-17T10:49:00Z</time></wpt>
<wpt lat="46.196514" lon="6.747926"><ele>1640</ele><time>2027-01-17T10:49:02Z</time></wpt>
<wpt lat="46.196541" lon="6.747824"><ele>1640</ele><time>2027-01-17T10:49:04Z</time></wpt>
<wpt lat="46.196568" lon="6.747723"><ele>1640</ele><time>2027-01-17T10:49:07Z</time></wpt>
<wpt lat="46.196594" lon="6.747621"><ele>1640</ele><time>2027-01-17T10:49:09Z</time></wpt>
<wpt lat="46.196621" lon="6.747519"><ele>1640</ele><time>2027-01-17T10:49:11Z</time></wpt>
<wpt lat="46.196648" lon="6.747417"><ele>1640</ele><time>2027-01-17T10:49:13Z</time></wpt>
<wpt lat="46.196675" lon="6.747315"><ele>1640</ele><time>2027-01-17T10:49:15Z</time></wpt>
<wpt lat="46.196702" lon="6.747213"><ele>1640</ele><time>2027-01-17T10:49:17Z</time></wpt>
<wpt lat="46.196729" lon="6.747111"><ele>1640</ele><time>2027-01-17T10:49:19Z</time></wpt>
<wpt lat="46.196756" lon="6.747009"><ele>1640</ele><time>2027-01-17T10:49:21Z</time></wpt>
<wpt lat="46.196783" lon="6.746907"><ele>1640</ele><time>2027-01-17T10:49:23Z</time></wpt>
<wpt lat="46.196809" lon="6.746806"><ele>1640</ele><time>2027-01-17T10:49:25Z</time></wpt>
<wpt lat="46.196836" lon="6.746704"><ele>1640</ele><time>2027-01-17T10:49:28Z</time></wpt>
<wpt lat="46.196863" lon="6.746602"><ele>1640</ele><time>2027-01-17T10:49:30Z</time></wpt>
<wpt lat="46.196890" lon="6.746500"><ele>1652</ele><time>2027-01-17T10:49:32Z</time></wpt>
<wpt lat="46.196916" lon="6.746400"><ele>1652</ele><time>2027-01-17T10:49:34Z</time></wpt>
<wpt lat="46.196943" lon="6.746300"><ele>1652</ele><time>2027-01-17T10:49:36Z</time></wpt>
<wpt lat="46.196969" lon="6.746200"><ele>1652</ele><time>2027-01-17T10:49:38Z</time></wpt>
<wpt lat="46.196995" lon="6.746100"><ele>1652</ele><time>2027-01-17T10:49:40Z</time></wpt>
<wpt lat="46.197021" lon="6.746000"><ele>1652</ele><time>2027-01-17T10:49:42Z</time></wpt>
<wpt lat="46.197048" lon="6.745900"><ele>1652</ele><time>2027-01-17T10:49:44Z</time></wpt>
<wpt lat="46.197074" lon="6.745800"><ele>1652</ele><time>2027-01-17T10:49:46Z</time></wpt>
<wpt lat="46.197100" lon="6.745700"><ele>1652</ele><time>2027-01-17T10:49:48Z</time></wpt>
<wpt lat="46.197126" lon="6.745600"><ele>1652</ele><time>2027-01-17T10:49:50Z</time></wpt>
<wpt lat="46.197153" lon="6.745500"><ele>1652</ele><time>2027-01-17T10:49:52Z</time></wpt>
<wpt lat="46.197179" lon="6.745400"><ele>1652</ele><time>2027-01-17T10:49:54Z</time></wpt>
<wpt lat="46.197205" lon="6.745300"><ele>1652</ele><time>2027-01-17T10:49:56Z</time></wpt>
<wpt lat="46.197231" lon="6.745200"><ele>1652</ele><time>2027-01-17T10:49:58Z</time></wpt>
<wpt lat="46.197257" lon="6.745100"><ele>1652</ele><time>2027-01-17T10:50:01Z</time></wpt>
<wpt lat="46.197284" lon="6.745000"><ele>1652</ele><time>2027-01-17T10:50:03Z</time></wpt>
<wpt lat="46.197310" lon="6.744900"><ele>1667</ele><time>2027-01-17T10:50:05Z</time></wpt>
<wpt lat="46.197335" lon="6.744800"><ele>1667</ele><time>2027-01-17T10:50:07Z</time></wpt>
<wpt lat="46.197360" lon="6.744700"><ele>1667</ele><time>2027-01-17T10:50:09Z</time></wpt>
<wpt lat="46.197385" lon="6.744600"><ele>1667</ele><time>2027-01-17T10:50:11Z</time></wpt>
<wpt lat="46.197410" lon="6.744500"><ele>1667</ele><time>2027-01-17T10:50:13Z</time></wpt>
<wpt lat="46.197435" lon="6.744400"><ele>1667</ele><time>2027-01-17T10:50:15Z</time></wpt>
<wpt lat="46.197460" lon="6.744300"><ele>1667</ele><time>2027-01-17T10:50:17Z</time></wpt>
<wpt lat="46.197485" lon="6.744200"><ele>1667</ele><time>2027-01-17T10:50:19Z</time></wpt>
<wpt lat="46.197510" lon="6.744100"><ele>1667</ele><time>2027-01-17T10:50:21Z</time></wpt>
<wpt lat="46.197535" lon="6.744000"><ele>1667</ele><time>2027-01-17T10:50:23Z</time></wpt>
<wpt lat="46.197560" lon="6.743900"><ele>1667</ele><time>2027-01-17T10:50:25Z</time></wpt>
<wpt lat="46.197585" lon="6.743800"><ele>1667</ele><time>2027-01-17T10:50:27Z</time></wpt>
<wpt lat="46.197610" lon="6.743700"><ele>1667</ele><time>2027-01-17T10:50:29Z</time></wpt>
<wpt lat="46.197635" lon="6.743600"><ele>1667</ele><time>2027-01-17T10:50:31Z</time></wpt>
<wpt lat="46.197660" lon="6.743500"><ele>1667</ele><time>2027-01-17T10:50:33Z</time></wpt>
<wpt lat="46.197685" lon="6.743400"><ele>1667</ele><time>2027-01-17T10:50:35Z</time></wpt>
<wpt lat="46.197710" lon="6.743300"><ele>1667</ele><time>2027-01-17T10:50:37Z</time></wpt>
<wpt lat="46.197735" lon="6.743200"><ele>1667</ele><time>2027-01-17T10:50:39Z</time></wpt>
<wpt lat="46.197760" lon="6.743100"><ele>1686</ele><time>2027-01-17T10:50:41Z</time></wpt>
<wpt lat="46.197787" lon="6.743000"><ele>1686</ele><time>2027-01-17T10:50:44Z</time></wpt>
<wpt lat="46.197813" lon="6.742900"><ele>1686</ele><time>2027-01-17T10:50:46Z</time></wpt>
<wpt lat="46.197840" lon="6.742800"><ele>1686</ele><time>2027-01-17T10:50:48Z</time></wpt>
<wpt lat="46.197867" lon="6.742700"><ele>1686</ele><time>2027-01-17T10:50:50Z</time></wpt>
<wpt lat="46.197893" lon="6.742600"><ele>1686</ele><time>2027-01-17T10:50:52Z</time></wpt>
<wpt lat="46.197920" lon="6.742500"><ele>1686</ele><time>2027-01-17T10:50:54Z</time></wpt>
<wpt lat="46.197947" lon="6.742400"><ele>1686</ele><time>2027-01-17T10:50:56Z</time></wpt>
<wpt lat="46.197973" lon="6.742300"><ele>1686</ele><time>2027-01-17T10:50:58Z</time></wpt>
<wpt lat="46.198000" lon="6.742200"><ele>1686</ele><time>2027-01-17T10:51:00Z</time></wpt>
<wpt lat="46.198027" lon="6.742100"><ele>1686</ele><time>2027-01-17T10:51:02Z</time></wpt>
<wpt lat="46.198053" lon="6.742000"><ele>1686</ele><time>2027-01-17T10:51:04Z</time></wpt>
<wpt lat="46.198080" lon="6.741900"><ele>1714</ele><time>2027-01-17T10:51:06Z</time></wpt>
<wpt lat="46.198106" lon="6.741801"><ele>1714</ele><time>2027-01-17T10:51:08Z</time></wpt>
<wpt lat="46.198133" lon="6.741702"><ele>1714</ele><time>2027-01-17T10:51:10Z</time></wpt>
<wpt lat="46.198159" lon="6.741603"><ele>1714</ele><time>2027-01-17T10:51:12Z</time></wpt>
<wpt lat="46.198185" lon="6.741504"><ele>1714</ele><time>2027-01-17T10:51:14Z</time></wpt>
<wpt lat="46.198212" lon="6.741405"><ele>1714</ele><time>2027-01-17T10:51:16Z</time></wpt>
<wpt lat="46.198238" lon="6.741305"><ele>1714</ele><time>2027-01-17T10:51:18Z</time></wpt>
<wpt lat="46.198265" lon="6.741206"><ele>1714</ele><time>2027-01-17T10:51:21Z</time></wpt>
<wpt lat="46.198291" lon="6.741107"><ele>1714</ele><time>2027-01-17T10:51:23Z</time></wpt>
<wpt lat="46.198317" lon="6.741008"><ele>1714</ele><time>2027-01-17T10:51:25Z</time></wpt>
<wpt lat="46.198344" lon="6.740909"><ele>1714</ele><time>2027-01-17T10:51:27Z</time></wpt>
<wpt lat="46.198370" lon="6.740810"><ele>1734</ele><time>2027-01-17T10:51:29Z</time></wpt>
<wpt lat="46.198396" lon="6.740708"><ele>1734</ele><time>2027-01-17T10:51:31Z</time></wpt>
<wpt lat="46.198423" lon="6.740606"><ele>1734</ele><time>2027-01-17T10:51:33Z</time></wpt>
<wpt lat="46.198449" lon="6.740505"><ele>1734</ele><time>2027-01-17T10:51:35Z</time></wpt>
<wpt lat="46.198475" lon="6.740403"><ele>1734</ele><time>2027-01-17T10:51:37Z</time></wpt>
<wpt lat="46.198502" lon="6.740301"><ele>1734</ele><time>2027-01-17T10:51:39Z</time></wpt>
<wpt lat="46.198528" lon="6.740199"><ele>1734</ele><time>2027-01-17T10:51:41Z</time></wpt>
<wpt lat="46.198555" lon="6.740097"><ele>1734</ele><time>2027-01-17T10:51:43Z</time></wpt>
<wpt lat="46.198581" lon="6.739995"><ele>1734</ele><time>2027-01-17T10:51:45Z</time></wpt>
<wpt lat="46.198607" lon="6.739894"><ele>1734</ele><time>2027-01-17T10:51:48Z</time></wpt>
<wpt lat="46.198634" lon="6.739792"><ele>1734</ele><time>2027-01-17T10:51:50Z</time></wpt>
<wpt lat="46.198660" lon="6.739690"><ele>1754</ele><time>2027-01-17T10:51:52Z</time></wpt>
<wpt lat="46.198688" lon="6.739582"><ele>1754</ele><time>2027-01-17T10:51:54Z</time></wpt>
<wpt lat="46.198717" lon="6.739473"><ele>1754</ele><time>2027-01-17T10:51:56Z</time></wpt>
<wpt lat="46.198745" lon="6.739365"><ele>1754</ele><time>2027-01-17T10:51:58Z</time></wpt>
<wpt lat="46.198773" lon="6.739257"><ele>1754</ele><time>2027-01-17T10:52:01Z</time></wpt>
<wpt lat="46.198802" lon="6.739148"><ele>1754</ele><time>2027-01-17T10:52:03Z</time></wpt>
<wpt lat="46.198830" lon="6.739040"><ele>1757</ele><time>2027-01-17T10:52:05Z</time></wpt>
<wpt lat="46.199040" lon="6.739120"><ele>1754</ele><time>2027-01-17T10:52:07Z</time></wpt>
<wpt lat="46.199050" lon="6.739580"><ele>1754</ele><time>2027-01-17T10:52:11Z</time></wpt>
<wpt lat="46.199050" lon="6.739660"><ele>1754</ele><time>2027-01-17T10:52:12Z</time></wpt>
<wpt lat="46.199060" lon="6.739750"><ele>1754</ele><time>2027-01-17T10:52:12Z</time></wpt>
<wpt lat="46.199070" lon="6.739830"><ele>1754</ele><time>2027-01-17T10:52:13Z</time></wpt>
<wpt lat="46.199080" lon="6.739920"><ele>1753</ele><time>2027-01-17T10:52:14Z</time></wpt>
<wpt lat="46.199090" lon="6.739990"><ele>1753</ele><time>2027-01-17T10:52:14Z</time></wpt>
<wpt lat="46.199110" lon="6.740060"><ele>1752</ele><time>2027-01-17T10:52:15Z</time></wpt>
<wpt lat="46.199130" lon="6.740140"><ele>1751</ele><time>2027-01-17T10:52:15Z</time></wpt>
<wpt lat="46.199150" lon="6.740210"><ele>1751</ele><time>2027-01-17T10:52:16Z</time></wpt>
<wpt lat="46.199330" lon="6.740540"><ele>1749</ele><time>2027-01-17T10:52:19Z</time></wpt>
<wpt lat="46.199370" lon="6.740600"><ele>1749</ele><time>2027-01-17T10:52:20Z</time></wpt>
<wpt lat="46.199370" lon="6.740600"><ele>1749</ele><time>2027-01-17T10:52:20Z</time></wpt>
<wpt lat="46.199380" lon="6.740640"><ele>1749</ele><time>2027-01-17T10:52:20Z</time></wpt>
<wpt lat="46.199390" lon="6.740670"><ele>1749</ele><time>2027-01-17T10:52:21Z</time></wpt>
<wpt lat="46.199400" lon="6.740700"><ele>1749</ele><time>2027-01-17T10:52:21Z</time></wpt>
<wpt lat="46.199450" lon="6.740830"><ele>1749</ele><time>2027-01-17T10:52:22Z</time></wpt>
<wpt lat="46.199510" lon="6.740950"><ele>1749</ele><time>2027-01-17T10:52:23Z</time></wpt>
<wpt lat="46.199680" lon="6.741240"><ele>1750</ele><time>2027-01-17T10:52:26Z</time></wpt>
<wpt lat="46.199760" lon="6.741390"><ele>1751</ele><time>2027-01-17T10:52:27Z</time></wpt>
<wpt lat="46.199857" lon="6.741633"><ele>1751</ele><time>2027-01-17T10:52:30Z</time></wpt>
<wpt lat="46.199953" lon="6.741877"><ele>1751</ele><time>2027-01-17T10:52:32Z</time></wpt>
<wpt lat="46.200050" lon="6.742120"><ele>1751</ele><time>2027-01-17T10:52:34Z</time></wpt>
<wpt lat="46.200070" lon="6.742250"><ele>1751</ele><time>2027-01-17T10:52:35Z</time></wpt>
<wpt lat="46.200070" lon="6.742370"><ele>1751</ele><time>2027-01-17T10:52:36Z</time></wpt>
<wpt lat="46.200030" lon="6.742480"><ele>1750</ele><time>2027-01-17T10:52:37Z</time></wpt>
<wpt lat="46.199990" lon="6.742580"><ele>1750</ele><time>2027-01-17T10:52:38Z</time></wpt>
<wpt lat="46.199910" lon="6.742690"><ele>1749</ele><time>2027-01-17T10:52:39Z</time></wpt>
<wpt lat="46.199820" lon="6.742790"><ele>1747</ele><time>2027-01-17T10:52:40Z</time></wpt>
<wpt lat="46.199672" lon="6.742948"><ele>1747</ele><time>2027-01-17T10:52:42Z</time></wpt>
<wpt lat="46.199523" lon="6.743107"><ele>1747</ele><time>2027-01-17T10:52:44Z</time></wpt>
<wpt lat="46.199375" lon="6.743265"><ele>1747</ele><time>2027-01-17T10:52:46Z</time></wpt>
<wpt lat="46.199227" lon="6.743423"><ele>1747</ele><time>2027-01-17T10:52:48Z</time></wpt>
<wpt lat="46.199078" lon="6.743582"><ele>1747</ele><time>2027-01-17T10:52:50Z</time></wpt>
<wpt lat="46.198930" lon="6.743740"><ele>1722</ele><time>2027-01-17T10:52:52Z</time></wpt>
<wpt lat="46.198800" lon="6.743840"><ele>1717</ele><time>2027-01-17T10:52:54Z</time></wpt>
<wpt lat="46.198680" lon="6.743910"><ele>1713</ele><time>2027-01-17T10:52:56Z</time></wpt>
<wpt lat="46.198570" lon="6.743950"><ele>1709</ele><time>2027-01-17T10:52:57Z</time></wpt>
<wpt lat="46.198460" lon="6.743960"><ele>1704</ele><time>2027-01-17T10:52:58Z</time></wpt>
<wpt lat="46.198390" lon="6.743960"><ele>1702</ele><time>2027-01-17T10:52:59Z</time></wpt>
<wpt lat="46.198340" lon="6.743990"><ele>1700</ele><time>2027-01-17T10:52:59Z</time></wpt>
<wpt lat="46.198260" lon="6.744030"><ele>1696</ele><time>2027-01-17T10:53:00Z</time></wpt>
<wpt lat="46.198230" lon="6.744060"><ele>1695</ele><time>2027-01-17T10:53:01Z</time></wpt>
<wpt lat="46.198200" lon="6.744100"><ele>1693</ele><time>2027-01-17T10:53:01Z</time></wpt>
<wpt lat="46.198180" lon="6.744140"><ele>1692</ele><time>2027-01-17T10:53:02Z</time></wpt>
<wpt lat="46.198180" lon="6.744170"><ele>1692</ele><time>2027-01-17T10:53:02Z</time></wpt>
<wpt lat="46.198170" lon="6.744200"><ele>1692</ele><time>2027-01-17T10:53:02Z</time></wpt>
<wpt lat="46.198170" lon="6.744250"><ele>1691</ele><time>2027-01-17T10:53:02Z</time></wpt>
<wpt lat="46.198170" lon="6.744250"><ele>1691</ele><time>2027-01-17T10:53:02Z</time></wpt>
<wpt lat="46.198170" lon="6.744300"><ele>1691</ele><time>2027-01-17T10:53:03Z</time></wpt>
<wpt lat="46.198170" lon="6.744340"><ele>1690</ele><time>2027-01-17T10:53:03Z</time></wpt>
<wpt lat="46.198180" lon="6.744550"><ele>1689</ele><time>2027-01-17T10:53:05Z</time></wpt>
<wpt lat="46.198190" lon="6.744610"><ele>1689</ele><time>2027-01-17T10:53:05Z</time></wpt>
<wpt lat="46.198200" lon="6.744690"><ele>1689</ele><time>2027-01-17T10:53:06Z</time></wpt>
<wpt lat="46.198210" lon="6.744790"><ele>1689</ele><time>2027-01-17T10:53:07Z</time></wpt>
<wpt lat="46.198240" lon="6.744940"><ele>1689</ele><time>2027-01-17T10:53:08Z</time></wpt>
<wpt lat="46.198280" lon="6.745050"><ele>1690</ele><time>2027-01-17T10:53:09Z</time></wpt>
<wpt lat="46.198320" lon="6.745150"><ele>1690</ele><time>2027-01-17T10:53:10Z</time></wpt>
<wpt lat="46.198360" lon="6.745240"><ele>1691</ele><time>2027-01-17T10:53:11Z</time></wpt>
<wpt lat="46.198475" lon="6.745460"><ele>1691</ele><time>2027-01-17T10:53:13Z</time></wpt>
<wpt lat="46.198590" lon="6.745680"><ele>1694</ele><time>2027-01-17T10:53:15Z</time></wpt>
<wpt lat="46.198610" lon="6.745720"><ele>1694</ele><time>2027-01-17T10:53:15Z</time></wpt>
<wpt lat="46.198620" lon="6.745770"><ele>1694</ele><time>2027-01-17T10:53:16Z</time></wpt>
<wpt lat="46.198630" lon="6.745800"><ele>1694</ele><time>2027-01-17T10:53:16Z</time></wpt>
<wpt lat="46.198640" lon="6.745860"><ele>1694</ele><time>2027-01-17T10:53:16Z</time></wpt>
<wpt lat="46.198640" lon="6.745910"><ele>1693</ele><time>2027-01-17T10:53:17Z</time></wpt>
<wpt lat="46.198650" lon="6.745940"><ele>1694</ele><time>2027-01-17T10:53:17Z</time></wpt>
<wpt lat="46.198630" lon="6.746180"><ele>1692</ele><time>2027-01-17T10:53:19Z</time></wpt>
<wpt lat="46.198620" lon="6.746240"><ele>1692</ele><time>2027-01-17T10:53:19Z</time></wpt>
<wpt lat="46.198600" lon="6.746300"><ele>1691</ele><time>2027-01-17T10:53:20Z</time></wpt>
<wpt lat="46.198590" lon="6.746370"><ele>1691</ele><time>2027-01-17T10:53:20Z</time></wpt>
<wpt lat="46.198570" lon="6.746430"><ele>1690</ele><time>2027-01-17T10:53:21Z</time></wpt>
<wpt lat="46.198550" lon="6.746480"><ele>1689</ele><time>2027-01-17T10:53:21Z</time></wpt>
<wpt lat="46.198520" lon="6.746530"><ele>1689</ele><time>2027-01-17T10:53:22Z</time></wpt>
<wpt lat="46.198480" lon="6.746590"><ele>1688</ele><time>2027-01-17T10:53:22Z</time></wpt>
<wpt lat="46.198330" lon="6.746790"><ele>1688</ele><time>2027-01-17T10:53:25Z</time></wpt>
<wpt lat="46.198180" lon="6.746990"><ele>1681</ele><time>2027-01-17T10:53:27Z</time></wpt>
<wpt lat="46.198010" lon="6.747230"><ele>1678</ele><time>2027-01-17T10:53:30Z</time></wpt>
<wpt lat="46.197960" lon="6.747310"><ele>1676</ele><time>2027-01-17T10:53:30Z</time></wpt>
<wpt lat="46.197920" lon="6.747380"><ele>1675</ele><time>2027-01-17T10:53:31Z</time></wpt>
<wpt lat="46.197880" lon="6.747440"><ele>1675</ele><time>2027-01-17T10:53:32Z</time></wpt>
<wpt lat="46.197850" lon="6.747510"><ele>1674</ele><time>2027-01-17T10:53:32Z</time></wpt>
<wpt lat="46.197840" lon="6.747560"><ele>1674</ele><time>2027-01-17T10:53:33Z</time></wpt>
<wpt lat="46.197820" lon="6.747610"><ele>1673</ele><time>2027-01-17T10:53:33Z</time></wpt>
<wpt lat="46.197755" lon="6.747910"><ele>1673</ele><time>2027-01-17T10:53:36Z</time></wpt>
<wpt lat="46.197690" lon="6.748210"><ele>1671</ele><time>2027-01-17T10:53:38Z</time></wpt>
<wpt lat="46.197620" lon="6.748510"><ele>1669</ele><time>2027-01-17T10:53:41Z</time></wpt>
<wpt lat="46.197600" lon="6.748600"><ele>1668</ele><time>2027-01-17T10:53:41Z</time></wpt>
<wpt lat="46.197570" lon="6.748660"><ele>1668</ele><time>2027-01-17T10:53:42Z</time></wpt>
<wpt lat="46.197467" lon="6.748933"><ele>1668</ele><time>2027-01-17T10:53:44Z</time></wpt>
<wpt lat="46.197363" lon="6.749207"><ele>1668</ele><time>2027-01-17T10:53:47Z</time></wpt>
<wpt lat="46.197260" lon="6.749480"><ele>1662</ele><time>2027-01-17T10:53:49Z</time></wpt>
<wpt lat="46.197220" lon="6.749580"><ele>1661</ele><time>2027-01-17T10:53:50Z</time></wpt>
<wpt lat="46.197160" lon="6.749700"><ele>1660</ele><time>2027-01-17T10:53:51Z</time></wpt>
<wpt lat="46.197110" lon="6.749790"><ele>1659</ele><time>2027-01-17T10:53:52Z</time></wpt>
<wpt lat="46.197070" lon="6.749840"><ele>1659</ele><time>2027-01-17T10:53:53Z</time></wpt>
<wpt lat="46.196990" lon="6.749940"><ele>1658</ele><time>2027-01-17T10:53:54Z</time></wpt>
<wpt lat="46.196890" lon="6.749970"><ele>1657</ele><time>2027-01-17T10:53:55Z</time></wpt>
<wpt lat="46.196890" lon="6.749970"><ele>1657</ele><time>2027-01-17T10:53:55Z</time></wpt>
<wpt lat="46.196850" lon="6.750050"><ele>1657</ele><time>2027-01-17T10:53:56Z</time></wpt>
<wpt lat="46.196800" lon="6.750140"><ele>1656</ele><time>2027-01-17T10:53:56Z</time></wpt>
<wpt lat="46.196740" lon="6.750290"><ele>1656</ele><time>2027-01-17T10:53:58Z</time></wpt>
<wpt lat="46.196670" lon="6.750420"><ele>1656</ele><time>2027-01-17T10:53:59Z</time></wpt>
<wpt lat="46.196580" lon="6.750590"><ele>1656</ele><time>2027-01-17T10:54:01Z</time></wpt>
<wpt lat="46.196480" lon="6.750730"><ele>1656</ele><time>2027-01-17T10:54:02Z</time></wpt>
<wpt lat="46.196300" lon="6.750940"><ele>1655</ele><time>2027-01-17T10:54:05Z</time></wpt>
<wpt lat="46.196130" lon="6.751155"><ele>1655</ele><time>2027-01-17T10:54:07Z</time></wpt>
<wpt lat="46.195960" lon="6.751370"><ele>1655</ele><time>2027-01-17T10:54:10Z</time></wpt>
<wpt lat="46.195870" lon="6.751470"><ele>1654</ele><time>2027-01-17T10:54:11Z</time></wpt>
<wpt lat="46.195760" lon="6.751550"><ele>1653</ele><time>2027-01-17T10:54:12Z</time></wpt>
<wpt lat="46.195670" lon="6.751590"><ele>1651</ele><time>2027-01-17T10:54:14Z</time></wpt>
<wpt lat="46.195660" lon="6.751600"><ele>1651</ele><time>2027-01-17T10:54:14Z</time></wpt>
<wpt lat="46.195550" lon="6.751640"><ele>1648</ele><time>2027-01-17T10:54:15Z</time></wpt>
<wpt lat="46.195430" lon="6.751850"><ele>1648</ele><time>2027-01-17T10:54:17Z</time></wpt>
<wpt lat="46.195310" lon="6.752060"><ele>1648</ele><time>2027-01-17T10:54:19Z</time></wpt>
<wpt lat="46.195190" lon="6.752270"><ele>1638</ele><time>2027-01-17T10:55:21Z</time></wpt>
<wpt lat="46.195200" lon="6.752400"><ele>1638</ele><time>2027-01-17T10:55:24Z</time></wpt>
<wpt lat="46.195210" lon="6.752530"><ele>1643</ele><time>2027-01-17T10:55:26Z</time></wpt>
<wpt lat="46.195217" lon="6.752639"><ele>1643</ele><time>2027-01-17T10:55:28Z</time></wpt>
<wpt lat="46.195223" lon="6.752748"><ele>1643</ele><time>2027-01-17T10:55:30Z</time></wpt>
<wpt lat="46.195230" lon="6.752857"><ele>1643</ele><time>2027-01-17T10:55:33Z</time></wpt>
<wpt lat="46.195237" lon="6.752966"><ele>1643</ele><time>2027-01-17T10:55:35Z</time></wpt>
<wpt lat="46.195243" lon="6.753074"><ele>1643</ele><time>2027-01-17T10:55:37Z</time></wpt>
<wpt lat="46.195250" lon="6.753183"><ele>1643</ele><time>2027-01-17T10:55:39Z</time></wpt>
<wpt lat="46.195257" lon="6.753292"><ele>1643</ele><time>2027-01-17T10:55:41Z</time></wpt>
<wpt lat="46.195263" lon="6.753401"><ele>1643</ele><time>2027-01-17T10:55:43Z</time></wpt>
<wpt lat="46.195270" lon="6.753510"><ele>1658</ele><time>2027-01-17T10:55:45Z</time></wpt>
<wpt lat="46.195276" lon="6.753617"><ele>1658</ele><time>2027-01-17T10:55:47Z</time></wpt>
<wpt lat="46.195282" lon="6.753724"><ele>1658</ele><time>2027-01-17T10:55:49Z</time></wpt>
<wpt lat="46.195289" lon="6.753831"><ele>1658</ele><time>2027-01-17T10:55:51Z</time></wpt>
<wpt lat="46.195295" lon="6.753938"><ele>1658</ele><time>2027-01-17T10:55:53Z</time></wpt>
<wpt lat="46.195301" lon="6.754044"><ele>1658</ele><time>2027-01-17T10:55:56Z</time></wpt>
<wpt lat="46.195307" lon="6.754151"><ele>1658</ele><time>2027-01-17T10:55:58Z</time></wpt>
<wpt lat="46.195314" lon="6.754258"><ele>1658</ele><time>2027-01-17T10:56:00Z</time></wpt>
<wpt lat="46.195320" lon="6.754365"><ele>1658</ele><time>2027-01-17T10:56:02Z</time></wpt>
<wpt lat="46.195326" lon="6.754472"><ele>1658</ele><time>2027-01-17T10:56:04Z</time></wpt>
<wpt lat="46.195332" lon="6.754579"><ele>1658</ele><time>2027-01-17T10:56:06Z</time></wpt>
<wpt lat="46.195339" lon="6.754686"><ele>1658</ele><time>2027-01-17T10:56:08Z</time></wpt>
<wpt lat="46.195345" lon="6.754792"><ele>1658</ele><time>2027-01-17T10:56:10Z</time></wpt>
<wpt lat="46.195351" lon="6.754899"><ele>1658</ele><time>2027-01-17T10:56:12Z</time></wpt>
<wpt lat="46.195358" lon="6.755006"><ele>1658</ele><time>2027-01-17T10:56:14Z</time></wpt>
<wpt lat="46.195364" lon="6.755113"><ele>1658</ele><time>2027-01-17T10:56:16Z</time></wpt>
<wpt lat="46.195370" lon="6.755220"><ele>1669</ele><time>2027-01-17T10:56:18Z</time></wpt>
<wpt lat="46.195376" lon="6.755324"><ele>1669</ele><time>2027-01-17T10:56:20Z</time></wpt>
<wpt lat="46.195383" lon="6.755427"><ele>1669</ele><time>2027-01-17T10:56:22Z</time></wpt>
<wpt lat="46.195389" lon="6.755531"><ele>1669</ele><time>2027-01-17T10:56:24Z</time></wpt>
<wpt lat="46.195396" lon="6.755634"><ele>1669</ele><time>2027-01-17T10:56:26Z</time></wpt>
<wpt lat="46.195402" lon="6.755738"><ele>1669</ele><time>2027-01-17T10:56:28Z</time></wpt>
<wpt lat="46.195409" lon="6.755841"><ele>1669</ele><time>2027-01-17T10:56:30Z</time></wpt>
<wpt lat="46.195415" lon="6.755945"><ele>1669</ele><time>2027-01-17T10:56:32Z</time></wpt>
<wpt lat="46.195421" lon="6.756049"><ele>1669</ele><time>2027-01-17T10:56:34Z</time></wpt>
<wpt lat="46.195428" lon="6.756152"><ele>1669</ele><time>2027-01-17T10:56:36Z</time></wpt>
<wpt lat="46.195434" lon="6.756256"><ele>1669</ele><time>2027-01-17T10:56:38Z</time></wpt>
<wpt lat="46.195441" lon="6.756359"><ele>1669</ele><time>2027-01-17T10:56:40Z</time></wpt>
<wpt lat="46.195447" lon="6.756463"><ele>1669</ele><time>2027-01-17T10:56:42Z</time></wpt>
<wpt lat="46.195454" lon="6.756566"><ele>1669</ele><time>2027-01-17T10:56:44Z</time></wpt>
<wpt lat="46.195460" lon="6.756670"><ele>1673</ele><time>2027-01-17T10:56:46Z</time></wpt>
<wpt lat="46.195466" lon="6.756774"><ele>1673</ele><time>2027-01-17T10:56:48Z</time></wpt>
<wpt lat="46.195472" lon="6.756877"><ele>1673</ele><time>2027-01-17T10:56:50Z</time></wpt>
<wpt lat="46.195479" lon="6.756981"><ele>1673</ele><time>2027-01-17T10:56:52Z</time></wpt>
<wpt lat="46.195485" lon="6.757085"><ele>1673</ele><time>2027-01-17T10:56:54Z</time></wpt>
<wpt lat="46.195491" lon="6.757189"><ele>1673</ele><time>2027-01-17T10:56:56Z</time></wpt>
<wpt lat="46.195498" lon="6.757293"><ele>1673</ele><time>2027-01-17T10:56:58Z</time></wpt>
<wpt lat="46.195504" lon="6.757396"><ele>1673</ele><time>2027-01-17T10:57:00Z</time></wpt>
<wpt lat="46.195510" lon="6.757500"><ele>1673</ele><time>2027-01-17T10:57:02Z</time></wpt>
<wpt lat="46.195516" lon="6.757604"><ele>1673</ele><time>2027-01-17T10:57:04Z</time></wpt>
<wpt lat="46.195522" lon="6.757707"><ele>1673</ele><time>2027-01-17T10:57:06Z</time></wpt>
<wpt lat="46.195529" lon="6.757811"><ele>1673</ele><time>2027-01-17T10:57:08Z</time></wpt>
<wpt lat="46.195535" lon="6.757915"><ele>1673</ele><time>2027-01-17T10:57:10Z</time></wpt>
<wpt lat="46.195541" lon="6.758019"><ele>1673</ele><time>2027-01-17T10:57:12Z</time></wpt>
<wpt lat="46.195548" lon="6.758122"><ele>1673</ele><time>2027-01-17T10:57:14Z</time></wpt>
<wpt lat="46.195554" lon="6.758226"><ele>1673</ele><time>2027-01-17T10:57:16Z</time></wpt>
<wpt lat="46.195560" lon="6.758330"><ele>1675</ele><time>2027-01-17T10:57:18Z</time></wpt>
<wpt lat="46.195566" lon="6.758434"><ele>1675</ele><time>2027-01-17T10:57:20Z</time></wpt>
<wpt lat="46.195572" lon="6.758538"><ele>1675</ele><time>2027-01-17T10:57:22Z</time></wpt>
<wpt lat="46.195578" lon="6.758642"><ele>1675</ele><time>2027-01-17T10:57:24Z</time></wpt>
<wpt lat="46.195584" lon="6.758746"><ele>1675</ele><time>2027-01-17T10:57:26Z</time></wpt>
<wpt lat="46.195589" lon="6.758851"><ele>1675</ele><time>2027-01-17T10:57:28Z</time></wpt>
<wpt lat="46.195595" lon="6.758955"><ele>1675</ele><time>2027-01-17T10:57:30Z</time></wpt>
<wpt lat="46.195601" lon="6.759059"><ele>1675</ele><time>2027-01-17T10:57:32Z</time></wpt>
<wpt lat="46.195607" lon="6.759163"><ele>1675</ele><time>2027-01-17T10:57:34Z</time></wpt>
<wpt lat="46.195613" lon="6.759267"><ele>1675</ele><time>2027-01-17T10:57:36Z</time></wpt>
<wpt lat="46.195619" lon="6.759371"><ele>1675</ele><time>2027-01-17T10:57:38Z</time></wpt>
<wpt lat="46.195625" lon="6.759475"><ele>1675</ele><time>2027-01-17T10:57:40Z</time></wpt>
<wpt lat="46.195631" lon="6.759579"><ele>1675</ele><time>2027-01-17T10:57:42Z</time></wpt>
<wpt lat="46.195636" lon="6.759684"><ele>1675</ele><time>2027-01-17T10:57:44Z</time></wpt>
<wpt lat="46.195642" lon="6.759788"><ele>1675</ele><time>2027-01-17T10:57:46Z</time></wpt>
<wpt lat="46.195648" lon="6.759892"><ele>1675</ele><time>2027-01-17T10:57:48Z</time></wpt>
<wpt lat="46.195654" lon="6.759996"><ele>1675</ele><time>2027-01-17T10:57:50Z</time></wpt>
<wpt lat="46.195660" lon="6.760100"><ele>1696</ele><time>2027-01-17T10:57:53Z</time></wpt>
<wpt lat="46.195667" lon="6.760215"><ele>1696</ele><time>2027-01-17T10:57:55Z</time></wpt>
<wpt lat="46.195675" lon="6.760330"><ele>1696</ele><time>2027-01-17T10:57:57Z</time></wpt>
<wpt lat="46.195682" lon="6.760445"><ele>1696</ele><time>2027-01-17T10:57:59Z</time></wpt>
<wpt lat="46.195690" lon="6.760560"><ele>1696</ele><time>2027-01-17T10:58:01Z</time></wpt>
<wpt lat="46.195698" lon="6.760675"><ele>1696</ele><time>2027-01-17T10:58:04Z</time></wpt>
<wpt lat="46.195705" lon="6.760790"><ele>1696</ele><time>2027-01-17T10:58:06Z</time></wpt>
<wpt lat="46.195712" lon="6.760905"><ele>1696</ele><time>2027-01-17T10:58:08Z</time></wpt>
<wpt lat="46.195720" lon="6.761020"><ele>1698</ele><time>2027-01-17T10:58:10Z</time></wpt>
<wpt lat="46.195727" lon="6.761134"><ele>1698</ele><time>2027-01-17T10:58:13Z</time></wpt>
<wpt lat="46.195734" lon="6.761249"><ele>1698</ele><time>2027-01-17T10:58:15Z</time></wpt>
<wpt lat="46.195741" lon="6.761363"><ele>1698</ele><time>2027-01-17T10:58:17Z</time></wpt>
<wpt lat="46.195749" lon="6.761477"><ele>1698</ele><time>2027-01-17T10:58:19Z</time></wpt>
<wpt lat="46.195756" lon="6.761591"><ele>1698</ele><time>2027-01-17T10:58:21Z</time></wpt>
<wpt lat="46.195763" lon="6.761706"><ele>1698</ele><time>2027-01-17T10:58:24Z</time></wpt>
<wpt lat="46.195770" lon="6.761820"><ele>1704</ele><time>2027-01-17T10:58:26Z</time></wpt>
<wpt lat="46.195778" lon="6.761931"><ele>1704</ele><time>2027-01-17T10:58:28Z</time></wpt>
<wpt lat="46.195786" lon="6.762041"><ele>1704</ele><time>2027-01-17T10:58:30Z</time></wpt>
<wpt lat="46.195794" lon="6.762152"><ele>1704</ele><time>2027-01-17T10:58:32Z</time></wpt>
<wpt lat="46.195801" lon="6.762263"><ele>1704</ele><time>2027-01-17T10:58:34Z</time></wpt>
<wpt lat="46.195809" lon="6.762374"><ele>1704</ele><time>2027-01-17T10:58:36Z</time></wpt>
<wpt lat="46.195817" lon="6.762484"><ele>1704</ele><time>2027-01-17T10:58:39Z</time></wpt>
<wpt lat="46.195825" lon="6.762595"><ele>1704</ele><time>2027-01-17T10:58:41Z</time></wpt>
<wpt lat="46.195833" lon="6.762706"><ele>1704</ele><time>2027-01-17T10:58:43Z</time></wpt>
<wpt lat="46.195841" lon="6.762816"><ele>1704</ele><time>2027-01-17T10:58:45Z</time></wpt>
<wpt lat="46.195849" lon="6.762927"><ele>1704</ele><time>2027-01-17T10:58:47Z</time></wpt>
<wpt lat="46.195856" lon="6.763038"><ele>1704</ele><time>2027-01-17T10:58:49Z</time></wpt>
<wpt lat="46.195864" lon="6.763149"><ele>1704</ele><time>2027-01-17T10:58:51Z</time></wpt>
<wpt lat="46.195872" lon="6.763259"><ele>1704</ele><time>2027-01-17T10:58:54Z</time></wpt>
<wpt lat="46.195880" lon="6.763370"><ele>1724</ele><time>2027-01-17T10:58:56Z</time></wpt>
<wpt lat="46.195886" lon="6.763479"><ele>1724</ele><time>2027-01-17T10:58:58Z</time></wpt>
<wpt lat="46.195892" lon="6.763589"><ele>1724</ele><time>2027-01-17T10:59:00Z</time></wpt>
<wpt lat="46.195899" lon="6.763698"><ele>1724</ele><time>2027-01-17T10:59:02Z</time></wpt>
<wpt lat="46.195905" lon="6.763808"><ele>1724</ele><time>2027-01-17T10:59:04Z</time></wpt>
<wpt lat="46.195911" lon="6.763917"><ele>1724</ele><time>2027-01-17T10:59:06Z</time></wpt>
<wpt lat="46.195918" lon="6.764026"><ele>1724</ele><time>2027-01-17T10:59:08Z</time></wpt>
<wpt lat="46.195924" lon="6.764136"><ele>1724</ele><time>2027-01-17T10:59:11Z</time></wpt>
<wpt lat="46.195930" lon="6.764245"><ele>1724</ele><time>2027-01-17T10:59:13Z</time></wpt>
<wpt lat="46.195936" lon="6.764354"><ele>1724</ele><time>2027-01-17T10:59:15Z</time></wpt>
<wpt lat="46.195943" lon="6.764464"><ele>1724</ele><time>2027-01-17T10:59:17Z</time></wpt>
<wpt lat="46.195949" lon="6.764573"><ele>1724</ele><time>2027-01-17T10:59:19Z</time></wpt>
<wpt lat="46.195955" lon="6.764682"><ele>1724</ele><time>2027-01-17T10:59:21Z</time></wpt>
<wpt lat="46.195961" lon="6.764792"><ele>1724</ele><time>2027-01-17T10:59:23Z</time></wpt>
<wpt lat="46.195968" lon="6.764901"><ele>1724</ele><time>2027-01-17T10:59:25Z</time></wpt>
<wpt lat="46.195974" lon="6.765011"><ele>1724</ele><time>2027-01-17T10:59:27Z</time></wpt>
<wpt lat="46.195980" lon="6.765120"><ele>1746</ele><time>2027-01-17T10:59:30Z</time></wpt>
<wpt lat="46.195987" lon="6.765225"><ele>1746</ele><time>2027-01-17T10:59:32Z</time></wpt>
<wpt lat="46.195994" lon="6.765329"><ele>1746</ele><time>2027-01-17T10:59:34Z</time></wpt>
<wpt lat="46.196001" lon="6.765434"><ele>1746</ele><time>2027-01-17T10:59:36Z</time></wpt>
<wpt lat="46.196007" lon="6.765539"><ele>1746</ele><time>2027-01-17T10:59:38Z</time></wpt>
<wpt lat="46.196014" lon="6.765644"><ele>1746</ele><time>2027-01-17T10:59:40Z</time></wpt>
<wpt lat="46.196021" lon="6.765748"><ele>1746</ele><time>2027-01-17T10:59:42Z</time></wpt>
<wpt lat="46.196028" lon="6.765853"><ele>1746</ele><time>2027-01-17T10:59:44Z</time></wpt>
<wpt lat="46.196035" lon="6.765958"><ele>1746</ele><time>2027-01-17T10:59:46Z</time></wpt>
<wpt lat="46.196042" lon="6.766063"><ele>1746</ele><time>2027-01-17T10:59:48Z</time></wpt>
<wpt lat="46.196048" lon="6.766167"><ele>1746</ele><time>2027-01-17T10:59:50Z</time></wpt>
<wpt lat="46.196055" lon="6.766272"><ele>1746</ele><time>2027-01-17T10:59:52Z</time></wpt>
<wpt lat="46.196062" lon="6.766377"><ele>1746</ele><time>2027-01-17T10:59:54Z</time></wpt>
<wpt lat="46.196069" lon="6.766482"><ele>1746</ele><time>2027-01-17T10:59:56Z</time></wpt>
<wpt lat="46.196076" lon="6.766586"><ele>1746</ele><time>2027-01-17T10:59:58Z</time></wpt>
<wpt lat="46.196083" lon="6.766691"><ele>1746</ele><time>2027-01-17T11:00:00Z</time></wpt>
<wpt lat="46.196089" lon="6.766796"><ele>1746</ele><time>2027-01-17T11:00:02Z</time></wpt>
<wpt lat="46.196096" lon="6.766901"><ele>1746</ele><time>2027-01-17T11:00:04Z</time></wpt>
<wpt lat="46.196103" lon="6.767005"><ele>1746</ele><time>2027-01-17T11:00:06Z</time></wpt>
<wpt lat="46.196110" lon="6.767110"><ele>1801</ele><time>2027-01-17T11:00:08Z</time></wpt>
<wpt lat="46.196117" lon="6.767220"><ele>1801</ele><time>2027-01-17T11:00:10Z</time></wpt>
<wpt lat="46.196124" lon="6.767330"><ele>1801</ele><time>2027-01-17T11:00:12Z</time></wpt>
<wpt lat="46.196131" lon="6.767440"><ele>1801</ele><time>2027-01-17T11:00:14Z</time></wpt>
<wpt lat="46.196138" lon="6.767550"><ele>1801</ele><time>2027-01-17T11:00:17Z</time></wpt>
<wpt lat="46.196145" lon="6.767660"><ele>1801</ele><time>2027-01-17T11:00:19Z</time></wpt>
<wpt lat="46.196152" lon="6.767770"><ele>1801</ele><time>2027-01-17T11:00:21Z</time></wpt>
<wpt lat="46.196158" lon="6.767880"><ele>1801</ele><time>2027-01-17T11:00:23Z</time></wpt>
<wpt lat="46.196165" lon="6.767990"><ele>1801</ele><time>2027-01-17T11:00:25Z</time></wpt>
<wpt lat="46.196172" lon="6.768100"><ele>1801</ele><time>2027-01-17T11:00:27Z</time></wpt>
<wpt lat="46.196179" lon="6.768210"><ele>1801</ele><time>2027-01-17T11:00:29Z</time></wpt>
<wpt lat="46.196186" lon="6.768320"><ele>1801</ele><time>2027-01-17T11:00:31Z</time></wpt>
<wpt lat="46.196193" lon="6.768430"><ele>1801</ele><time>2027-01-17T11:00:34Z</time></wpt>
<wpt lat="46.196200" lon="6.768540"><ele>1817</ele><time>2027-01-17T11:00:36Z</time></wpt>
<wpt lat="46.196205" lon="6.768644"><ele>1817</ele><time>2027-01-17T11:00:38Z</time></wpt>
<wpt lat="46.196211" lon="6.768748"><ele>1817</ele><time>2027-01-17T11:00:40Z</time></wpt>
<wpt lat="46.196216" lon="6.768852"><ele>1817</ele><time>2027-01-17T11:00:42Z</time></wpt>
<wpt lat="46.196222" lon="6.768955"><ele>1817</ele><time>2027-01-17T11:00:44Z</time></wpt>
<wpt lat="46.196227" lon="6.769059"><ele>1817</ele><time>2027-01-17T11:00:46Z</time></wpt>
<wpt lat="46.196232" lon="6.769163"><ele>1817</ele><time>2027-01-17T11:00:48Z</time></wpt>
<wpt lat="46.196238" lon="6.769267"><ele>1817</ele><time>2027-01-17T11:00:50Z</time></wpt>
<wpt lat="46.196243" lon="6.769371"><ele>1817</ele><time>2027-01-17T11:00:52Z</time></wpt>
<wpt lat="46.196248" lon="6.769475"><ele>1817</ele><time>2027-01-17T11:00:54Z</time></wpt>
<wpt lat="46.196254" lon="6.769578"><ele>1817</ele><time>2027-01-17T11:00:56Z</time></wpt>
<wpt lat="46.196259" lon="6.769682"><ele>1817</ele><time>2027-01-17T11:00:58Z</time></wpt>
<wpt lat="46.196265" lon="6.769786"><ele>1817</ele><time>2027-01-17T11:01:00Z</time></wpt>
<wpt lat="46.196270" lon="6.769890"><ele>1823</ele><time>2027-01-17T11:01:02Z</time></wpt>
<wpt lat="46.196276" lon="6.769996"><ele>1823</ele><time>2027-01-17T11:01:04Z</time></wpt>
<wpt lat="46.196283" lon="6.770103"><ele>1823</ele><time>2027-01-17T11:01:06Z</time></wpt>
<wpt lat="46.196289" lon="6.770209"><ele>1823</ele><time>2027-01-17T11:01:08Z</time></wpt>
<wpt lat="46.196296" lon="6.770316"><ele>1823</ele><time>2027-01-17T11:01:10Z</time></wpt>
<wpt lat="46.196302" lon="6.770422"><ele>1823</ele><time>2027-01-17T11:01:12Z</time></wpt>
<wpt lat="46.196309" lon="6.770529"><ele>1823</ele><time>2027-01-17T11:01:14Z</time></wpt>
<wpt lat="46.196315" lon="6.770635"><ele>1823</ele><time>2027-01-17T11:01:16Z</time></wpt>
<wpt lat="46.196321" lon="6.770741"><ele>1823</ele><time>2027-01-17T11:01:18Z</time></wpt>
<wpt lat="46.196328" lon="6.770848"><ele>1823</ele><time>2027-01-17T11:01:20Z</time></wpt>
<wpt lat="46.196334" lon="6.770954"><ele>1823</ele><time>2027-01-17T11:01:22Z</time></wpt>
<wpt lat="46.196341" lon="6.771061"><ele>1823</ele><time>2027-01-17T11:01:24Z</time></wpt>
<wpt lat="46.196347" lon="6.771167"><ele>1823</ele><time>2027-01-17T11:01:26Z</time></wpt>
<wpt lat="46.196354" lon="6.771274"><ele>1823</ele><time>2027-01-17T11:01:28Z</time></wpt>
<wpt lat="46.196360" lon="6.771380"><ele>1841</ele><time>2027-01-17T11:01:31Z</time></wpt>
<wpt lat="46.196367" lon="6.771484"><ele>1841</ele><time>2027-01-17T11:01:33Z</time></wpt>
<wpt lat="46.196373" lon="6.771588"><ele>1841</ele><time>2027-01-17T11:01:35Z</time></wpt>
<wpt lat="46.196380" lon="6.771693"><ele>1841</ele><time>2027-01-17T11:01:37Z</time></wpt>
<wpt lat="46.196387" lon="6.771797"><ele>1841</ele><time>2027-01-17T11:01:39Z</time></wpt>
<wpt lat="46.196393" lon="6.771901"><ele>1841</ele><time>2027-01-17T11:01:41Z</time></wpt>
<wpt lat="46.196400" lon="6.772005"><ele>1841</ele><time>2027-01-17T11:01:43Z</time></wpt>
<wpt lat="46.196407" lon="6.772109"><ele>1841</ele><time>2027-01-17T11:01:45Z</time></wpt>
<wpt lat="46.196413" lon="6.772213"><ele>1841</ele><time>2027-01-17T11:01:47Z</time></wpt>
<wpt lat="46.196420" lon="6.772317"><ele>1841</ele><time>2027-01-17T11:01:49Z</time></wpt>
<wpt lat="46.196427" lon="6.772422"><ele>1841</ele><time>2027-01-17T11:01:51Z</time></wpt>
<wpt lat="46.196433" lon="6.772526"><ele>1841</ele><time>2027-01-17T11:01:53Z</time></wpt>
<wpt lat="46.196440" lon="6.772630"><ele>1855</ele><time>2027-01-17T11:01:55Z</time></wpt>
<wpt lat="46.196450" lon="6.772785"><ele>1855</ele><time>2027-01-17T11:01:58Z</time></wpt>
<wpt lat="46.196460" lon="6.772940"><ele>1855</ele><time>2027-01-17T11:02:01Z</time></wpt>
<wpt lat="46.196170" lon="6.773180"><ele>1859</ele><time>2027-01-17T11:02:04Z</time></wpt>
<wpt lat="46.196090" lon="6.773140"><ele>1860</ele><time>2027-01-17T11:02:05Z</time></wpt>
<wpt lat="46.196020" lon="6.773110"><ele>1860</ele><time>2027-01-17T11:02:06Z</time></wpt>
<wpt lat="46.195790" lon="6.773065"><ele>1860</ele><time>2027-01-17T11:02:09Z</time></wpt>
<wpt lat="46.195560" lon="6.773020"><ele>1857</ele><time>2027-01-17T11:02:11Z</time></wpt>
<wpt lat="46.195470" lon="6.773010"><ele>1856</ele><time>2027-01-17T11:02:12Z</time></wpt>
<wpt lat="46.195390" lon="6.772990"><ele>1855</ele><time>2027-01-17T11:02:13Z</time></wpt>
<wpt lat="46.195120" lon="6.772980"><ele>1855</ele><time>2027-01-17T11:02:16Z</time></wpt>
<wpt lat="46.194850" lon="6.772970"><ele>1846</ele><time>2027-01-17T11:02:19Z</time></wpt>
<wpt lat="46.194760" lon="6.772950"><ele>1844</ele><time>2027-01-17T11:02:20Z</time></wpt>
<wpt lat="46.194680" lon="6.772930"><ele>1842</ele><time>2027-01-17T11:02:21Z</time></wpt>
<wpt lat="46.194410" lon="6.772820"><ele>1836</ele><time>2027-01-17T11:02:24Z</time></wpt>
<wpt lat="46.194330" lon="6.772790"><ele>1835</ele><time>2027-01-17T11:02:25Z</time></wpt>
<wpt lat="46.194250" lon="6.772780"><ele>1834</ele><time>2027-01-17T11:02:26Z</time></wpt>
<wpt lat="46.194060" lon="6.772810"><ele>1833</ele><time>2027-01-17T11:02:28Z</time></wpt>
<wpt lat="46.193870" lon="6.772920"><ele>1832</ele><time>2027-01-17T11:02:30Z</time></wpt>
<wpt lat="46.193870" lon="6.772920"><ele>1832</ele><time>2027-01-17T11:02:30Z</time></wpt>
<wpt lat="46.193630" lon="6.772930"><ele>1832</ele><time>2027-01-17T11:02:33Z</time></wpt>
<wpt lat="46.193390" lon="6.772940"><ele>1831</ele><time>2027-01-17T11:02:36Z</time></wpt>
<wpt lat="46.193400" lon="6.773070"><ele>1831</ele><time>2027-01-17T11:02:37Z</time></wpt>
</gpx>