<?xml version="1.0"?>
<gpx version="1.1" creator="Ski Nav">
<wpt lat="40.786277" lon="-73.957793"><ele>10</ele><time>2026-10-06T14:00:00Z</time></wpt>
<wpt lat="40.786303" lon="-73.957780"><ele>10</ele><time>2026-10-06T14:00:02Z</time></wpt>
<wpt lat="40.786329" lon="-73.957767"><ele>10</ele><time>2026-10-06T14:00:04Z</time></wpt>
<wpt lat="40.786355" lon="-73.957754"><ele>10</ele><time>2026-10-06T14:00:06Z</time></wpt>
<wpt lat="40.786380" lon="-73.957741"><ele>10</ele><time>2026-10-06T14:00:08Z</time></wpt>
<wpt lat="40.786406" lon="-73.957727"><ele>10</ele><time>2026-10-06T14:00:10Z</time></wpt>
<wpt lat="40.786432" lon="-73.957714"><ele>10</ele><time>2026-10-06T14:00:12Z</time></wpt>
<wpt lat="40.786458" lon="-73.957701"><ele>10</ele><time>2026-10-06T14:00:14Z</time></wpt>
<wpt lat="40.786484" lon="-73.957688"><ele>10</ele><time>2026-10-06T14:00:16Z</time></wpt>
<wpt lat="40.786509" lon="-73.957675"><ele>10</ele><time>2026-10-06T14:00:18Z</time></wpt>
<wpt lat="40.786535" lon="-73.957662"><ele>10</ele><time>2026-10-06T14:00:20Z</time></wpt>
<wpt lat="40.786561" lon="-73.957649"><ele>10</ele><time>2026-10-06T14:00:22Z</time></wpt>
<wpt lat="40.786587" lon="-73.957636"><ele>10</ele><time>2026-10-06T14:00:24Z</time></wpt>
<wpt lat="40.786612" lon="-73.957623"><ele>10</ele><time>2026-10-06T14:00:26Z</time></wpt>
<wpt lat="40.786640" lon="-73.957623"><ele>10</ele><time>2026-10-06T14:00:28Z</time></wpt>
<wpt lat="40.786667" lon="-73.957623"><ele>10</ele><time>2026-10-06T14:00:30Z</time></wpt>
<wpt lat="40.786694" lon="-73.957623"><ele>10</ele><time>2026-10-06T14:00:32Z</time></wpt>
<wpt lat="40.786721" lon="-73.957623"><ele>10</ele><time>2026-10-06T14:00:34Z</time></wpt>
<wpt lat="40.786748" lon="-73.957623"><ele>10</ele><time>2026-10-06T14:00:36Z</time></wpt>
<wpt lat="40.786775" lon="-73.957623"><ele>10</ele><time>2026-10-06T14:00:38Z</time></wpt>
<wpt lat="40.786802" lon="-73.957623"><ele>10</ele><time>2026-10-06T14:00:40Z</time></wpt>
<wpt lat="40.786829" lon="-73.957623"><ele>10</ele><time>2026-10-06T14:00:42Z</time></wpt>
<wpt lat="40.786856" lon="-73.957623"><ele>10</ele><time>2026-10-06T14:00:44Z</time></wpt>
<wpt lat="40.786883" lon="-73.957623"><ele>10</ele><time>2026-10-06T14:00:46Z</time></wpt>
<wpt lat="40.786910" lon="-73.957623"><ele>10</ele><time>2026-10-06T14:00:48Z</time></wpt>
<wpt lat="40.786938" lon="-73.957623"><ele>10</ele><time>2026-10-06T14:00:50Z</time></wpt>
<wpt lat="40.786965" lon="-73.957623"><ele>10</ele><time>2026-10-06T14:00:52Z</time></wpt>
<wpt lat="40.786992" lon="-73.957624"><ele>10</ele><time>2026-10-06T14:00:54Z</time></wpt>
<wpt lat="40.787019" lon="-73.957624"><ele>10</ele><time>2026-10-06T14:00:56Z</time></wpt>
<wpt lat="40.787046" lon="-73.957624"><ele>10</ele><time>2026-10-06T14:00:58Z</time></wpt>
<wpt lat="40.787073" lon="-73.957624"><ele>10</ele><time>2026-10-06T14:01:00Z</time></wpt>
<wpt lat="40.787100" lon="-73.957624"><ele>10</ele><time>2026-10-06T14:01:02Z</time></wpt>
<wpt lat="40.787127" lon="-73.957624"><ele>10</ele><time>2026-10-06T14:01:04Z</time></wpt>
<wpt lat="40.787154" lon="-73.957624"><ele>10</ele><time>2026-10-06T14:01:06Z</time></wpt>
<wpt lat="40.787181" lon="-73.957624"><ele>10</ele><time>2026-10-06T14:01:08Z</time></wpt>
<wpt lat="40.787208" lon="-73.957624"><ele>10</ele><time>2026-10-06T14:01:10Z</time></wpt>
<wpt lat="40.787236" lon="-73.957624"><ele>10</ele><time>2026-10-06T14:01:12Z</time></wpt>
<wpt lat="40.787263" lon="-73.957624"><ele>10</ele><time>2026-10-06T14:01:14Z</time></wpt>
<wpt lat="40.787290" lon="-73.957624"><ele>10</ele><time>2026-10-06T14:01:16Z</time></wpt>
<wpt lat="40.787317" lon="-73.957624"><ele>10</ele><time>2026-10-06T14:01:18Z</time></wpt>
<wpt lat="40.787344" lon="-73.957624"><ele>10</ele><time>2026-10-06T14:01:20Z</time></wpt>
<wpt lat="40.787371" lon="-73.957624"><ele>10</ele><time>2026-10-06T14:01:22Z</time></wpt>
<wpt lat="40.787398" lon="-73.957625"><ele>10</ele><time>2026-10-06T14:01:24Z</time></wpt>
<wpt lat="40.787425" lon="-73.957625"><ele>10</ele><time>2026-10-06T14:01:26Z</time></wpt>
<wpt lat="40.787452" lon="-73.957625"><ele>10</ele><time>2026-10-06T14:01:28Z</time></wpt>
<wpt lat="40.787479" lon="-73.957625"><ele>10</ele><time>2026-10-06T14:01:30Z</time></wpt>
<wpt lat="40.787506" lon="-73.957625"><ele>10</ele><time>2026-10-06T14:01:32Z</time></wpt>
<wpt lat="40.787534" lon="-73.957625"><ele>10</ele><time>2026-10-06T14:01:34Z</time></wpt>
<wpt lat="40.787561" lon="-73.957616"><ele>10</ele><time>2026-10-06T14:01:36Z</time></wpt>
<wpt lat="40.787588" lon="-73.957606"><ele>10</ele><time>2026-10-06T14:01:38Z</time></wpt>
<wpt lat="40.787615" lon="-73.957597"><ele>10</ele><time>2026-10-06T14:01:40Z</time></wpt>
<wpt lat="40.787642" lon="-73.957588"><ele>10</ele><time>2026-10-06T14:01:42Z</time></wpt>
<wpt lat="40.787669" lon="-73.957579"><ele>10</ele><time>2026-10-06T14:01:44Z</time></wpt>
<wpt lat="40.787696" lon="-73.957570"><ele>10</ele><time>2026-10-06T14:01:46Z</time></wpt>
<wpt lat="40.787723" lon="-73.957561"><ele>10</ele><time>2026-10-06T14:01:48Z</time></wpt>
<wpt lat="40.787750" lon="-73.957551"><ele>10</ele><time>2026-10-06T14:01:50Z</time></wpt>
<wpt lat="40.787777" lon="-73.957542"><ele>10</ele><time>2026-10-06T14:01:52Z</time></wpt>
<wpt lat="40.787804" lon="-73.957533"><ele>10</ele><time>2026-10-06T14:01:55Z</time></wpt>
<wpt lat="40.787831" lon="-73.957524"><ele>10</ele><time>2026-10-06T14:01:57Z</time></wpt>
<wpt lat="40.787858" lon="-73.957515"><ele>10</ele><time>2026-10-06T14:01:59Z</time></wpt>
<wpt lat="40.787885" lon="-73.957505"><ele>10</ele><time>2026-10-06T14:02:01Z</time></wpt>
<wpt lat="40.787912" lon="-73.957496"><ele>10</ele><time>2026-10-06T14:02:03Z</time></wpt>
<wpt lat="40.787939" lon="-73.957487"><ele>10</ele><time>2026-10-06T14:02:05Z</time></wpt>
<wpt lat="40.787966" lon="-73.957478"><ele>10</ele><time>2026-10-06T14:02:07Z</time></wpt>
<wpt lat="40.787994" lon="-73.957469"><ele>10</ele><time>2026-10-06T14:02:09Z</time></wpt>
<wpt lat="40.788021" lon="-73.957459"><ele>10</ele><time>2026-10-06T14:02:11Z</time></wpt>
<wpt lat="40.788048" lon="-73.957450"><ele>10</ele><time>2026-10-06T14:02:13Z</time></wpt>
<wpt lat="40.788075" lon="-73.957441"><ele>10</ele><time>2026-10-06T14:02:15Z</time></wpt>
<wpt lat="40.788102" lon="-73.957432"><ele>10</ele><time>2026-10-06T14:02:17Z</time></wpt>
<wpt lat="40.788129" lon="-73.957423"><ele>10</ele><time>2026-10-06T14:02:19Z</time></wpt>
<wpt lat="40.788156" lon="-73.957413"><ele>10</ele><time>2026-10-06T14:02:21Z</time></wpt>
<wpt lat="40.788183" lon="-73.957404"><ele>10</ele><time>2026-10-06T14:02:23Z</time></wpt>
<wpt lat="40.788210" lon="-73.957395"><ele>10</ele><time>2026-10-06T14:02:25Z</time></wpt>
<wpt lat="40.788237" lon="-73.957386"><ele>10</ele><time>2026-10-06T14:02:27Z</time></wpt>
<wpt lat="40.788264" lon="-73.957377"><ele>10</ele><time>2026-10-06T14:02:30Z</time></wpt>
<wpt lat="40.788291" lon="-73.957367"><ele>10</ele><time>2026-10-06T14:02:32Z</time></wpt>
<wpt lat="40.788318" lon="-73.957358"><ele>10</ele><time>2026-10-06T14:02:34Z</time></wpt>
<wpt lat="40.788345" lon="-73.957349"><ele>10</ele><time>2026-10-06T14:02:36Z</time></wpt>
<wpt lat="40.788372" lon="-73.957340"><ele>10</ele><time>2026-10-06T14:02:38Z</time></wpt>
<wpt lat="40.788399" lon="-73.957331"><ele>10</ele><time>2026-10-06T14:02:40Z</time></wpt>
<wpt lat="40.788427" lon="-73.957322"><ele>10</ele><time>2026-10-06T14:02:42Z</time></wpt>
<wpt lat="40.788455" lon="-73.957331"><ele>10</ele><time>2026-10-06T14:02:44Z</time></wpt>
<wpt lat="40.788483" lon="-73.957340"><ele>10</ele><time>2026-10-06T14:02:46Z</time></wpt>
<wpt lat="40.788511" lon="-73.957350"><ele>10</ele><time>2026-10-06T14:02:48Z</time></wpt>
<wpt lat="40.788539" lon="-73.957359"><ele>10</ele><time>2026-10-06T14:02:50Z</time></wpt>
<wpt lat="40.788567" lon="-73.957369"><ele>10</ele><time>2026-10-06T14:02:53Z</time></wpt>
<wpt lat="40.788595" lon="-73.957378"><ele>10</ele><time>2026-10-06T14:02:55Z</time></wpt>
<wpt lat="40.788624" lon="-73.957388"><ele>10</ele><time>2026-10-06T14:02:57Z</time></wpt>
<wpt lat="40.788652" lon="-73.957397"><ele>10</ele><time>2026-10-06T14:02:59Z</time></wpt>
<wpt lat="40.788680" lon="-73.957407"><ele>10</ele><time>2026-10-06T14:03:01Z</time></wpt>
<wpt lat="40.788708" lon="-73.957416"><ele>10</ele><time>2026-10-06T14:03:03Z</time></wpt>
<wpt lat="40.788736" lon="-73.957426"><ele>10</ele><time>2026-10-06T14:03:05Z</time></wpt>
<wpt lat="40.788764" lon="-73.957435"><ele>10</ele><time>2026-10-06T14:03:08Z</time></wpt>
<wpt lat="40.788785" lon="-73.957463"><ele>10</ele><time>2026-10-06T14:03:10Z</time></wpt>
<wpt lat="40.788807" lon="-73.957491"><ele>10</ele><time>2026-10-06T14:03:12Z</time></wpt>
<wpt lat="40.788828" lon="-73.957520"><ele>10</ele><time>2026-10-06T14:03:14Z</time></wpt>
<wpt lat="40.788849" lon="-73.957548"><ele>10</ele><time>2026-10-06T14:03:16Z</time></wpt>
<wpt lat="40.788870" lon="-73.957576"><ele>10</ele><time>2026-10-06T14:03:18Z</time></wpt>
<wpt lat="40.788891" lon="-73.957604"><ele>10</ele><time>2026-10-06T14:03:20Z</time></wpt>
<wpt lat="40.788913" lon="-73.957632"><ele>10</ele><time>2026-10-06T14:03:22Z</time></wpt>
<wpt lat="40.788934" lon="-73.957660"><ele>10</ele><time>2026-10-06T14:03:25Z</time></wpt>
<wpt lat="40.788955" lon="-73.957688"><ele>10</ele><time>2026-10-06T14:03:27Z</time></wpt>
<wpt lat="40.788976" lon="-73.957716"><ele>10</ele><time>2026-10-06T14:03:29Z</time></wpt>
<wpt lat="40.788998" lon="-73.957744"><ele>10</ele><time>2026-10-06T14:03:31Z</time></wpt>
<wpt lat="40.789003" lon="-73.957783"><ele>10</ele><time>2026-10-06T14:03:33Z</time></wpt>
<wpt lat="40.789009" lon="-73.957821"><ele>10</ele><time>2026-10-06T14:03:35Z</time></wpt>
<wpt lat="40.789015" lon="-73.957860"><ele>10</ele><time>2026-10-06T14:03:37Z</time></wpt>
<wpt lat="40.789021" lon="-73.957898"><ele>10</ele><time>2026-10-06T14:03:39Z</time></wpt>
<wpt lat="40.789027" lon="-73.957937"><ele>10</ele><time>2026-10-06T14:03:41Z</time></wpt>
<wpt lat="40.789033" lon="-73.957975"><ele>10</ele><time>2026-10-06T14:03:43Z</time></wpt>
<wpt lat="40.789039" lon="-73.958013"><ele>10</ele><time>2026-10-06T14:03:45Z</time></wpt>
<wpt lat="40.789044" lon="-73.958052"><ele>10</ele><time>2026-10-06T14:03:47Z</time></wpt>
<wpt lat="40.789050" lon="-73.958090"><ele>10</ele><time>2026-10-06T14:03:49Z</time></wpt>
<wpt lat="40.789056" lon="-73.958129"><ele>10</ele><time>2026-10-06T14:03:51Z</time></wpt>
<wpt lat="40.789062" lon="-73.958167"><ele>10</ele><time>2026-10-06T14:03:53Z</time></wpt>
<wpt lat="40.789068" lon="-73.958206"><ele>10</ele><time>2026-10-06T14:03:55Z</time></wpt>
<wpt lat="40.789074" lon="-73.958244"><ele>10</ele><time>2026-10-06T14:03:57Z</time></wpt>
<wpt lat="40.789063" lon="-73.958280"><ele>10</ele><time>2026-10-06T14:03:59Z</time></wpt>
<wpt lat="40.789051" lon="-73.958316"><ele>10</ele><time>2026-10-06T14:04:01Z</time></wpt>
<wpt lat="40.789040" lon="-73.958351"><ele>10</ele><time>2026-10-06T14:04:03Z</time></wpt>
<wpt lat="40.789029" lon="-73.958387"><ele>10</ele><time>2026-10-06T14:04:05Z</time></wpt>
<wpt lat="40.789018" lon="-73.958423"><ele>10</ele><time>2026-10-06T14:04:07Z</time></wpt>
<wpt lat="40.789007" lon="-73.958459"><ele>10</ele><time>2026-10-06T14:04:09Z</time></wpt>
<wpt lat="40.788995" lon="-73.958495"><ele>10</ele><time>2026-10-06T14:04:11Z</time></wpt>
<wpt lat="40.788984" lon="-73.958530"><ele>10</ele><time>2026-10-06T14:04:13Z</time></wpt>
<wpt lat="40.788973" lon="-73.958566"><ele>10</ele><time>2026-10-06T14:04:15Z</time></wpt>
<wpt lat="40.788962" lon="-73.958602"><ele>10</ele><time>2026-10-06T14:04:17Z</time></wpt>
<wpt lat="40.788951" lon="-73.958638"><ele>10</ele><time>2026-10-06T14:04:19Z</time></wpt>
<wpt lat="40.788940" lon="-73.958674"><ele>10</ele><time>2026-10-06T14:04:21Z</time></wpt>
<wpt lat="40.788928" lon="-73.958709"><ele>10</ele><time>2026-10-06T14:04:23Z</time></wpt>
<wpt lat="40.788917" lon="-73.958745"><ele>10</ele><time>2026-10-06T14:04:25Z</time></wpt>
<wpt lat="40.788906" lon="-73.958781"><ele>10</ele><time>2026-10-06T14:04:27Z</time></wpt>
<wpt lat="40.788895" lon="-73.958817"><ele>10</ele><time>2026-10-06T14:04:29Z</time></wpt>
<wpt lat="40.788884" lon="-73.958852"><ele>10</ele><time>2026-10-06T14:04:31Z</time></wpt>
<wpt lat="40.788872" lon="-73.958888"><ele>10</ele><time>2026-10-06T14:04:33Z</time></wpt>
<wpt lat="40.788861" lon="-73.958924"><ele>10</ele><time>2026-10-06T14:04:36Z</time></wpt>
<wpt lat="40.788850" lon="-73.958960"><ele>10</ele><time>2026-10-06T14:04:38Z</time></wpt>
<wpt lat="40.788839" lon="-73.958996"><ele>10</ele><time>2026-10-06T14:04:40Z</time></wpt>
<wpt lat="40.788828" lon="-73.959031"><ele>10</ele><time>2026-10-06T14:04:42Z</time></wpt>
<wpt lat="40.788816" lon="-73.959067"><ele>10</ele><time>2026-10-06T14:04:44Z</time></wpt>
<wpt lat="40.788805" lon="-73.959103"><ele>10</ele><time>2026-10-06T14:04:46Z</time></wpt>
<wpt lat="40.788794" lon="-73.959139"><ele>10</ele><time>2026-10-06T14:04:48Z</time></wpt>
<wpt lat="40.788790" lon="-73.959177"><ele>10</ele><time>2026-10-06T14:04:50Z</time></wpt>
<wpt lat="40.788786" lon="-73.959216"><ele>10</ele><time>2026-10-06T14:04:52Z</time></wpt>
<wpt lat="40.788781" lon="-73.959255"><ele>10</ele><time>2026-10-06T14:04:54Z</time></wpt>
<wpt lat="40.788777" lon="-73.959293"><ele>10</ele><time>2026-10-06T14:04:56Z</time></wpt>
<wpt lat="40.788773" lon="-73.959332"><ele>10</ele><time>2026-10-06T14:04:58Z</time></wpt>
<wpt lat="40.788769" lon="-73.959371"><ele>10</ele><time>2026-10-06T14:05:00Z</time></wpt>
<wpt lat="40.788764" lon="-73.959409"><ele>10</ele><time>2026-10-06T14:05:02Z</time></wpt>
<wpt lat="40.788760" lon="-73.959448"><ele>10</ele><time>2026-10-06T14:05:04Z</time></wpt>
<wpt lat="40.788756" lon="-73.959486"><ele>10</ele><time>2026-10-06T14:05:06Z</time></wpt>
<wpt lat="40.788751" lon="-73.959525"><ele>10</ele><time>2026-10-06T14:05:08Z</time></wpt>
<wpt lat="40.788755" lon="-73.959566"><ele>10</ele><time>2026-10-06T14:05:10Z</time></wpt>
<wpt lat="40.788758" lon="-73.959607"><ele>10</ele><time>2026-10-06T14:05:12Z</time></wpt>
<wpt lat="40.788761" lon="-73.959648"><ele>10</ele><time>2026-10-06T14:05:14Z</time></wpt>
<wpt lat="40.788764" lon="-73.959689"><ele>10</ele><time>2026-10-06T14:05:16Z</time></wpt>
<wpt lat="40.788767" lon="-73.959730"><ele>10</ele><time>2026-10-06T14:05:18Z</time></wpt>
<wpt lat="40.788771" lon="-73.959771"><ele>10</ele><time>2026-10-06T14:05:20Z</time></wpt>
<wpt lat="40.788774" lon="-73.959812"><ele>10</ele><time>2026-10-06T14:05:23Z</time></wpt>
<wpt lat="40.788777" lon="-73.959854"><ele>10</ele><time>2026-10-06T14:05:25Z</time></wpt>
<wpt lat="40.788780" lon="-73.959895"><ele>10</ele><time>2026-10-06T14:05:27Z</time></wpt>
<wpt lat="40.788783" lon="-73.959936"><ele>10</ele><time>2026-10-06T14:05:29Z</time></wpt>
<wpt lat="40.788787" lon="-73.959977"><ele>10</ele><time>2026-10-06T14:05:31Z</time></wpt>
<wpt lat="40.788797" lon="-73.960014"><ele>10</ele><time>2026-10-06T14:05:33Z</time></wpt>
<wpt lat="40.788808" lon="-73.960051"><ele>10</ele><time>2026-10-06T14:05:35Z</time></wpt>
<wpt lat="40.788819" lon="-73.960088"><ele>10</ele><time>2026-10-06T14:05:37Z</time></wpt>
<wpt lat="40.788830" lon="-73.960125"><ele>10</ele><time>2026-10-06T14:05:39Z</time></wpt>
<wpt lat="40.788840" lon="-73.960162"><ele>10</ele><time>2026-10-06T14:05:41Z</time></wpt>
<wpt lat="40.788851" lon="-73.960200"><ele>10</ele><time>2026-10-06T14:05:43Z</time></wpt>
<wpt lat="40.788862" lon="-73.960237"><ele>10</ele><time>2026-10-06T14:05:45Z</time></wpt>
<wpt lat="40.788872" lon="-73.960274"><ele>10</ele><time>2026-10-06T14:05:48Z</time></wpt>
<wpt lat="40.788883" lon="-73.960311"><ele>10</ele><time>2026-10-06T14:05:50Z</time></wpt>
<wpt lat="40.788894" lon="-73.960348"><ele>10</ele><time>2026-10-06T14:05:52Z</time></wpt>
<wpt lat="40.788905" lon="-73.960385"><ele>10</ele><time>2026-10-06T14:05:54Z</time></wpt>
<wpt lat="40.788915" lon="-73.960423"><ele>10</ele><time>2026-10-06T14:05:56Z</time></wpt>
<wpt lat="40.788926" lon="-73.960460"><ele>10</ele><time>2026-10-06T14:05:58Z</time></wpt>
<wpt lat="40.788937" lon="-73.960497"><ele>10</ele><time>2026-10-06T14:06:00Z</time></wpt>
<wpt lat="40.788947" lon="-73.960534"><ele>10</ele><time>2026-10-06T14:06:02Z</time></wpt>
<wpt lat="40.788958" lon="-73.960571"><ele>10</ele><time>2026-10-06T14:06:04Z</time></wpt>
<wpt lat="40.788969" lon="-73.960608"><ele>10</ele><time>2026-10-06T14:06:06Z</time></wpt>
<wpt lat="40.788980" lon="-73.960646"><ele>10</ele><time>2026-10-06T14:06:08Z</time></wpt>
<wpt lat="40.788990" lon="-73.960683"><ele>10</ele><time>2026-10-06T14:06:10Z</time></wpt>
<wpt lat="40.789001" lon="-73.960720"><ele>10</ele><time>2026-10-06T14:06:12Z</time></wpt>
<wpt lat="40.789012" lon="-73.960757"><ele>10</ele><time>2026-10-06T14:06:14Z</time></wpt>
<wpt lat="40.789022" lon="-73.960794"><ele>10</ele><time>2026-10-06T14:06:16Z</time></wpt>
<wpt lat="40.789033" lon="-73.960831"><ele>10</ele><time>2026-10-06T14:06:19Z</time></wpt>
<wpt lat="40.789044" lon="-73.960868"><ele>10</ele><time>2026-10-06T14:06:21Z</time></wpt>
<wpt lat="40.789043" lon="-73.960908"><ele>10</ele><time>2026-10-06T14:06:23Z</time></wpt>
<wpt lat="40.789042" lon="-73.960948"><ele>10</ele><time>2026-10-06T14:06:25Z</time></wpt>
<wpt lat="40.789041" lon="-73.960988"><ele>10</ele><time>2026-10-06T14:06:27Z</time></wpt>
<wpt lat="40.789041" lon="-73.961027"><ele>10</ele><time>2026-10-06T14:06:29Z</time></wpt>
<wpt lat="40.789040" lon="-73.961067"><ele>10</ele><time>2026-10-06T14:06:31Z</time></wpt>
<wpt lat="40.789039" lon="-73.961107"><ele>10</ele><time>2026-10-06T14:06:33Z</time></wpt>
<wpt lat="40.789038" lon="-73.961147"><ele>10</ele><time>2026-10-06T14:06:35Z</time></wpt>
<wpt lat="40.789037" lon="-73.961186"><ele>10</ele><time>2026-10-06T14:06:37Z</time></wpt>
<wpt lat="40.789037" lon="-73.961226"><ele>10</ele><time>2026-10-06T14:06:39Z</time></wpt>
<wpt lat="40.789036" lon="-73.961266"><ele>10</ele><time>2026-10-06T14:06:41Z</time></wpt>
<wpt lat="40.789035" lon="-73.961306"><ele>10</ele><time>2026-10-06T14:06:43Z</time></wpt>
<wpt lat="40.789016" lon="-73.961335"><ele>10</ele><time>2026-10-06T14:06:45Z</time></wpt>
<wpt lat="40.788997" lon="-73.961365"><ele>10</ele><time>2026-10-06T14:06:47Z</time></wpt>
<wpt lat="40.788978" lon="-73.961395"><ele>10</ele><time>2026-10-06T14:06:49Z</time></wpt>
<wpt lat="40.788959" lon="-73.961425"><ele>10</ele><time>2026-10-06T14:06:51Z</time></wpt>
<wpt lat="40.788967" lon="-73.961472"><ele>10</ele><time>2026-10-06T14:06:54Z</time></wpt>
<wpt lat="40.788975" lon="-73.961519"><ele>10</ele><time>2026-10-06T14:06:56Z</time></wpt>
<wpt lat="40.788982" lon="-73.961566"><ele>10</ele><time>2026-10-06T14:06:59Z</time></wpt>
<wpt lat="40.788968" lon="-73.961603"><ele>10</ele><time>2026-10-06T14:07:01Z</time></wpt>
<wpt lat="40.788953" lon="-73.961639"><ele>10</ele><time>2026-10-06T14:07:03Z</time></wpt>
<wpt lat="40.788938" lon="-73.961676"><ele>10</ele><time>2026-10-06T14:07:05Z</time></wpt>
<wpt lat="40.788923" lon="-73.961712"><ele>10</ele><time>2026-10-06T14:07:07Z</time></wpt>
<wpt lat="40.788909" lon="-73.961749"><ele>10</ele><time>2026-10-06T14:07:10Z</time></wpt>
<wpt lat="40.788887" lon="-73.961774"><ele>10</ele><time>2026-10-06T14:07:12Z</time></wpt>
<wpt lat="40.788866" lon="-73.961800"><ele>10</ele><time>2026-10-06T14:07:14Z</time></wpt>
<wpt lat="40.788845" lon="-73.961826"><ele>10</ele><time>2026-10-06T14:07:16Z</time></wpt>
<wpt lat="40.788824" lon="-73.961851"><ele>10</ele><time>2026-10-06T14:07:18Z</time></wpt>
<wpt lat="40.788803" lon="-73.961877"><ele>10</ele><time>2026-10-06T14:07:20Z</time></wpt>
<wpt lat="40.788782" lon="-73.961903"><ele>10</ele><time>2026-10-06T14:07:22Z</time></wpt>
<wpt lat="40.788761" lon="-73.961928"><ele>10</ele><time>2026-10-06T14:07:24Z</time></wpt>
<wpt lat="40.788740" lon="-73.961954"><ele>10</ele><time>2026-10-06T14:07:26Z</time></wpt>
<wpt lat="40.788719" lon="-73.961980"><ele>10</ele><time>2026-10-06T14:07:28Z</time></wpt>
<wpt lat="40.788698" lon="-73.962006"><ele>10</ele><time>2026-10-06T14:07:30Z</time></wpt>
<wpt lat="40.788677" lon="-73.962031"><ele>10</ele><time>2026-10-06T14:07:32Z</time></wpt>
<wpt lat="40.788656" lon="-73.962057"><ele>10</ele><time>2026-10-06T14:07:34Z</time></wpt>
<wpt lat="40.788635" lon="-73.962083"><ele>10</ele><time>2026-10-06T14:07:36Z</time></wpt>
<wpt lat="40.788613" lon="-73.962108"><ele>10</ele><time>2026-10-06T14:07:38Z</time></wpt>
<wpt lat="40.788592" lon="-73.962134"><ele>10</ele><time>2026-10-06T14:07:40Z</time></wpt>
<wpt lat="40.788571" lon="-73.962160"><ele>10</ele><time>2026-10-06T14:07:42Z</time></wpt>
<wpt lat="40.788550" lon="-73.962185"><ele>10</ele><time>2026-10-06T14:07:44Z</time></wpt>
<wpt lat="40.788529" lon="-73.962211"><ele>10</ele><time>2026-10-06T14:07:46Z</time></wpt>
<wpt lat="40.788514" lon="-73.962246"><ele>10</ele><time>2026-10-06T14:07:49Z</time></wpt>
<wpt lat="40.788499" lon="-73.962282"><ele>10</ele><time>2026-10-06T14:07:51Z</time></wpt>
<wpt lat="40.788484" lon="-73.962317"><ele>10</ele><time>2026-10-06T14:07:53Z</time></wpt>
<wpt lat="40.788469" lon="-73.962352"><ele>10</ele><time>2026-10-06T14:07:55Z</time></wpt>
<wpt lat="40.788453" lon="-73.962388"><ele>10</ele><time>2026-10-06T14:07:57Z</time></wpt>
<wpt lat="40.788438" lon="-73.962423"><ele>10</ele><time>2026-10-06T14:07:59Z</time></wpt>
<wpt lat="40.788423" lon="-73.962458"><ele>10</ele><time>2026-10-06T14:08:01Z</time></wpt>
<wpt lat="40.788408" lon="-73.962494"><ele>10</ele><time>2026-10-06T14:08:03Z</time></wpt>
<wpt lat="40.788408" lon="-73.962534"><ele>10</ele><time>2026-10-06T14:08:06Z</time></wpt>
<wpt lat="40.788408" lon="-73.962574"><ele>10</ele><time>2026-10-06T14:08:08Z</time></wpt>
<wpt lat="40.788408" lon="-73.962614"><ele>10</ele><time>2026-10-06T14:08:10Z</time></wpt>
<wpt lat="40.788408" lon="-73.962654"><ele>10</ele><time>2026-10-06T14:08:12Z</time></wpt>
<wpt lat="40.788408" lon="-73.962694"><ele>10</ele><time>2026-10-06T14:08:14Z</time></wpt>
<wpt lat="40.788408" lon="-73.962733"><ele>10</ele><time>2026-10-06T14:08:16Z</time></wpt>
<wpt lat="40.788408" lon="-73.962773"><ele>10</ele><time>2026-10-06T14:08:18Z</time></wpt>
<wpt lat="40.788408" lon="-73.962813"><ele>10</ele><time>2026-10-06T14:08:20Z</time></wpt>
<wpt lat="40.788407" lon="-73.962853"><ele>10</ele><time>2026-10-06T14:08:22Z</time></wpt>
<wpt lat="40.788407" lon="-73.962893"><ele>10</ele><time>2026-10-06T14:08:24Z</time></wpt>
<wpt lat="40.788407" lon="-73.962933"><ele>10</ele><time>2026-10-06T14:08:26Z</time></wpt>
<wpt lat="40.788407" lon="-73.962973"><ele>10</ele><time>2026-10-06T14:08:28Z</time></wpt>
<wpt lat="40.788407" lon="-73.963013"><ele>10</ele><time>2026-10-06T14:08:30Z</time></wpt>
<wpt lat="40.788407" lon="-73.963053"><ele>10</ele><time>2026-10-06T14:08:32Z</time></wpt>
<wpt lat="40.788407" lon="-73.963093"><ele>10</ele><time>2026-10-06T14:08:34Z</time></wpt>
<wpt lat="40.788407" lon="-73.963133"><ele>10</ele><time>2026-10-06T14:08:36Z</time></wpt>
<wpt lat="40.788407" lon="-73.963173"><ele>10</ele><time>2026-10-06T14:08:38Z</time></wpt>
<wpt lat="40.788407" lon="-73.963213"><ele>10</ele><time>2026-10-06T14:08:40Z</time></wpt>
<wpt lat="40.788407" lon="-73.963253"><ele>10</ele><time>2026-10-06T14:08:42Z</time></wpt>
<wpt lat="40.788402" lon="-73.963293"><ele>10</ele><time>2026-10-06T14:08:45Z</time></wpt>
<wpt lat="40.788398" lon="-73.963333"><ele>10</ele><time>2026-10-06T14:08:47Z</time></wpt>
<wpt lat="40.788394" lon="-73.963373"><ele>10</ele><time>2026-10-06T14:08:49Z</time></wpt>
<wpt lat="40.788389" lon="-73.963414"><ele>10</ele><time>2026-10-06T14:08:51Z</time></wpt>
<wpt lat="40.788385" lon="-73.963454"><ele>10</ele><time>2026-10-06T14:08:53Z</time></wpt>
<wpt lat="40.788380" lon="-73.963494"><ele>10</ele><time>2026-10-06T14:08:55Z</time></wpt>
<wpt lat="40.788376" lon="-73.963534"><ele>10</ele><time>2026-10-06T14:08:57Z</time></wpt>
<wpt lat="40.788372" lon="-73.963574"><ele>10</ele><time>2026-10-06T14:08:59Z</time></wpt>
<wpt lat="40.788367" lon="-73.963615"><ele>10</ele><time>2026-10-06T14:09:01Z</time></wpt>
<wpt lat="40.788363" lon="-73.963655"><ele>10</ele><time>2026-10-06T14:09:03Z</time></wpt>
<wpt lat="40.788358" lon="-73.963695"><ele>10</ele><time>2026-10-06T14:09:05Z</time></wpt>
<wpt lat="40.788354" lon="-73.963735"><ele>10</ele><time>2026-10-06T14:09:08Z</time></wpt>
<wpt lat="40.788350" lon="-73.963775"><ele>10</ele><time>2026-10-06T14:09:10Z</time></wpt>
<wpt lat="40.788345" lon="-73.963816"><ele>10</ele><time>2026-10-06T14:09:12Z</time></wpt>
<wpt lat="40.788341" lon="-73.963856"><ele>10</ele><time>2026-10-06T14:09:14Z</time></wpt>
<wpt lat="40.788336" lon="-73.963896"><ele>10</ele><time>2026-10-06T14:09:16Z</time></wpt>
<wpt lat="40.788340" lon="-73.963935"><ele>10</ele><time>2026-10-06T14:09:18Z</time></wpt>
<wpt lat="40.788344" lon="-73.963974"><ele>10</ele><time>2026-10-06T14:09:20Z</time></wpt>
<wpt lat="40.788348" lon="-73.964012"><ele>10</ele><time>2026-10-06T14:09:22Z</time></wpt>
<wpt lat="40.788353" lon="-73.964051"><ele>10</ele><time>2026-10-06T14:09:24Z</time></wpt>
<wpt lat="40.788357" lon="-73.964090"><ele>10</ele><time>2026-10-06T14:09:26Z</time></wpt>
<wpt lat="40.788361" lon="-73.964128"><ele>10</ele><time>2026-10-06T14:09:28Z</time></wpt>
<wpt lat="40.788365" lon="-73.964167"><ele>10</ele><time>2026-10-06T14:09:30Z</time></wpt>
<wpt lat="40.788369" lon="-73.964206"><ele>10</ele><time>2026-10-06T14:09:32Z</time></wpt>
<wpt lat="40.788373" lon="-73.964245"><ele>10</ele><time>2026-10-06T14:09:34Z</time></wpt>
<wpt lat="40.788377" lon="-73.964283"><ele>10</ele><time>2026-10-06T14:09:36Z</time></wpt>
<wpt lat="40.788381" lon="-73.964322"><ele>10</ele><time>2026-10-06T14:09:38Z</time></wpt>
<wpt lat="40.788385" lon="-73.964361"><ele>10</ele><time>2026-10-06T14:09:40Z</time></wpt>
<wpt lat="40.788389" lon="-73.964399"><ele>10</ele><time>2026-10-06T14:09:42Z</time></wpt>
<wpt lat="40.788393" lon="-73.964438"><ele>10</ele><time>2026-10-06T14:09:44Z</time></wpt>
<wpt lat="40.788397" lon="-73.964477"><ele>10</ele><time>2026-10-06T14:09:46Z</time></wpt>
<wpt lat="40.788401" lon="-73.964516"><ele>10</ele><time>2026-10-06T14:09:48Z</time></wpt>
<wpt lat="40.788405" lon="-73.964554"><ele>10</ele><time>2026-10-06T14:09:50Z</time></wpt>
<wpt lat="40.788409" lon="-73.964593"><ele>10</ele><time>2026-10-06T14:09:52Z</time></wpt>
<wpt lat="40.788413" lon="-73.964632"><ele>10</ele><time>2026-10-06T14:09:54Z</time></wpt>
<wpt lat="40.788417" lon="-73.964670"><ele>10</ele><time>2026-10-06T14:09:56Z</time></wpt>
<wpt lat="40.788421" lon="-73.964709"><ele>10</ele><time>2026-10-06T14:09:58Z</time></wpt>
<wpt lat="40.788425" lon="-73.964748"><ele>10</ele><time>2026-10-06T14:10:00Z</time></wpt>
<wpt lat="40.788420" lon="-73.964787"><ele>10</ele><time>2026-10-06T14:10:02Z</time></wpt>
<wpt lat="40.788414" lon="-73.964825"><ele>10</ele><time>2026-10-06T14:10:04Z</time></wpt>
<wpt lat="40.788409" lon="-73.964864"><ele>10</ele><time>2026-10-06T14:10:06Z</time></wpt>
<wpt lat="40.788403" lon="-73.964903"><ele>10</ele><time>2026-10-06T14:10:08Z</time></wpt>
<wpt lat="40.788398" lon="-73.964942"><ele>10</ele><time>2026-10-06T14:10:10Z</time></wpt>
<wpt lat="40.788392" lon="-73.964981"><ele>10</ele><time>2026-10-06T14:10:12Z</time></wpt>
<wpt lat="40.788387" lon="-73.965019"><ele>10</ele><time>2026-10-06T14:10:14Z</time></wpt>
<wpt lat="40.788381" lon="-73.965058"><ele>10</ele><time>2026-10-06T14:10:16Z</time></wpt>
<wpt lat="40.788376" lon="-73.965097"><ele>10</ele><time>2026-10-06T14:10:18Z</time></wpt>
<wpt lat="40.788370" lon="-73.965136"><ele>10</ele><time>2026-10-06T14:10:20Z</time></wpt>
<wpt lat="40.788365" lon="-73.965175"><ele>10</ele><time>2026-10-06T14:10:22Z</time></wpt>
<wpt lat="40.788359" lon="-73.965213"><ele>10</ele><time>2026-10-06T14:10:24Z</time></wpt>
<wpt lat="40.788354" lon="-73.965252"><ele>10</ele><time>2026-10-06T14:10:27Z</time></wpt>
<wpt lat="40.788339" lon="-73.965286"><ele>10</ele><time>2026-10-06T14:10:29Z</time></wpt>
<wpt lat="40.788324" lon="-73.965320"><ele>10</ele><time>2026-10-06T14:10:31Z</time></wpt>
<wpt lat="40.788309" lon="-73.965353"><ele>10</ele><time>2026-10-06T14:10:33Z</time></wpt>
<wpt lat="40.788294" lon="-73.965387"><ele>10</ele><time>2026-10-06T14:10:35Z</time></wpt>
<wpt lat="40.788279" lon="-73.965421"><ele>10</ele><time>2026-10-06T14:10:37Z</time></wpt>
<wpt lat="40.788264" lon="-73.965455"><ele>10</ele><time>2026-10-06T14:10:39Z</time></wpt>
<wpt lat="40.788250" lon="-73.965488"><ele>10</ele><time>2026-10-06T14:10:41Z</time></wpt>
<wpt lat="40.788235" lon="-73.965522"><ele>10</ele><time>2026-10-06T14:10:43Z</time></wpt>
<wpt lat="40.788220" lon="-73.965556"><ele>10</ele><time>2026-10-06T14:10:45Z</time></wpt>
<wpt lat="40.788205" lon="-73.965590"><ele>10</ele><time>2026-10-06T14:10:47Z</time></wpt>
<wpt lat="40.788190" lon="-73.965623"><ele>10</ele><time>2026-10-06T14:10:49Z</time></wpt>
<wpt lat="40.788175" lon="-73.965657"><ele>10</ele><time>2026-10-06T14:10:51Z</time></wpt>
<wpt lat="40.788160" lon="-73.965691"><ele>10</ele><time>2026-10-06T14:10:53Z</time></wpt>
<wpt lat="40.788146" lon="-73.965725"><ele>10</ele><time>2026-10-06T14:10:55Z</time></wpt>
<wpt lat="40.788131" lon="-73.965758"><ele>10</ele><time>2026-10-06T14:10:57Z</time></wpt>
<wpt lat="40.788116" lon="-73.965792"><ele>10</ele><time>2026-10-06T14:10:59Z</time></wpt>
<wpt lat="40.788093" lon="-73.965816"><ele>10</ele><time>2026-10-06T14:11:01Z</time></wpt>
<wpt lat="40.788071" lon="-73.965841"><ele>10</ele><time>2026-10-06T14:11:04Z</time></wpt>
<wpt lat="40.788048" lon="-73.965865"><ele>10</ele><time>2026-10-06T14:11:06Z</time></wpt>
<wpt lat="40.788026" lon="-73.965889"><ele>10</ele><time>2026-10-06T14:11:08Z</time></wpt>
<wpt lat="40.788003" lon="-73.965913"><ele>10</ele><time>2026-10-06T14:11:10Z</time></wpt>
<wpt lat="40.787981" lon="-73.965937"><ele>10</ele><time>2026-10-06T14:11:12Z</time></wpt>
<wpt lat="40.787958" lon="-73.965961"><ele>10</ele><time>2026-10-06T14:11:14Z</time></wpt>
<wpt lat="40.787936" lon="-73.965985"><ele>10</ele><time>2026-10-06T14:11:16Z</time></wpt>
<wpt lat="40.787913" lon="-73.966010"><ele>10</ele><time>2026-10-06T14:11:18Z</time></wpt>
<wpt lat="40.787890" lon="-73.966034"><ele>10</ele><time>2026-10-06T14:11:20Z</time></wpt>
<wpt lat="40.787868" lon="-73.966058"><ele>10</ele><time>2026-10-06T14:11:22Z</time></wpt>
<wpt lat="40.787845" lon="-73.966082"><ele>10</ele><time>2026-10-06T14:11:24Z</time></wpt>
<wpt lat="40.787823" lon="-73.966106"><ele>10</ele><time>2026-10-06T14:11:26Z</time></wpt>
<wpt lat="40.787800" lon="-73.966130"><ele>10</ele><time>2026-10-06T14:11:28Z</time></wpt>
<wpt lat="40.787778" lon="-73.966154"><ele>10</ele><time>2026-10-06T14:11:31Z</time></wpt>
<wpt lat="40.787755" lon="-73.966179"><ele>10</ele><time>2026-10-06T14:11:33Z</time></wpt>
<wpt lat="40.787733" lon="-73.966203"><ele>10</ele><time>2026-10-06T14:11:35Z</time></wpt>
<wpt lat="40.787705" lon="-73.966215"><ele>10</ele><time>2026-10-06T14:11:37Z</time></wpt>
<wpt lat="40.787678" lon="-73.966227"><ele>10</ele><time>2026-10-06T14:11:39Z</time></wpt>
<wpt lat="40.787651" lon="-73.966239"><ele>10</ele><time>2026-10-06T14:11:41Z</time></wpt>
<wpt lat="40.787624" lon="-73.966251"><ele>10</ele><time>2026-10-06T14:11:43Z</time></wpt>
<wpt lat="40.787596" lon="-73.966263"><ele>10</ele><time>2026-10-06T14:11:45Z</time></wpt>
<wpt lat="40.787569" lon="-73.966275"><ele>10</ele><time>2026-10-06T14:11:47Z</time></wpt>
<wpt lat="40.787542" lon="-73.966287"><ele>10</ele><time>2026-10-06T14:11:49Z</time></wpt>
<wpt lat="40.787515" lon="-73.966299"><ele>10</ele><time>2026-10-06T14:11:52Z</time></wpt>
<wpt lat="40.787488" lon="-73.966312"><ele>10</ele><time>2026-10-06T14:11:54Z</time></wpt>
<wpt lat="40.787460" lon="-73.966324"><ele>10</ele><time>2026-10-06T14:11:56Z</time></wpt>
<wpt lat="40.787433" lon="-73.966336"><ele>10</ele><time>2026-10-06T14:11:58Z</time></wpt>
<wpt lat="40.787406" lon="-73.966348"><ele>10</ele><time>2026-10-06T14:12:00Z</time></wpt>
<wpt lat="40.787379" lon="-73.966354"><ele>10</ele><time>2026-10-06T14:12:02Z</time></wpt>
<wpt lat="40.787352" lon="-73.966360"><ele>10</ele><time>2026-10-06T14:12:04Z</time></wpt>
<wpt lat="40.787325" lon="-73.966367"><ele>10</ele><time>2026-10-06T14:12:06Z</time></wpt>
<wpt lat="40.787298" lon="-73.966373"><ele>10</ele><time>2026-10-06T14:12:08Z</time></wpt>
<wpt lat="40.787271" lon="-73.966379"><ele>10</ele><time>2026-10-06T14:12:10Z</time></wpt>
<wpt lat="40.787244" lon="-73.966386"><ele>10</ele><time>2026-10-06T14:12:12Z</time></wpt>
<wpt lat="40.787217" lon="-73.966392"><ele>10</ele><time>2026-10-06T14:12:14Z</time></wpt>
<wpt lat="40.787190" lon="-73.966398"><ele>10</ele><time>2026-10-06T14:12:16Z</time></wpt>
<wpt lat="40.787163" lon="-73.966404"><ele>10</ele><time>2026-10-06T14:12:18Z</time></wpt>
<wpt lat="40.787136" lon="-73.966411"><ele>10</ele><time>2026-10-06T14:12:20Z</time></wpt>
<wpt lat="40.787109" lon="-73.966417"><ele>10</ele><time>2026-10-06T14:12:22Z</time></wpt>
<wpt lat="40.787082" lon="-73.966423"><ele>10</ele><time>2026-10-06T14:12:24Z</time></wpt>
<wpt lat="40.787055" lon="-73.966430"><ele>10</ele><time>2026-10-06T14:12:26Z</time></wpt>
<wpt lat="40.787028" lon="-73.966436"><ele>10</ele><time>2026-10-06T14:12:28Z</time></wpt>
<wpt lat="40.787001" lon="-73.966442"><ele>10</ele><time>2026-10-06T14:12:30Z</time></wpt>
<wpt lat="40.786975" lon="-73.966449"><ele>10</ele><time>2026-10-06T14:12:32Z</time></wpt>
<wpt lat="40.786948" lon="-73.966455"><ele>10</ele><time>2026-10-06T14:12:34Z</time></wpt>
<wpt lat="40.786921" lon="-73.966461"><ele>10</ele><time>2026-10-06T14:12:36Z</time></wpt>
<wpt lat="40.786894" lon="-73.966467"><ele>10</ele><time>2026-10-06T14:12:38Z</time></wpt>
<wpt lat="40.786867" lon="-73.966474"><ele>10</ele><time>2026-10-06T14:12:40Z</time></wpt>
<wpt lat="40.786840" lon="-73.966480"><ele>10</ele><time>2026-10-06T14:12:42Z</time></wpt>
<wpt lat="40.786813" lon="-73.966486"><ele>10</ele><time>2026-10-06T14:12:44Z</time></wpt>
<wpt lat="40.786786" lon="-73.966493"><ele>10</ele><time>2026-10-06T14:12:46Z</time></wpt>
<wpt lat="40.786759" lon="-73.966499"><ele>10</ele><time>2026-10-06T14:12:48Z</time></wpt>
<wpt lat="40.786732" lon="-73.966505"><ele>10</ele><time>2026-10-06T14:12:51Z</time></wpt>
<wpt lat="40.786705" lon="-73.966511"><ele>10</ele><time>2026-10-06T14:12:53Z</time></wpt>
<wpt lat="40.786678" lon="-73.966518"><ele>10</ele><time>2026-10-06T14:12:55Z</time></wpt>
<wpt lat="40.786651" lon="-73.966524"><ele>10</ele><time>2026-10-06T14:12:57Z</time></wpt>
<wpt lat="40.786624" lon="-73.966530"><ele>10</ele><time>2026-10-06T14:12:59Z</time></wpt>
<wpt lat="40.786597" lon="-73.966537"><ele>10</ele><time>2026-10-06T14:13:01Z</time></wpt>
<wpt lat="40.786570" lon="-73.966543"><ele>10</ele><time>2026-10-06T14:13:03Z</time></wpt>
<wpt lat="40.786543" lon="-73.966549"><ele>10</ele><time>2026-10-06T14:13:05Z</time></wpt>
<wpt lat="40.786516" lon="-73.966556"><ele>10</ele><time>2026-10-06T14:13:07Z</time></wpt>
<wpt lat="40.786489" lon="-73.966562"><ele>10</ele><time>2026-10-06T14:13:09Z</time></wpt>
<wpt lat="40.786462" lon="-73.966568"><ele>10</ele><time>2026-10-06T14:13:11Z</time></wpt>
<wpt lat="40.786435" lon="-73.966574"><ele>10</ele><time>2026-10-06T14:13:13Z</time></wpt>
<wpt lat="40.786408" lon="-73.966581"><ele>10</ele><time>2026-10-06T14:13:15Z</time></wpt>
<wpt lat="40.786381" lon="-73.966587"><ele>10</ele><time>2026-10-06T14:13:17Z</time></wpt>
<wpt lat="40.786355" lon="-73.966593"><ele>10</ele><time>2026-10-06T14:13:19Z</time></wpt>
<wpt lat="40.786328" lon="-73.966600"><ele>10</ele><time>2026-10-06T14:13:21Z</time></wpt>
<wpt lat="40.786301" lon="-73.966606"><ele>10</ele><time>2026-10-06T14:13:23Z</time></wpt>
<wpt lat="40.786274" lon="-73.966612"><ele>10</ele><time>2026-10-06T14:13:25Z</time></wpt>
<wpt lat="40.786247" lon="-73.966619"><ele>10</ele><time>2026-10-06T14:13:27Z</time></wpt>
<wpt lat="40.786220" lon="-73.966625"><ele>10</ele><time>2026-10-06T14:13:29Z</time></wpt>
<wpt lat="40.786193" lon="-73.966631"><ele>10</ele><time>2026-10-06T14:13:31Z</time></wpt>
<wpt lat="40.786166" lon="-73.966637"><ele>10</ele><time>2026-10-06T14:13:33Z</time></wpt>
<wpt lat="40.786139" lon="-73.966644"><ele>10</ele><time>2026-10-06T14:13:35Z</time></wpt>
<wpt lat="40.786112" lon="-73.966650"><ele>10</ele><time>2026-10-06T14:13:37Z</time></wpt>
<wpt lat="40.786085" lon="-73.966656"><ele>10</ele><time>2026-10-06T14:13:39Z</time></wpt>
<wpt lat="40.786058" lon="-73.966663"><ele>10</ele><time>2026-10-06T14:13:41Z</time></wpt>
<wpt lat="40.786031" lon="-73.966669"><ele>10</ele><time>2026-10-06T14:13:43Z</time></wpt>
<wpt lat="40.786004" lon="-73.966675"><ele>10</ele><time>2026-10-06T14:13:45Z</time></wpt>
<wpt lat="40.785977" lon="-73.966681"><ele>10</ele><time>2026-10-06T14:13:47Z</time></wpt>
<wpt lat="40.785950" lon="-73.966688"><ele>10</ele><time>2026-10-06T14:13:49Z</time></wpt>
<wpt lat="40.785923" lon="-73.966694"><ele>10</ele><time>2026-10-06T14:13:51Z</time></wpt>
<wpt lat="40.785896" lon="-73.966700"><ele>10</ele><time>2026-10-06T14:13:53Z</time></wpt>
<wpt lat="40.785869" lon="-73.966707"><ele>10</ele><time>2026-10-06T14:13:55Z</time></wpt>
<wpt lat="40.785842" lon="-73.966713"><ele>10</ele><time>2026-10-06T14:13:57Z</time></wpt>
<wpt lat="40.785815" lon="-73.966719"><ele>10</ele><time>2026-10-06T14:13:59Z</time></wpt>
<wpt lat="40.785788" lon="-73.966726"><ele>10</ele><time>2026-10-06T14:14:01Z</time></wpt>
<wpt lat="40.785761" lon="-73.966732"><ele>10</ele><time>2026-10-06T14:14:03Z</time></wpt>
<wpt lat="40.785735" lon="-73.966738"><ele>10</ele><time>2026-10-06T14:14:05Z</time></wpt>
<wpt lat="40.785708" lon="-73.966744"><ele>10</ele><time>2026-10-06T14:14:07Z</time></wpt>
<wpt lat="40.785681" lon="-73.966751"><ele>10</ele><time>2026-10-06T14:14:09Z</time></wpt>
<wpt lat="40.785654" lon="-73.966757"><ele>10</ele><time>2026-10-06T14:14:11Z</time></wpt>
<wpt lat="40.785627" lon="-73.966763"><ele>10</ele><time>2026-10-06T14:14:13Z</time></wpt>
<wpt lat="40.785600" lon="-73.966770"><ele>10</ele><time>2026-10-06T14:14:15Z</time></wpt>
<wpt lat="40.785573" lon="-73.966776"><ele>10</ele><time>2026-10-06T14:14:17Z</time></wpt>
<wpt lat="40.785546" lon="-73.966782"><ele>10</ele><time>2026-10-06T14:14:19Z</time></wpt>
<wpt lat="40.785519" lon="-73.966789"><ele>10</ele><time>2026-10-06T14:14:21Z</time></wpt>
<wpt lat="40.785492" lon="-73.966795"><ele>10</ele><time>2026-10-06T14:14:23Z</time></wpt>
<wpt lat="40.785465" lon="-73.966801"><ele>10</ele><time>2026-10-06T14:14:25Z</time></wpt>
<wpt lat="40.785438" lon="-73.966807"><ele>10</ele><time>2026-10-06T14:14:28Z</time></wpt>
<wpt lat="40.785411" lon="-73.966814"><ele>10</ele><time>2026-10-06T14:14:30Z</time></wpt>
<wpt lat="40.785384" lon="-73.966820"><ele>10</ele><time>2026-10-06T14:14:32Z</time></wpt>
<wpt lat="40.785357" lon="-73.966814"><ele>10</ele><time>2026-10-06T14:14:34Z</time></wpt>
<wpt lat="40.785330" lon="-73.966809"><ele>10</ele><time>2026-10-06T14:14:36Z</time></wpt>
<wpt lat="40.785303" lon="-73.966803"><ele>10</ele><time>2026-10-06T14:14:38Z</time></wpt>
<wpt lat="40.785276" lon="-73.966798"><ele>10</ele><time>2026-10-06T14:14:40Z</time></wpt>
<wpt lat="40.785249" lon="-73.966792"><ele>10</ele><time>2026-10-06T14:14:42Z</time></wpt>
<wpt lat="40.785221" lon="-73.966787"><ele>10</ele><time>2026-10-06T14:14:44Z</time></wpt>
<wpt lat="40.785194" lon="-73.966781"><ele>10</ele><time>2026-10-06T14:14:46Z</time></wpt>
<wpt lat="40.785167" lon="-73.966776"><ele>10</ele><time>2026-10-06T14:14:48Z</time></wpt>
<wpt lat="40.785140" lon="-73.966770"><ele>10</ele><time>2026-10-06T14:14:50Z</time></wpt>
<wpt lat="40.785113" lon="-73.966765"><ele>10</ele><time>2026-10-06T14:14:52Z</time></wpt>
<wpt lat="40.785086" lon="-73.966759"><ele>10</ele><time>2026-10-06T14:14:54Z</time></wpt>
<wpt lat="40.785059" lon="-73.966754"><ele>10</ele><time>2026-10-06T14:14:56Z</time></wpt>
<wpt lat="40.785032" lon="-73.966748"><ele>10</ele><time>2026-10-06T14:14:58Z</time></wpt>
<wpt lat="40.785004" lon="-73.966743"><ele>10</ele><time>2026-10-06T14:15:00Z</time></wpt>
<wpt lat="40.784977" lon="-73.966737"><ele>10</ele><time>2026-10-06T14:15:02Z</time></wpt>
<wpt lat="40.784955" lon="-73.966712"><ele>10</ele><time>2026-10-06T14:15:04Z</time></wpt>
<wpt lat="40.784933" lon="-73.966688"><ele>10</ele><time>2026-10-06T14:15:06Z</time></wpt>
<wpt lat="40.784911" lon="-73.966663"><ele>10</ele><time>2026-10-06T14:15:08Z</time></wpt>
<wpt lat="40.784889" lon="-73.966638"><ele>10</ele><time>2026-10-06T14:15:10Z</time></wpt>
<wpt lat="40.784867" lon="-73.966614"><ele>10</ele><time>2026-10-06T14:15:12Z</time></wpt>
<wpt lat="40.784844" lon="-73.966589"><ele>10</ele><time>2026-10-06T14:15:14Z</time></wpt>
<wpt lat="40.784822" lon="-73.966564"><ele>10</ele><time>2026-10-06T14:15:16Z</time></wpt>
<wpt lat="40.784800" lon="-73.966540"><ele>10</ele><time>2026-10-06T14:15:19Z</time></wpt>
<wpt lat="40.784778" lon="-73.966515"><ele>10</ele><time>2026-10-06T14:15:21Z</time></wpt>
<wpt lat="40.784756" lon="-73.966490"><ele>10</ele><time>2026-10-06T14:15:23Z</time></wpt>
<wpt lat="40.784734" lon="-73.966466"><ele>10</ele><time>2026-10-06T14:15:25Z</time></wpt>
<wpt lat="40.784711" lon="-73.966441"><ele>10</ele><time>2026-10-06T14:15:27Z</time></wpt>
<wpt lat="40.784689" lon="-73.966416"><ele>10</ele><time>2026-10-06T14:15:29Z</time></wpt>
<wpt lat="40.784670" lon="-73.966386"><ele>10</ele><time>2026-10-06T14:15:31Z</time></wpt>
<wpt lat="40.784652" lon="-73.966357"><ele>10</ele><time>2026-10-06T14:15:33Z</time></wpt>
<wpt lat="40.784633" lon="-73.966327"><ele>10</ele><time>2026-10-06T14:15:35Z</time></wpt>
<wpt lat="40.784614" lon="-73.966297"><ele>10</ele><time>2026-10-06T14:15:37Z</time></wpt>
<wpt lat="40.784595" lon="-73.966268"><ele>10</ele><time>2026-10-06T14:15:39Z</time></wpt>
<wpt lat="40.784576" lon="-73.966238"><ele>10</ele><time>2026-10-06T14:15:41Z</time></wpt>
<wpt lat="40.784557" lon="-73.966208"><ele>10</ele><time>2026-10-06T14:15:43Z</time></wpt>
<wpt lat="40.784539" lon="-73.966178"><ele>10</ele><time>2026-10-06T14:15:45Z</time></wpt>
<wpt lat="40.784520" lon="-73.966149"><ele>10</ele><time>2026-10-06T14:15:47Z</time></wpt>
<wpt lat="40.784501" lon="-73.966119"><ele>10</ele><time>2026-10-06T14:15:50Z</time></wpt>
<wpt lat="40.784482" lon="-73.966089"><ele>10</ele><time>2026-10-06T14:15:52Z</time></wpt>
<wpt lat="40.784463" lon="-73.966059"><ele>10</ele><time>2026-10-06T14:15:54Z</time></wpt>
<wpt lat="40.784445" lon="-73.966030"><ele>10</ele><time>2026-10-06T14:15:56Z</time></wpt>
<wpt lat="40.784426" lon="-73.966000"><ele>10</ele><time>2026-10-06T14:15:58Z</time></wpt>
<wpt lat="40.784407" lon="-73.965970"><ele>10</ele><time>2026-10-06T14:16:00Z</time></wpt>
<wpt lat="40.784388" lon="-73.965941"><ele>10</ele><time>2026-10-06T14:16:02Z</time></wpt>
<wpt lat="40.784375" lon="-73.965906"><ele>10</ele><time>2026-10-06T14:16:04Z</time></wpt>
<wpt lat="40.784362" lon="-73.965871"><ele>10</ele><time>2026-10-06T14:16:06Z</time></wpt>
<wpt lat="40.784350" lon="-73.965836"><ele>10</ele><time>2026-10-06T14:16:08Z</time></wpt>
<wpt lat="40.784337" lon="-73.965801"><ele>10</ele><time>2026-10-06T14:16:10Z</time></wpt>
<wpt lat="40.784324" lon="-73.965767"><ele>10</ele><time>2026-10-06T14:16:12Z</time></wpt>
<wpt lat="40.784311" lon="-73.965732"><ele>10</ele><time>2026-10-06T14:16:14Z</time></wpt>
<wpt lat="40.784298" lon="-73.965697"><ele>10</ele><time>2026-10-06T14:16:16Z</time></wpt>
<wpt lat="40.784285" lon="-73.965662"><ele>10</ele><time>2026-10-06T14:16:18Z</time></wpt>
<wpt lat="40.784273" lon="-73.965627"><ele>10</ele><time>2026-10-06T14:16:20Z</time></wpt>
<wpt lat="40.784260" lon="-73.965593"><ele>10</ele><time>2026-10-06T14:16:22Z</time></wpt>
<wpt lat="40.784247" lon="-73.965558"><ele>10</ele><time>2026-10-06T14:16:24Z</time></wpt>
<wpt lat="40.784234" lon="-73.965523"><ele>10</ele><time>2026-10-06T14:16:26Z</time></wpt>
<wpt lat="40.784221" lon="-73.965488"><ele>10</ele><time>2026-10-06T14:16:28Z</time></wpt>
<wpt lat="40.784208" lon="-73.965453"><ele>10</ele><time>2026-10-06T14:16:30Z</time></wpt>
<wpt lat="40.784196" lon="-73.965419"><ele>10</ele><time>2026-10-06T14:16:32Z</time></wpt>
<wpt lat="40.784183" lon="-73.965384"><ele>10</ele><time>2026-10-06T14:16:34Z</time></wpt>
<wpt lat="40.784170" lon="-73.965349"><ele>10</ele><time>2026-10-06T14:16:36Z</time></wpt>
<wpt lat="40.784157" lon="-73.965314"><ele>10</ele><time>2026-10-06T14:16:38Z</time></wpt>
<wpt lat="40.784144" lon="-73.965280"><ele>10</ele><time>2026-10-06T14:16:40Z</time></wpt>
<wpt lat="40.784131" lon="-73.965245"><ele>10</ele><time>2026-10-06T14:16:42Z</time></wpt>
<wpt lat="40.784119" lon="-73.965210"><ele>10</ele><time>2026-10-06T14:16:44Z</time></wpt>
<wpt lat="40.784106" lon="-73.965175"><ele>10</ele><time>2026-10-06T14:16:46Z</time></wpt>
<wpt lat="40.784093" lon="-73.965140"><ele>10</ele><time>2026-10-06T14:16:48Z</time></wpt>
<wpt lat="40.784080" lon="-73.965106"><ele>10</ele><time>2026-10-06T14:16:50Z</time></wpt>
<wpt lat="40.784067" lon="-73.965071"><ele>10</ele><time>2026-10-06T14:16:53Z</time></wpt>
<wpt lat="40.784054" lon="-73.965036"><ele>10</ele><time>2026-10-06T14:16:55Z</time></wpt>
<wpt lat="40.784042" lon="-73.965001"><ele>10</ele><time>2026-10-06T14:16:57Z</time></wpt>
<wpt lat="40.784029" lon="-73.964966"><ele>10</ele><time>2026-10-06T14:16:59Z</time></wpt>
<wpt lat="40.784016" lon="-73.964932"><ele>10</ele><time>2026-10-06T14:17:01Z</time></wpt>
<wpt lat="40.784003" lon="-73.964897"><ele>10</ele><time>2026-10-06T14:17:03Z</time></wpt>
<wpt lat="40.783990" lon="-73.964862"><ele>10</ele><time>2026-10-06T14:17:05Z</time></wpt>
<wpt lat="40.783977" lon="-73.964827"><ele>10</ele><time>2026-10-06T14:17:07Z</time></wpt>
<wpt lat="40.783965" lon="-73.964792"><ele>10</ele><time>2026-10-06T14:17:09Z</time></wpt>
<wpt lat="40.783952" lon="-73.964758"><ele>10</ele><time>2026-10-06T14:17:11Z</time></wpt>
<wpt lat="40.783939" lon="-73.964723"><ele>10</ele><time>2026-10-06T14:17:13Z</time></wpt>
<wpt lat="40.783926" lon="-73.964688"><ele>10</ele><time>2026-10-06T14:17:15Z</time></wpt>
<wpt lat="40.783913" lon="-73.964653"><ele>10</ele><time>2026-10-06T14:17:17Z</time></wpt>
<wpt lat="40.783900" lon="-73.964619"><ele>10</ele><time>2026-10-06T14:17:19Z</time></wpt>
<wpt lat="40.783888" lon="-73.964584"><ele>10</ele><time>2026-10-06T14:17:21Z</time></wpt>
<wpt lat="40.783875" lon="-73.964549"><ele>10</ele><time>2026-10-06T14:17:23Z</time></wpt>
<wpt lat="40.783862" lon="-73.964514"><ele>10</ele><time>2026-10-06T14:17:25Z</time></wpt>
<wpt lat="40.783849" lon="-73.964479"><ele>10</ele><time>2026-10-06T14:17:27Z</time></wpt>
<wpt lat="40.783836" lon="-73.964445"><ele>10</ele><time>2026-10-06T14:17:29Z</time></wpt>
<wpt lat="40.783823" lon="-73.964410"><ele>10</ele><time>2026-10-06T14:17:31Z</time></wpt>
<wpt lat="40.783811" lon="-73.964375"><ele>10</ele><time>2026-10-06T14:17:33Z</time></wpt>
<wpt lat="40.783798" lon="-73.964340"><ele>10</ele><time>2026-10-06T14:17:35Z</time></wpt>
<wpt lat="40.783785" lon="-73.964305"><ele>10</ele><time>2026-10-06T14:17:37Z</time></wpt>
<wpt lat="40.783772" lon="-73.964271"><ele>10</ele><time>2026-10-06T14:17:39Z</time></wpt>
<wpt lat="40.783759" lon="-73.964236"><ele>10</ele><time>2026-10-06T14:17:41Z</time></wpt>
<wpt lat="40.783746" lon="-73.964201"><ele>10</ele><time>2026-10-06T14:17:43Z</time></wpt>
<wpt lat="40.783734" lon="-73.964166"><ele>10</ele><time>2026-10-06T14:17:45Z</time></wpt>
<wpt lat="40.783721" lon="-73.964131"><ele>10</ele><time>2026-10-06T14:17:47Z</time></wpt>
<wpt lat="40.783708" lon="-73.964097"><ele>10</ele><time>2026-10-06T14:17:49Z</time></wpt>
<wpt lat="40.783695" lon="-73.964062"><ele>10</ele><time>2026-10-06T14:17:51Z</time></wpt>
<wpt lat="40.783682" lon="-73.964027"><ele>10</ele><time>2026-10-06T14:17:53Z</time></wpt>
<wpt lat="40.783669" lon="-73.963992"><ele>10</ele><time>2026-10-06T14:17:55Z</time></wpt>
<wpt lat="40.783647" lon="-73.963967"><ele>10</ele><time>2026-10-06T14:17:57Z</time></wpt>
<wpt lat="40.783625" lon="-73.963942"><ele>10</ele><time>2026-10-06T14:17:59Z</time></wpt>
<wpt lat="40.783603" lon="-73.963917"><ele>10</ele><time>2026-10-06T14:18:01Z</time></wpt>
<wpt lat="40.783581" lon="-73.963892"><ele>10</ele><time>2026-10-06T14:18:04Z</time></wpt>
<wpt lat="40.783559" lon="-73.963867"><ele>10</ele><time>2026-10-06T14:18:06Z</time></wpt>
<wpt lat="40.783537" lon="-73.963842"><ele>10</ele><time>2026-10-06T14:18:08Z</time></wpt>
<wpt lat="40.783515" lon="-73.963817"><ele>10</ele><time>2026-10-06T14:18:10Z</time></wpt>
<wpt lat="40.783493" lon="-73.963792"><ele>10</ele><time>2026-10-06T14:18:12Z</time></wpt>
<wpt lat="40.783471" lon="-73.963767"><ele>10</ele><time>2026-10-06T14:18:14Z</time></wpt>
<wpt lat="40.783449" lon="-73.963742"><ele>10</ele><time>2026-10-06T14:18:16Z</time></wpt>
<wpt lat="40.783427" lon="-73.963717"><ele>10</ele><time>2026-10-06T14:18:18Z</time></wpt>
<wpt lat="40.783404" lon="-73.963691"><ele>10</ele><time>2026-10-06T14:18:20Z</time></wpt>
<wpt lat="40.783382" lon="-73.963666"><ele>10</ele><time>2026-10-06T14:18:22Z</time></wpt>
<wpt lat="40.783360" lon="-73.963641"><ele>10</ele><time>2026-10-06T14:18:24Z</time></wpt>
<wpt lat="40.783338" lon="-73.963616"><ele>10</ele><time>2026-10-06T14:18:26Z</time></wpt>
<wpt lat="40.783316" lon="-73.963591"><ele>10</ele><time>2026-10-06T14:18:28Z</time></wpt>
<wpt lat="40.783294" lon="-73.963566"><ele>10</ele><time>2026-10-06T14:18:31Z</time></wpt>
<wpt lat="40.783272" lon="-73.963541"><ele>10</ele><time>2026-10-06T14:18:33Z</time></wpt>
<wpt lat="40.783250" lon="-73.963516"><ele>10</ele><time>2026-10-06T14:18:35Z</time></wpt>
<wpt lat="40.783228" lon="-73.963491"><ele>10</ele><time>2026-10-06T14:18:37Z</time></wpt>
<wpt lat="40.783206" lon="-73.963466"><ele>10</ele><time>2026-10-06T14:18:39Z</time></wpt>
<wpt lat="40.783184" lon="-73.963441"><ele>10</ele><time>2026-10-06T14:18:41Z</time></wpt>
<wpt lat="40.783157" lon="-73.963430"><ele>10</ele><time>2026-10-06T14:18:43Z</time></wpt>
<wpt lat="40.783130" lon="-73.963420"><ele>10</ele><time>2026-10-06T14:18:45Z</time></wpt>
<wpt lat="40.783103" lon="-73.963409"><ele>10</ele><time>2026-10-06T14:18:47Z</time></wpt>
<wpt lat="40.783076" lon="-73.963399"><ele>10</ele><time>2026-10-06T14:18:49Z</time></wpt>
<wpt lat="40.783049" lon="-73.963388"><ele>10</ele><time>2026-10-06T14:18:51Z</time></wpt>
<wpt lat="40.783022" lon="-73.963378"><ele>10</ele><time>2026-10-06T14:18:53Z</time></wpt>
<wpt lat="40.782996" lon="-73.963367"><ele>10</ele><time>2026-10-06T14:18:55Z</time></wpt>
<wpt lat="40.782969" lon="-73.963357"><ele>10</ele><time>2026-10-06T14:18:57Z</time></wpt>
<wpt lat="40.782942" lon="-73.963346"><ele>10</ele><time>2026-10-06T14:19:00Z</time></wpt>
<wpt lat="40.782915" lon="-73.963336"><ele>10</ele><time>2026-10-06T14:19:02Z</time></wpt>
<wpt lat="40.782888" lon="-73.963325"><ele>10</ele><time>2026-10-06T14:19:04Z</time></wpt>
<wpt lat="40.782861" lon="-73.963315"><ele>10</ele><time>2026-10-06T14:19:06Z</time></wpt>
<wpt lat="40.782834" lon="-73.963304"><ele>10</ele><time>2026-10-06T14:19:08Z</time></wpt>
<wpt lat="40.782807" lon="-73.963293"><ele>10</ele><time>2026-10-06T14:19:10Z</time></wpt>
<wpt lat="40.782781" lon="-73.963283"><ele>10</ele><time>2026-10-06T14:19:12Z</time></wpt>
<wpt lat="40.782754" lon="-73.963272"><ele>10</ele><time>2026-10-06T14:19:14Z</time></wpt>
<wpt lat="40.782727" lon="-73.963262"><ele>10</ele><time>2026-10-06T14:19:16Z</time></wpt>
<wpt lat="40.782700" lon="-73.963251"><ele>10</ele><time>2026-10-06T14:19:18Z</time></wpt>
<wpt lat="40.782673" lon="-73.963241"><ele>10</ele><time>2026-10-06T14:19:20Z</time></wpt>
<wpt lat="40.782646" lon="-73.963230"><ele>10</ele><time>2026-10-06T14:19:22Z</time></wpt>
<wpt lat="40.782619" lon="-73.963220"><ele>10</ele><time>2026-10-06T14:19:24Z</time></wpt>
<wpt lat="40.782592" lon="-73.963209"><ele>10</ele><time>2026-10-06T14:19:26Z</time></wpt>
<wpt lat="40.782565" lon="-73.963199"><ele>10</ele><time>2026-10-06T14:19:28Z</time></wpt>
<wpt lat="40.782539" lon="-73.963188"><ele>10</ele><time>2026-10-06T14:19:30Z</time></wpt>
<wpt lat="40.782512" lon="-73.963178"><ele>10</ele><time>2026-10-06T14:19:32Z</time></wpt>
<wpt lat="40.782486" lon="-73.963157"><ele>10</ele><time>2026-10-06T14:19:35Z</time></wpt>
<wpt lat="40.782460" lon="-73.963136"><ele>10</ele><time>2026-10-06T14:19:37Z</time></wpt>
<wpt lat="40.782434" lon="-73.963115"><ele>10</ele><time>2026-10-06T14:19:39Z</time></wpt>
<wpt lat="40.782408" lon="-73.963095"><ele>10</ele><time>2026-10-06T14:19:41Z</time></wpt>
<wpt lat="40.782383" lon="-73.963074"><ele>10</ele><time>2026-10-06T14:19:43Z</time></wpt>
<wpt lat="40.782357" lon="-73.963053"><ele>10</ele><time>2026-10-06T14:19:46Z</time></wpt>
<wpt lat="40.782338" lon="-73.963025"><ele>10</ele><time>2026-10-06T14:19:48Z</time></wpt>
<wpt lat="40.782318" lon="-73.962997"><ele>10</ele><time>2026-10-06T14:19:50Z</time></wpt>
<wpt lat="40.782299" lon="-73.962970"><ele>10</ele><time>2026-10-06T14:19:52Z</time></wpt>
<wpt lat="40.782280" lon="-73.962942"><ele>10</ele><time>2026-10-06T14:19:54Z</time></wpt>
<wpt lat="40.782261" lon="-73.962914"><ele>10</ele><time>2026-10-06T14:19:56Z</time></wpt>
<wpt lat="40.782242" lon="-73.962886"><ele>10</ele><time>2026-10-06T14:19:58Z</time></wpt>
<wpt lat="40.782223" lon="-73.962858"><ele>10</ele><time>2026-10-06T14:20:00Z</time></wpt>
<wpt lat="40.782204" lon="-73.962830"><ele>10</ele><time>2026-10-06T14:20:02Z</time></wpt>
<wpt lat="40.782185" lon="-73.962802"><ele>10</ele><time>2026-10-06T14:20:04Z</time></wpt>
<wpt lat="40.782166" lon="-73.962775"><ele>10</ele><time>2026-10-06T14:20:06Z</time></wpt>
<wpt lat="40.782147" lon="-73.962747"><ele>10</ele><time>2026-10-06T14:20:08Z</time></wpt>
<wpt lat="40.782128" lon="-73.962719"><ele>10</ele><time>2026-10-06T14:20:10Z</time></wpt>
<wpt lat="40.782129" lon="-73.962677"><ele>10</ele><time>2026-10-06T14:20:12Z</time></wpt>
<wpt lat="40.782131" lon="-73.962634"><ele>10</ele><time>2026-10-06T14:20:14Z</time></wpt>
<wpt lat="40.782132" lon="-73.962592"><ele>10</ele><time>2026-10-06T14:20:16Z</time></wpt>
<wpt lat="40.782134" lon="-73.962550"><ele>10</ele><time>2026-10-06T14:20:18Z</time></wpt>
<wpt lat="40.782109" lon="-73.962533"><ele>10</ele><time>2026-10-06T14:20:20Z</time></wpt>
<wpt lat="40.782085" lon="-73.962516"><ele>10</ele><time>2026-10-06T14:20:22Z</time></wpt>
<wpt lat="40.782060" lon="-73.962499"><ele>10</ele><time>2026-10-06T14:20:24Z</time></wpt>
<wpt lat="40.782036" lon="-73.962482"><ele>10</ele><time>2026-10-06T14:20:26Z</time></wpt>
<wpt lat="40.782023" lon="-73.962445"><ele>10</ele><time>2026-10-06T14:20:29Z</time></wpt>
<wpt lat="40.782011" lon="-73.962408"><ele>10</ele><time>2026-10-06T14:20:31Z</time></wpt>
<wpt lat="40.781999" lon="-73.962370"><ele>10</ele><time>2026-10-06T14:20:33Z</time></wpt>
<wpt lat="40.781986" lon="-73.962333"><ele>10</ele><time>2026-10-06T14:20:35Z</time></wpt>
<wpt lat="40.781974" lon="-73.962296"><ele>10</ele><time>2026-10-06T14:20:37Z</time></wpt>
<wpt lat="40.781961" lon="-73.962258"><ele>10</ele><time>2026-10-06T14:20:39Z</time></wpt>
<wpt lat="40.781949" lon="-73.962221"><ele>10</ele><time>2026-10-06T14:20:41Z</time></wpt>
<wpt lat="40.781937" lon="-73.962184"><ele>10</ele><time>2026-10-06T14:20:43Z</time></wpt>
<wpt lat="40.781933" lon="-73.962143"><ele>10</ele><time>2026-10-06T14:20:46Z</time></wpt>
<wpt lat="40.781929" lon="-73.962103"><ele>10</ele><time>2026-10-06T14:20:48Z</time></wpt>
<wpt lat="40.781925" lon="-73.962063"><ele>10</ele><time>2026-10-06T14:20:50Z</time></wpt>
<wpt lat="40.781921" lon="-73.962023"><ele>10</ele><time>2026-10-06T14:20:52Z</time></wpt>
<wpt lat="40.781918" lon="-73.961983"><ele>10</ele><time>2026-10-06T14:20:54Z</time></wpt>
<wpt lat="40.781914" lon="-73.961942"><ele>10</ele><time>2026-10-06T14:20:56Z</time></wpt>
<wpt lat="40.781910" lon="-73.961902"><ele>10</ele><time>2026-10-06T14:20:58Z</time></wpt>
<wpt lat="40.781906" lon="-73.961862"><ele>10</ele><time>2026-10-06T14:21:00Z</time></wpt>
<wpt lat="40.781902" lon="-73.961822"><ele>10</ele><time>2026-10-06T14:21:02Z</time></wpt>
<wpt lat="40.781898" lon="-73.961782"><ele>10</ele><time>2026-10-06T14:21:04Z</time></wpt>
<wpt lat="40.781895" lon="-73.961741"><ele>10</ele><time>2026-10-06T14:21:06Z</time></wpt>
<wpt lat="40.781891" lon="-73.961701"><ele>10</ele><time>2026-10-06T14:21:08Z</time></wpt>
<wpt lat="40.781887" lon="-73.961661"><ele>10</ele><time>2026-10-06T14:21:11Z</time></wpt>
<wpt lat="40.781895" lon="-73.961621"><ele>10</ele><time>2026-10-06T14:21:13Z</time></wpt>
<wpt lat="40.781904" lon="-73.961582"><ele>10</ele><time>2026-10-06T14:21:15Z</time></wpt>
<wpt lat="40.781912" lon="-73.961542"><ele>10</ele><time>2026-10-06T14:21:17Z</time></wpt>
<wpt lat="40.781921" lon="-73.961503"><ele>10</ele><time>2026-10-06T14:21:19Z</time></wpt>
<wpt lat="40.781929" lon="-73.961463"><ele>10</ele><time>2026-10-06T14:21:21Z</time></wpt>
<wpt lat="40.781938" lon="-73.961424"><ele>10</ele><time>2026-10-06T14:21:23Z</time></wpt>
<wpt lat="40.781946" lon="-73.961384"><ele>10</ele><time>2026-10-06T14:21:25Z</time></wpt>
<wpt lat="40.781954" lon="-73.961345"><ele>10</ele><time>2026-10-06T14:21:28Z</time></wpt>
<wpt lat="40.781963" lon="-73.961305"><ele>10</ele><time>2026-10-06T14:21:30Z</time></wpt>
<wpt lat="40.781971" lon="-73.961265"><ele>10</ele><time>2026-10-06T14:21:32Z</time></wpt>
<wpt lat="40.781980" lon="-73.961226"><ele>10</ele><time>2026-10-06T14:21:34Z</time></wpt>
<wpt lat="40.781988" lon="-73.961186"><ele>10</ele><time>2026-10-06T14:21:36Z</time></wpt>
<wpt lat="40.782005" lon="-73.961155"><ele>10</ele><time>2026-10-06T14:21:38Z</time></wpt>
<wpt lat="40.782022" lon="-73.961124"><ele>10</ele><time>2026-10-06T14:21:40Z</time></wpt>
<wpt lat="40.782039" lon="-73.961093"><ele>10</ele><time>2026-10-06T14:21:42Z</time></wpt>
<wpt lat="40.782056" lon="-73.961062"><ele>10</ele><time>2026-10-06T14:21:44Z</time></wpt>
<wpt lat="40.782072" lon="-73.961030"><ele>10</ele><time>2026-10-06T14:21:46Z</time></wpt>
<wpt lat="40.782089" lon="-73.960999"><ele>10</ele><time>2026-10-06T14:21:48Z</time></wpt>
<wpt lat="40.782106" lon="-73.960968"><ele>10</ele><time>2026-10-06T14:21:50Z</time></wpt>
<wpt lat="40.782123" lon="-73.960937"><ele>10</ele><time>2026-10-06T14:21:52Z</time></wpt>
<wpt lat="40.782140" lon="-73.960906"><ele>10</ele><time>2026-10-06T14:21:54Z</time></wpt>
<wpt lat="40.782157" lon="-73.960875"><ele>10</ele><time>2026-10-06T14:21:56Z</time></wpt>
<wpt lat="40.782174" lon="-73.960843"><ele>10</ele><time>2026-10-06T14:21:58Z</time></wpt>
<wpt lat="40.782190" lon="-73.960812"><ele>10</ele><time>2026-10-06T14:22:00Z</time></wpt>
<wpt lat="40.782207" lon="-73.960781"><ele>10</ele><time>2026-10-06T14:22:02Z</time></wpt>
<wpt lat="40.782232" lon="-73.960763"><ele>10</ele><time>2026-10-06T14:22:04Z</time></wpt>
<wpt lat="40.782256" lon="-73.960745"><ele>10</ele><time>2026-10-06T14:22:06Z</time></wpt>
<wpt lat="40.782280" lon="-73.960728"><ele>10</ele><time>2026-10-06T14:22:08Z</time></wpt>
<wpt lat="40.782304" lon="-73.960710"><ele>10</ele><time>2026-10-06T14:22:10Z</time></wpt>
<wpt lat="40.782328" lon="-73.960692"><ele>10</ele><time>2026-10-06T14:22:12Z</time></wpt>
<wpt lat="40.782353" lon="-73.960674"><ele>10</ele><time>2026-10-06T14:22:14Z</time></wpt>
<wpt lat="40.782377" lon="-73.960656"><ele>10</ele><time>2026-10-06T14:22:17Z</time></wpt>
<wpt lat="40.782401" lon="-73.960639"><ele>10</ele><time>2026-10-06T14:22:19Z</time></wpt>
<wpt lat="40.782425" lon="-73.960621"><ele>10</ele><time>2026-10-06T14:22:21Z</time></wpt>
<wpt lat="40.782450" lon="-73.960603"><ele>10</ele><time>2026-10-06T14:22:23Z</time></wpt>
<wpt lat="40.782474" lon="-73.960585"><ele>10</ele><time>2026-10-06T14:22:25Z</time></wpt>
<wpt lat="40.782498" lon="-73.960568"><ele>10</ele><time>2026-10-06T14:22:27Z</time></wpt>
<wpt lat="40.782522" lon="-73.960550"><ele>10</ele><time>2026-10-06T14:22:29Z</time></wpt>
<wpt lat="40.782546" lon="-73.960532"><ele>10</ele><time>2026-10-06T14:22:31Z</time></wpt>
<wpt lat="40.782571" lon="-73.960514"><ele>10</ele><time>2026-10-06T14:22:33Z</time></wpt>
<wpt lat="40.782595" lon="-73.960496"><ele>10</ele><time>2026-10-06T14:22:35Z</time></wpt>
<wpt lat="40.782619" lon="-73.960479"><ele>10</ele><time>2026-10-06T14:22:37Z</time></wpt>
<wpt lat="40.782643" lon="-73.960461"><ele>10</ele><time>2026-10-06T14:22:39Z</time></wpt>
<wpt lat="40.782668" lon="-73.960443"><ele>10</ele><time>2026-10-06T14:22:41Z</time></wpt>
<wpt lat="40.782692" lon="-73.960425"><ele>10</ele><time>2026-10-06T14:22:43Z</time></wpt>
<wpt lat="40.782716" lon="-73.960407"><ele>10</ele><time>2026-10-06T14:22:45Z</time></wpt>
<wpt lat="40.782740" lon="-73.960390"><ele>10</ele><time>2026-10-06T14:22:47Z</time></wpt>
<wpt lat="40.782764" lon="-73.960372"><ele>10</ele><time>2026-10-06T14:22:49Z</time></wpt>
<wpt lat="40.782789" lon="-73.960354"><ele>10</ele><time>2026-10-06T14:22:51Z</time></wpt>
<wpt lat="40.782813" lon="-73.960336"><ele>10</ele><time>2026-10-06T14:22:53Z</time></wpt>
<wpt lat="40.782837" lon="-73.960319"><ele>10</ele><time>2026-10-06T14:22:55Z</time></wpt>
<wpt lat="40.782861" lon="-73.960301"><ele>10</ele><time>2026-10-06T14:22:57Z</time></wpt>
<wpt lat="40.782886" lon="-73.960283"><ele>10</ele><time>2026-10-06T14:22:59Z</time></wpt>
<wpt lat="40.782910" lon="-73.960265"><ele>10</ele><time>2026-10-06T14:23:01Z</time></wpt>
<wpt lat="40.782934" lon="-73.960247"><ele>10</ele><time>2026-10-06T14:23:03Z</time></wpt>
<wpt lat="40.782958" lon="-73.960230"><ele>10</ele><time>2026-10-06T14:23:05Z</time></wpt>
<wpt lat="40.782983" lon="-73.960212"><ele>10</ele><time>2026-10-06T14:23:07Z</time></wpt>
<wpt lat="40.783007" lon="-73.960194"><ele>10</ele><time>2026-10-06T14:23:09Z</time></wpt>
<wpt lat="40.783031" lon="-73.960176"><ele>10</ele><time>2026-10-06T14:23:11Z</time></wpt>
<wpt lat="40.783055" lon="-73.960158"><ele>10</ele><time>2026-10-06T14:23:13Z</time></wpt>
<wpt lat="40.783079" lon="-73.960141"><ele>10</ele><time>2026-10-06T14:23:15Z</time></wpt>
<wpt lat="40.783104" lon="-73.960123"><ele>10</ele><time>2026-10-06T14:23:17Z</time></wpt>
<wpt lat="40.783128" lon="-73.960105"><ele>10</ele><time>2026-10-06T14:23:19Z</time></wpt>
<wpt lat="40.783152" lon="-73.960087"><ele>10</ele><time>2026-10-06T14:23:21Z</time></wpt>
<wpt lat="40.783176" lon="-73.960070"><ele>10</ele><time>2026-10-06T14:23:23Z</time></wpt>
<wpt lat="40.783201" lon="-73.960052"><ele>10</ele><time>2026-10-06T14:23:25Z</time></wpt>
<wpt lat="40.783225" lon="-73.960034"><ele>10</ele><time>2026-10-06T14:23:27Z</time></wpt>
<wpt lat="40.783249" lon="-73.960016"><ele>10</ele><time>2026-10-06T14:23:29Z</time></wpt>
<wpt lat="40.783273" lon="-73.959998"><ele>10</ele><time>2026-10-06T14:23:31Z</time></wpt>
<wpt lat="40.783297" lon="-73.959981"><ele>10</ele><time>2026-10-06T14:23:33Z</time></wpt>
<wpt lat="40.783322" lon="-73.959963"><ele>10</ele><time>2026-10-06T14:23:35Z</time></wpt>
<wpt lat="40.783346" lon="-73.959945"><ele>10</ele><time>2026-10-06T14:23:37Z</time></wpt>
<wpt lat="40.783370" lon="-73.959927"><ele>10</ele><time>2026-10-06T14:23:39Z</time></wpt>
<wpt lat="40.783394" lon="-73.959909"><ele>10</ele><time>2026-10-06T14:23:41Z</time></wpt>
<wpt lat="40.783419" lon="-73.959892"><ele>10</ele><time>2026-10-06T14:23:43Z</time></wpt>
<wpt lat="40.783443" lon="-73.959874"><ele>10</ele><time>2026-10-06T14:23:45Z</time></wpt>
<wpt lat="40.783467" lon="-73.959856"><ele>10</ele><time>2026-10-06T14:23:47Z</time></wpt>
<wpt lat="40.783491" lon="-73.959838"><ele>10</ele><time>2026-10-06T14:23:49Z</time></wpt>
<wpt lat="40.783515" lon="-73.959821"><ele>10</ele><time>2026-10-06T14:23:51Z</time></wpt>
<wpt lat="40.783540" lon="-73.959803"><ele>10</ele><time>2026-10-06T14:23:53Z</time></wpt>
<wpt lat="40.783564" lon="-73.959785"><ele>10</ele><time>2026-10-06T14:23:55Z</time></wpt>
<wpt lat="40.783588" lon="-73.959767"><ele>10</ele><time>2026-10-06T14:23:57Z</time></wpt>
<wpt lat="40.783612" lon="-73.959749"><ele>10</ele><time>2026-10-06T14:23:59Z</time></wpt>
<wpt lat="40.783637" lon="-73.959732"><ele>10</ele><time>2026-10-06T14:24:01Z</time></wpt>
<wpt lat="40.783661" lon="-73.959714"><ele>10</ele><time>2026-10-06T14:24:03Z</time></wpt>
<wpt lat="40.783685" lon="-73.959696"><ele>10</ele><time>2026-10-06T14:24:05Z</time></wpt>
<wpt lat="40.783709" lon="-73.959678"><ele>10</ele><time>2026-10-06T14:24:07Z</time></wpt>
<wpt lat="40.783734" lon="-73.959660"><ele>10</ele><time>2026-10-06T14:24:09Z</time></wpt>
<wpt lat="40.783758" lon="-73.959643"><ele>10</ele><time>2026-10-06T14:24:11Z</time></wpt>
<wpt lat="40.783782" lon="-73.959625"><ele>10</ele><time>2026-10-06T14:24:13Z</time></wpt>
<wpt lat="40.783806" lon="-73.959607"><ele>10</ele><time>2026-10-06T14:24:15Z</time></wpt>
<wpt lat="40.783830" lon="-73.959589"><ele>10</ele><time>2026-10-06T14:24:17Z</time></wpt>
<wpt lat="40.783855" lon="-73.959572"><ele>10</ele><time>2026-10-06T14:24:19Z</time></wpt>
<wpt lat="40.783879" lon="-73.959554"><ele>10</ele><time>2026-10-06T14:24:21Z</time></wpt>
<wpt lat="40.783903" lon="-73.959536"><ele>10</ele><time>2026-10-06T14:24:23Z</time></wpt>
<wpt lat="40.783927" lon="-73.959518"><ele>10</ele><time>2026-10-06T14:24:25Z</time></wpt>
<wpt lat="40.783952" lon="-73.959500"><ele>10</ele><time>2026-10-06T14:24:27Z</time></wpt>
<wpt lat="40.783976" lon="-73.959483"><ele>10</ele><time>2026-10-06T14:24:29Z</time></wpt>
<wpt lat="40.784000" lon="-73.959465"><ele>10</ele><time>2026-10-06T14:24:31Z</time></wpt>
<wpt lat="40.784024" lon="-73.959447"><ele>10</ele><time>2026-10-06T14:24:33Z</time></wpt>
<wpt lat="40.784048" lon="-73.959429"><ele>10</ele><time>2026-10-06T14:24:35Z</time></wpt>
<wpt lat="40.784073" lon="-73.959411"><ele>10</ele><time>2026-10-06T14:24:37Z</time></wpt>
<wpt lat="40.784097" lon="-73.959394"><ele>10</ele><time>2026-10-06T14:24:39Z</time></wpt>
<wpt lat="40.784121" lon="-73.959376"><ele>10</ele><time>2026-10-06T14:24:41Z</time></wpt>
<wpt lat="40.784145" lon="-73.959358"><ele>10</ele><time>2026-10-06T14:24:43Z</time></wpt>
<wpt lat="40.784170" lon="-73.959340"><ele>10</ele><time>2026-10-06T14:24:45Z</time></wpt>
<wpt lat="40.784194" lon="-73.959323"><ele>10</ele><time>2026-10-06T14:24:47Z</time></wpt>
<wpt lat="40.784218" lon="-73.959305"><ele>10</ele><time>2026-10-06T14:24:49Z</time></wpt>
<wpt lat="40.784242" lon="-73.959287"><ele>10</ele><time>2026-10-06T14:24:51Z</time></wpt>
<wpt lat="40.784266" lon="-73.959269"><ele>10</ele><time>2026-10-06T14:24:53Z</time></wpt>
<wpt lat="40.784291" lon="-73.959251"><ele>10</ele><time>2026-10-06T14:24:55Z</time></wpt>
<wpt lat="40.784315" lon="-73.959234"><ele>10</ele><time>2026-10-06T14:24:57Z</time></wpt>
<wpt lat="40.784339" lon="-73.959216"><ele>10</ele><time>2026-10-06T14:24:59Z</time></wpt>
<wpt lat="40.784363" lon="-73.959198"><ele>10</ele><time>2026-10-06T14:25:01Z</time></wpt>
<wpt lat="40.784388" lon="-73.959180"><ele>10</ele><time>2026-10-06T14:25:03Z</time></wpt>
<wpt lat="40.784412" lon="-73.959162"><ele>10</ele><time>2026-10-06T14:25:06Z</time></wpt>
<wpt lat="40.784436" lon="-73.959145"><ele>10</ele><time>2026-10-06T14:25:08Z</time></wpt>
<wpt lat="40.784460" lon="-73.959127"><ele>10</ele><time>2026-10-06T14:25:10Z</time></wpt>
<wpt lat="40.784485" lon="-73.959109"><ele>10</ele><time>2026-10-06T14:25:12Z</time></wpt>
<wpt lat="40.784509" lon="-73.959091"><ele>10</ele><time>2026-10-06T14:25:14Z</time></wpt>
<wpt lat="40.784533" lon="-73.959074"><ele>10</ele><time>2026-10-06T14:25:16Z</time></wpt>
<wpt lat="40.784557" lon="-73.959056"><ele>10</ele><time>2026-10-06T14:25:18Z</time></wpt>
<wpt lat="40.784581" lon="-73.959038"><ele>10</ele><time>2026-10-06T14:25:20Z</time></wpt>
<wpt lat="40.784606" lon="-73.959020"><ele>10</ele><time>2026-10-06T14:25:22Z</time></wpt>
<wpt lat="40.784630" lon="-73.959002"><ele>10</ele><time>2026-10-06T14:25:24Z</time></wpt>
<wpt lat="40.784654" lon="-73.958985"><ele>10</ele><time>2026-10-06T14:25:26Z</time></wpt>
<wpt lat="40.784678" lon="-73.958967"><ele>10</ele><time>2026-10-06T14:25:28Z</time></wpt>
<wpt lat="40.784703" lon="-73.958949"><ele>10</ele><time>2026-10-06T14:25:30Z</time></wpt>
<wpt lat="40.784727" lon="-73.958931"><ele>10</ele><time>2026-10-06T14:25:32Z</time></wpt>
<wpt lat="40.784751" lon="-73.958913"><ele>10</ele><time>2026-10-06T14:25:34Z</time></wpt>
<wpt lat="40.784775" lon="-73.958896"><ele>10</ele><time>2026-10-06T14:25:36Z</time></wpt>
<wpt lat="40.784799" lon="-73.958878"><ele>10</ele><time>2026-10-06T14:25:38Z</time></wpt>
<wpt lat="40.784824" lon="-73.958860"><ele>10</ele><time>2026-10-06T14:25:40Z</time></wpt>
<wpt lat="40.784848" lon="-73.958842"><ele>10</ele><time>2026-10-06T14:25:42Z</time></wpt>
<wpt lat="40.784872" lon="-73.958825"><ele>10</ele><time>2026-10-06T14:25:44Z</time></wpt>
<wpt lat="40.784896" lon="-73.958807"><ele>10</ele><time>2026-10-06T14:25:46Z</time></wpt>
<wpt lat="40.784921" lon="-73.958789"><ele>10</ele><time>2026-10-06T14:25:48Z</time></wpt>
<wpt lat="40.784945" lon="-73.958771"><ele>10</ele><time>2026-10-06T14:25:50Z</time></wpt>
<wpt lat="40.784969" lon="-73.958753"><ele>10</ele><time>2026-10-06T14:25:52Z</time></wpt>
<wpt lat="40.784993" lon="-73.958736"><ele>10</ele><time>2026-10-06T14:25:54Z</time></wpt>
<wpt lat="40.785017" lon="-73.958718"><ele>10</ele><time>2026-10-06T14:25:56Z</time></wpt>
<wpt lat="40.785042" lon="-73.958700"><ele>10</ele><time>2026-10-06T14:25:58Z</time></wpt>
<wpt lat="40.785066" lon="-73.958682"><ele>10</ele><time>2026-10-06T14:26:00Z</time></wpt>
<wpt lat="40.785090" lon="-73.958664"><ele>10</ele><time>2026-10-06T14:26:02Z</time></wpt>
<wpt lat="40.785114" lon="-73.958647"><ele>10</ele><time>2026-10-06T14:26:04Z</time></wpt>
<wpt lat="40.785139" lon="-73.958629"><ele>10</ele><time>2026-10-06T14:26:06Z</time></wpt>
<wpt lat="40.785163" lon="-73.958611"><ele>10</ele><time>2026-10-06T14:26:08Z</time></wpt>
<wpt lat="40.785187" lon="-73.958593"><ele>10</ele><time>2026-10-06T14:26:10Z</time></wpt>
<wpt lat="40.785211" lon="-73.958576"><ele>10</ele><time>2026-10-06T14:26:12Z</time></wpt>
<wpt lat="40.785235" lon="-73.958558"><ele>10</ele><time>2026-10-06T14:26:14Z</time></wpt>
<wpt lat="40.785260" lon="-73.958540"><ele>10</ele><time>2026-10-06T14:26:16Z</time></wpt>
<wpt lat="40.785284" lon="-73.958522"><ele>10</ele><time>2026-10-06T14:26:18Z</time></wpt>
<wpt lat="40.785308" lon="-73.958504"><ele>10</ele><time>2026-10-06T14:26:20Z</time></wpt>
<wpt lat="40.785332" lon="-73.958487"><ele>10</ele><time>2026-10-06T14:26:22Z</time></wpt>
<wpt lat="40.785357" lon="-73.958469"><ele>10</ele><time>2026-10-06T14:26:24Z</time></wpt>
<wpt lat="40.785381" lon="-73.958451"><ele>10</ele><time>2026-10-06T14:26:26Z</time></wpt>
<wpt lat="40.785405" lon="-73.958433"><ele>10</ele><time>2026-10-06T14:26:28Z</time></wpt>
<wpt lat="40.785429" lon="-73.958415"><ele>10</ele><time>2026-10-06T14:26:30Z</time></wpt>
<wpt lat="40.785454" lon="-73.958398"><ele>10</ele><time>2026-10-06T14:26:32Z</time></wpt>
<wpt lat="40.785478" lon="-73.958380"><ele>10</ele><time>2026-10-06T14:26:34Z</time></wpt>
<wpt lat="40.785502" lon="-73.958362"><ele>10</ele><time>2026-10-06T14:26:36Z</time></wpt>
<wpt lat="40.785526" lon="-73.958344"><ele>10</ele><time>2026-10-06T14:26:38Z</time></wpt>
<wpt lat="40.785550" lon="-73.958327"><ele>10</ele><time>2026-10-06T14:26:40Z</time></wpt>
<wpt lat="40.785575" lon="-73.958309"><ele>10</ele><time>2026-10-06T14:26:42Z</time></wpt>
<wpt lat="40.785599" lon="-73.958291"><ele>10</ele><time>2026-10-06T14:26:44Z</time></wpt>
<wpt lat="40.785623" lon="-73.958273"><ele>10</ele><time>2026-10-06T14:26:46Z</time></wpt>
<wpt lat="40.785647" lon="-73.958255"><ele>10</ele><time>2026-10-06T14:26:48Z</time></wpt>
<wpt lat="40.785672" lon="-73.958238"><ele>10</ele><time>2026-10-06T14:26:50Z</time></wpt>
<wpt lat="40.785696" lon="-73.958220"><ele>10</ele><time>2026-10-06T14:26:52Z</time></wpt>
<wpt lat="40.785720" lon="-73.958202"><ele>10</ele><time>2026-10-06T14:26:54Z</time></wpt>
<wpt lat="40.785744" lon="-73.958184"><ele>10</ele><time>2026-10-06T14:26:56Z</time></wpt>
<wpt lat="40.785768" lon="-73.958166"><ele>10</ele><time>2026-10-06T14:26:58Z</time></wpt>
<wpt lat="40.785793" lon="-73.958149"><ele>10</ele><time>2026-10-06T14:27:00Z</time></wpt>
<wpt lat="40.785817" lon="-73.958131"><ele>10</ele><time>2026-10-06T14:27:02Z</time></wpt>
<wpt lat="40.785841" lon="-73.958113"><ele>10</ele><time>2026-10-06T14:27:04Z</time></wpt>
<wpt lat="40.785865" lon="-73.958095"><ele>10</ele><time>2026-10-06T14:27:06Z</time></wpt>
<wpt lat="40.785890" lon="-73.958078"><ele>10</ele><time>2026-10-06T14:27:08Z</time></wpt>
<wpt lat="40.785914" lon="-73.958060"><ele>10</ele><time>2026-10-06T14:27:10Z</time></wpt>
<wpt lat="40.785938" lon="-73.958042"><ele>10</ele><time>2026-10-06T14:27:12Z</time></wpt>
<wpt lat="40.785962" lon="-73.958024"><ele>10</ele><time>2026-10-06T14:27:14Z</time></wpt>
<wpt lat="40.785986" lon="-73.958006"><ele>10</ele><time>2026-10-06T14:27:16Z</time></wpt>
<wpt lat="40.786011" lon="-73.957989"><ele>10</ele><time>2026-10-06T14:27:18Z</time></wpt>
<wpt lat="40.786035" lon="-73.957971"><ele>10</ele><time>2026-10-06T14:27:20Z</time></wpt>
<wpt lat="40.786059" lon="-73.957953"><ele>10</ele><time>2026-10-06T14:27:22Z</time></wpt>
<wpt lat="40.786083" lon="-73.957935"><ele>10</ele><time>2026-10-06T14:27:24Z</time></wpt>
<wpt lat="40.786108" lon="-73.957917"><ele>10</ele><time>2026-10-06T14:27:26Z</time></wpt>
<wpt lat="40.786132" lon="-73.957900"><ele>10</ele><time>2026-10-06T14:27:28Z</time></wpt>
<wpt lat="40.786156" lon="-73.957882"><ele>10</ele><time>2026-10-06T14:27:30Z</time></wpt>
<wpt lat="40.786180" lon="-73.957864"><ele>10</ele><time>2026-10-06T14:27:32Z</time></wpt>
<wpt lat="40.786205" lon="-73.957846"><ele>10</ele><time>2026-10-06T14:27:34Z</time></wpt>
<wpt lat="40.786229" lon="-73.957829"><ele>10</ele><time>2026-10-06T14:27:36Z</time></wpt>
<wpt lat="40.786253" lon="-73.957811"><ele>10</ele><time>2026-10-06T14:27:38Z</time></wpt>
<wpt lat="40.786303" lon="-73.957343"><ele>10</ele><time>2026-10-06T14:27:40Z</time></wpt>
<wpt lat="40.786274" lon="-73.957365"><ele>10</ele><time>2026-10-06T14:27:42Z</time></wpt>
<wpt lat="40.786245" lon="-73.957386"><ele>10</ele><time>2026-10-06T14:27:44Z</time></wpt>
<wpt lat="40.786215" lon="-73.957408"><ele>10</ele><time>2026-10-06T14:27:46Z</time></wpt>
<wpt lat="40.786186" lon="-73.957429"><ele>10</ele><time>2026-10-06T14:27:48Z</time></wpt>
<wpt lat="40.786157" lon="-73.957450"><ele>10</ele><time>2026-10-06T14:27:51Z</time></wpt>
<wpt lat="40.786128" lon="-73.957472"><ele>10</ele><time>2026-10-06T14:27:53Z</time></wpt>
<wpt lat="40.786099" lon="-73.957493"><ele>10</ele><time>2026-10-06T14:27:55Z</time></wpt>
<wpt lat="40.786069" lon="-73.957515"><ele>10</ele><time>2026-10-06T14:27:57Z</time></wpt>
<wpt lat="40.786040" lon="-73.957536"><ele>10</ele><time>2026-10-06T14:27:59Z</time></wpt>
<wpt lat="40.786011" lon="-73.957557"><ele>10</ele><time>2026-10-06T14:28:01Z</time></wpt>
<wpt lat="40.785982" lon="-73.957579"><ele>10</ele><time>2026-10-06T14:28:03Z</time></wpt>
<wpt lat="40.785953" lon="-73.957600"><ele>10</ele><time>2026-10-06T14:28:05Z</time></wpt>
<wpt lat="40.785923" lon="-73.957621"><ele>10</ele><time>2026-10-06T14:28:07Z</time></wpt>
<wpt lat="40.785894" lon="-73.957643"><ele>10</ele><time>2026-10-06T14:28:09Z</time></wpt>
<wpt lat="40.785865" lon="-73.957664"><ele>10</ele><time>2026-10-06T14:28:11Z</time></wpt>
<wpt lat="40.785836" lon="-73.957686"><ele>10</ele><time>2026-10-06T14:28:13Z</time></wpt>
<wpt lat="40.785807" lon="-73.957707"><ele>10</ele><time>2026-10-06T14:28:15Z</time></wpt>
<wpt lat="40.785777" lon="-73.957728"><ele>10</ele><time>2026-10-06T14:28:17Z</time></wpt>
<wpt lat="40.785748" lon="-73.957750"><ele>10</ele><time>2026-10-06T14:28:19Z</time></wpt>
<wpt lat="40.785719" lon="-73.957771"><ele>10</ele><time>2026-10-06T14:28:21Z</time></wpt>
<wpt lat="40.785690" lon="-73.957793"><ele>10</ele><time>2026-10-06T14:28:23Z</time></wpt>
<wpt lat="40.785661" lon="-73.957814"><ele>10</ele><time>2026-10-06T14:28:25Z</time></wpt>
<wpt lat="40.785631" lon="-73.957835"><ele>10</ele><time>2026-10-06T14:28:27Z</time></wpt>
<wpt lat="40.785602" lon="-73.957857"><ele>10</ele><time>2026-10-06T14:28:29Z</time></wpt>
<wpt lat="40.785573" lon="-73.957878"><ele>10</ele><time>2026-10-06T14:28:31Z</time></wpt>
<wpt lat="40.785544" lon="-73.957899"><ele>10</ele><time>2026-10-06T14:28:33Z</time></wpt>
<wpt lat="40.785515" lon="-73.957921"><ele>10</ele><time>2026-10-06T14:28:35Z</time></wpt>
<wpt lat="40.785485" lon="-73.957942"><ele>10</ele><time>2026-10-06T14:28:37Z</time></wpt>
<wpt lat="40.785456" lon="-73.957964"><ele>10</ele><time>2026-10-06T14:28:39Z</time></wpt>
<wpt lat="40.785427" lon="-73.957985"><ele>10</ele><time>2026-10-06T14:28:41Z</time></wpt>
<wpt lat="40.785398" lon="-73.958006"><ele>10</ele><time>2026-10-06T14:28:43Z</time></wpt>
<wpt lat="40.785369" lon="-73.958028"><ele>10</ele><time>2026-10-06T14:28:45Z</time></wpt>
<wpt lat="40.785339" lon="-73.958049"><ele>10</ele><time>2026-10-06T14:28:47Z</time></wpt>
<wpt lat="40.785310" lon="-73.958070"><ele>10</ele><time>2026-10-06T14:28:49Z</time></wpt>
<wpt lat="40.785281" lon="-73.958092"><ele>10</ele><time>2026-10-06T14:28:51Z</time></wpt>
<wpt lat="40.785252" lon="-73.958113"><ele>10</ele><time>2026-10-06T14:28:53Z</time></wpt>
<wpt lat="40.785223" lon="-73.958135"><ele>10</ele><time>2026-10-06T14:28:55Z</time></wpt>
<wpt lat="40.785193" lon="-73.958156"><ele>10</ele><time>2026-10-06T14:28:57Z</time></wpt>
<wpt lat="40.785164" lon="-73.958177"><ele>10</ele><time>2026-10-06T14:28:59Z</time></wpt>
<wpt lat="40.785135" lon="-73.958199"><ele>10</ele><time>2026-10-06T14:29:01Z</time></wpt>
<wpt lat="40.785106" lon="-73.958220"><ele>10</ele><time>2026-10-06T14:29:03Z</time></wpt>
<wpt lat="40.785077" lon="-73.958242"><ele>10</ele><time>2026-10-06T14:29:05Z</time></wpt>
<wpt lat="40.785047" lon="-73.958263"><ele>10</ele><time>2026-10-06T14:29:07Z</time></wpt>
<wpt lat="40.785018" lon="-73.958284"><ele>10</ele><time>2026-10-06T14:29:09Z</time></wpt>
<wpt lat="40.784989" lon="-73.958306"><ele>10</ele><time>2026-10-06T14:29:11Z</time></wpt>
<wpt lat="40.784960" lon="-73.958327"><ele>10</ele><time>2026-10-06T14:29:13Z</time></wpt>
<wpt lat="40.784931" lon="-73.958348"><ele>10</ele><time>2026-10-06T14:29:15Z</time></wpt>
<wpt lat="40.784902" lon="-73.958370"><ele>10</ele><time>2026-10-06T14:29:17Z</time></wpt>
<wpt lat="40.784872" lon="-73.958391"><ele>10</ele><time>2026-10-06T14:29:19Z</time></wpt>
<wpt lat="40.784843" lon="-73.958413"><ele>10</ele><time>2026-10-06T14:29:21Z</time></wpt>
<wpt lat="40.784814" lon="-73.958434"><ele>10</ele><time>2026-10-06T14:29:23Z</time></wpt>
<wpt lat="40.784785" lon="-73.958455"><ele>10</ele><time>2026-10-06T14:29:25Z</time></wpt>
<wpt lat="40.784756" lon="-73.958477"><ele>10</ele><time>2026-10-06T14:29:27Z</time></wpt>
<wpt lat="40.784726" lon="-73.958498"><ele>10</ele><time>2026-10-06T14:29:29Z</time></wpt>
<wpt lat="40.784697" lon="-73.958520"><ele>10</ele><time>2026-10-06T14:29:31Z</time></wpt>
<wpt lat="40.784668" lon="-73.958541"><ele>10</ele><time>2026-10-06T14:29:33Z</time></wpt>
<wpt lat="40.784639" lon="-73.958562"><ele>10</ele><time>2026-10-06T14:29:36Z</time></wpt>
<wpt lat="40.784610" lon="-73.958584"><ele>10</ele><time>2026-10-06T14:29:38Z</time></wpt>
<wpt lat="40.784580" lon="-73.958605"><ele>10</ele><time>2026-10-06T14:29:40Z</time></wpt>
<wpt lat="40.784551" lon="-73.958626"><ele>10</ele><time>2026-10-06T14:29:42Z</time></wpt>
<wpt lat="40.784522" lon="-73.958648"><ele>10</ele><time>2026-10-06T14:29:44Z</time></wpt>
<wpt lat="40.784493" lon="-73.958669"><ele>10</ele><time>2026-10-06T14:29:46Z</time></wpt>
<wpt lat="40.784464" lon="-73.958691"><ele>10</ele><time>2026-10-06T14:29:48Z</time></wpt>
<wpt lat="40.784434" lon="-73.958712"><ele>10</ele><time>2026-10-06T14:29:50Z</time></wpt>
<wpt lat="40.784405" lon="-73.958733"><ele>10</ele><time>2026-10-06T14:29:52Z</time></wpt>
<wpt lat="40.784376" lon="-73.958755"><ele>10</ele><time>2026-10-06T14:29:54Z</time></wpt>
<wpt lat="40.784347" lon="-73.958776"><ele>10</ele><time>2026-10-06T14:29:56Z</time></wpt>
<wpt lat="40.784318" lon="-73.958798"><ele>10</ele><time>2026-10-06T14:29:58Z</time></wpt>
<wpt lat="40.784283" lon="-73.958823"><ele>10</ele><time>2026-10-06T14:30:00Z</time></wpt>
<wpt lat="40.784248" lon="-73.958848"><ele>10</ele><time>2026-10-06T14:30:03Z</time></wpt>
<wpt lat="40.784213" lon="-73.958873"><ele>10</ele><time>2026-10-06T14:30:05Z</time></wpt>
<wpt lat="40.784174" lon="-73.958901"><ele>10</ele><time>2026-10-06T14:30:08Z</time></wpt>
<wpt lat="40.784136" lon="-73.958929"><ele>10</ele><time>2026-10-06T14:30:10Z</time></wpt>
<wpt lat="40.784105" lon="-73.958952"><ele>10</ele><time>2026-10-06T14:30:12Z</time></wpt>
<wpt lat="40.784074" lon="-73.958975"><ele>10</ele><time>2026-10-06T14:30:15Z</time></wpt>
<wpt lat="40.784043" lon="-73.958998"><ele>10</ele><time>2026-10-06T14:30:17Z</time></wpt>
<wpt lat="40.784012" lon="-73.959020"><ele>10</ele><time>2026-10-06T14:30:19Z</time></wpt>
<wpt lat="40.783981" lon="-73.959043"><ele>10</ele><time>2026-10-06T14:30:21Z</time></wpt>
<wpt lat="40.783949" lon="-73.959066"><ele>10</ele><time>2026-10-06T14:30:23Z</time></wpt>
<wpt lat="40.783920" lon="-73.959087"><ele>10</ele><time>2026-10-06T14:30:25Z</time></wpt>
<wpt lat="40.783891" lon="-73.959109"><ele>10</ele><time>2026-10-06T14:30:27Z</time></wpt>
<wpt lat="40.783862" lon="-73.959130"><ele>10</ele><time>2026-10-06T14:30:29Z</time></wpt>
<wpt lat="40.783833" lon="-73.959152"><ele>10</ele><time>2026-10-06T14:30:31Z</time></wpt>
<wpt lat="40.783803" lon="-73.959173"><ele>10</ele><time>2026-10-06T14:30:33Z</time></wpt>
<wpt lat="40.783774" lon="-73.959195"><ele>10</ele><time>2026-10-06T14:30:35Z</time></wpt>
<wpt lat="40.783745" lon="-73.959216"><ele>10</ele><time>2026-10-06T14:30:37Z</time></wpt>
<wpt lat="40.783716" lon="-73.959238"><ele>10</ele><time>2026-10-06T14:30:39Z</time></wpt>
<wpt lat="40.783686" lon="-73.959259"><ele>10</ele><time>2026-10-06T14:30:41Z</time></wpt>
<wpt lat="40.783657" lon="-73.959281"><ele>10</ele><time>2026-10-06T14:30:43Z</time></wpt>
<wpt lat="40.783628" lon="-73.959302"><ele>10</ele><time>2026-10-06T14:30:45Z</time></wpt>
<wpt lat="40.783599" lon="-73.959324"><ele>10</ele><time>2026-10-06T14:30:47Z</time></wpt>
<wpt lat="40.783569" lon="-73.959345"><ele>10</ele><time>2026-10-06T14:30:49Z</time></wpt>
<wpt lat="40.783540" lon="-73.959367"><ele>10</ele><time>2026-10-06T14:30:52Z</time></wpt>
<wpt lat="40.783511" lon="-73.959388"><ele>10</ele><time>2026-10-06T14:30:54Z</time></wpt>
<wpt lat="40.783482" lon="-73.959410"><ele>10</ele><time>2026-10-06T14:30:56Z</time></wpt>
<wpt lat="40.783452" lon="-73.959431"><ele>10</ele><time>2026-10-06T14:30:58Z</time></wpt>
<wpt lat="40.783423" lon="-73.959453"><ele>10</ele><time>2026-10-06T14:31:00Z</time></wpt>
<wpt lat="40.783394" lon="-73.959474"><ele>10</ele><time>2026-10-06T14:31:02Z</time></wpt>
<wpt lat="40.783365" lon="-73.959496"><ele>10</ele><time>2026-10-06T14:31:04Z</time></wpt>
<wpt lat="40.783335" lon="-73.959517"><ele>10</ele><time>2026-10-06T14:31:06Z</time></wpt>
<wpt lat="40.783306" lon="-73.959539"><ele>10</ele><time>2026-10-06T14:31:08Z</time></wpt>
<wpt lat="40.783277" lon="-73.959560"><ele>10</ele><time>2026-10-06T14:31:10Z</time></wpt>
<wpt lat="40.783248" lon="-73.959582"><ele>10</ele><time>2026-10-06T14:31:12Z</time></wpt>
<wpt lat="40.783218" lon="-73.959603"><ele>10</ele><time>2026-10-06T14:31:14Z</time></wpt>
<wpt lat="40.783189" lon="-73.959625"><ele>10</ele><time>2026-10-06T14:31:16Z</time></wpt>
<wpt lat="40.783160" lon="-73.959646"><ele>10</ele><time>2026-10-06T14:31:18Z</time></wpt>
<wpt lat="40.783131" lon="-73.959668"><ele>10</ele><time>2026-10-06T14:31:20Z</time></wpt>
<wpt lat="40.783101" lon="-73.959689"><ele>10</ele><time>2026-10-06T14:31:22Z</time></wpt>
<wpt lat="40.783072" lon="-73.959711"><ele>10</ele><time>2026-10-06T14:31:24Z</time></wpt>
<wpt lat="40.783043" lon="-73.959732"><ele>10</ele><time>2026-10-06T14:31:26Z</time></wpt>
<wpt lat="40.783014" lon="-73.959753"><ele>10</ele><time>2026-10-06T14:31:28Z</time></wpt>
<wpt lat="40.782984" lon="-73.959775"><ele>10</ele><time>2026-10-06T14:31:30Z</time></wpt>
<wpt lat="40.782955" lon="-73.959796"><ele>10</ele><time>2026-10-06T14:31:32Z</time></wpt>
<wpt lat="40.782926" lon="-73.959818"><ele>10</ele><time>2026-10-06T14:31:34Z</time></wpt>
<wpt lat="40.782897" lon="-73.959839"><ele>10</ele><time>2026-10-06T14:31:36Z</time></wpt>
<wpt lat="40.782868" lon="-73.959861"><ele>10</ele><time>2026-10-06T14:31:38Z</time></wpt>
<wpt lat="40.782838" lon="-73.959882"><ele>10</ele><time>2026-10-06T14:31:40Z</time></wpt>
<wpt lat="40.782809" lon="-73.959904"><ele>10</ele><time>2026-10-06T14:31:42Z</time></wpt>
<wpt lat="40.782780" lon="-73.959925"><ele>10</ele><time>2026-10-06T14:31:44Z</time></wpt>
<wpt lat="40.782751" lon="-73.959947"><ele>10</ele><time>2026-10-06T14:31:46Z</time></wpt>
<wpt lat="40.782721" lon="-73.959968"><ele>10</ele><time>2026-10-06T14:31:48Z</time></wpt>
<wpt lat="40.782692" lon="-73.959990"><ele>10</ele><time>2026-10-06T14:31:50Z</time></wpt>
<wpt lat="40.782663" lon="-73.960011"><ele>10</ele><time>2026-10-06T14:31:52Z</time></wpt>
<wpt lat="40.782634" lon="-73.960033"><ele>10</ele><time>2026-10-06T14:31:54Z</time></wpt>
<wpt lat="40.782604" lon="-73.960054"><ele>10</ele><time>2026-10-06T14:31:56Z</time></wpt>
<wpt lat="40.782575" lon="-73.960076"><ele>10</ele><time>2026-10-06T14:31:58Z</time></wpt>
<wpt lat="40.782546" lon="-73.960097"><ele>10</ele><time>2026-10-06T14:32:00Z</time></wpt>
<wpt lat="40.782517" lon="-73.960119"><ele>10</ele><time>2026-10-06T14:32:02Z</time></wpt>
<wpt lat="40.782487" lon="-73.960140"><ele>10</ele><time>2026-10-06T14:32:04Z</time></wpt>
<wpt lat="40.782458" lon="-73.960162"><ele>10</ele><time>2026-10-06T14:32:06Z</time></wpt>
<wpt lat="40.782429" lon="-73.960183"><ele>10</ele><time>2026-10-06T14:32:08Z</time></wpt>
<wpt lat="40.782400" lon="-73.960205"><ele>10</ele><time>2026-10-06T14:32:10Z</time></wpt>
<wpt lat="40.782370" lon="-73.960226"><ele>10</ele><time>2026-10-06T14:32:12Z</time></wpt>
<wpt lat="40.782341" lon="-73.960248"><ele>10</ele><time>2026-10-06T14:32:14Z</time></wpt>
<wpt lat="40.782312" lon="-73.960269"><ele>10</ele><time>2026-10-06T14:32:17Z</time></wpt>
<wpt lat="40.782283" lon="-73.960291"><ele>10</ele><time>2026-10-06T14:32:19Z</time></wpt>
<wpt lat="40.782253" lon="-73.960312"><ele>10</ele><time>2026-10-06T14:32:21Z</time></wpt>
<wpt lat="40.782224" lon="-73.960334"><ele>10</ele><time>2026-10-06T14:32:23Z</time></wpt>
<wpt lat="40.782195" lon="-73.960355"><ele>10</ele><time>2026-10-06T14:32:25Z</time></wpt>
<wpt lat="40.782166" lon="-73.960377"><ele>10</ele><time>2026-10-06T14:32:27Z</time></wpt>
<wpt lat="40.782136" lon="-73.960398"><ele>10</ele><time>2026-10-06T14:32:29Z</time></wpt>
<wpt lat="40.782107" lon="-73.960420"><ele>10</ele><time>2026-10-06T14:32:31Z</time></wpt>
<wpt lat="40.782078" lon="-73.960441"><ele>10</ele><time>2026-10-06T14:32:33Z</time></wpt>
<wpt lat="40.782049" lon="-73.960463"><ele>10</ele><time>2026-10-06T14:32:35Z</time></wpt>
<wpt lat="40.782019" lon="-73.960484"><ele>10</ele><time>2026-10-06T14:32:37Z</time></wpt>
<wpt lat="40.781990" lon="-73.960506"><ele>10</ele><time>2026-10-06T14:32:39Z</time></wpt>
<wpt lat="40.781961" lon="-73.960527"><ele>10</ele><time>2026-10-06T14:32:41Z</time></wpt>
<wpt lat="40.781932" lon="-73.960549"><ele>10</ele><time>2026-10-06T14:32:43Z</time></wpt>
<wpt lat="40.781903" lon="-73.960570"><ele>10</ele><time>2026-10-06T14:32:45Z</time></wpt>
<wpt lat="40.781853" lon="-73.960612"><ele>10</ele><time>2026-10-06T14:32:48Z</time></wpt>
<wpt lat="40.781808" lon="-73.960649"><ele>10</ele><time>2026-10-06T14:32:52Z</time></wpt>
<wpt lat="40.781766" lon="-73.960692"><ele>10</ele><time>2026-10-06T14:32:55Z</time></wpt>
<wpt lat="40.781721" lon="-73.960750"><ele>10</ele><time>2026-10-06T14:32:58Z</time></wpt>
<wpt lat="40.781679" lon="-73.960807"><ele>10</ele><time>2026-10-06T14:33:02Z</time></wpt>
<wpt lat="40.781657" lon="-73.960847"><ele>10</ele><time>2026-10-06T14:33:04Z</time></wpt>
<wpt lat="40.781636" lon="-73.960887"><ele>10</ele><time>2026-10-06T14:33:06Z</time></wpt>
<wpt lat="40.781602" lon="-73.960963"><ele>10</ele><time>2026-10-06T14:33:10Z</time></wpt>
<wpt lat="40.781587" lon="-73.961005"><ele>10</ele><time>2026-10-06T14:33:12Z</time></wpt>
<wpt lat="40.781571" lon="-73.961047"><ele>10</ele><time>2026-10-06T14:33:14Z</time></wpt>
<wpt lat="40.781546" lon="-73.961131"><ele>10</ele><time>2026-10-06T14:33:18Z</time></wpt>
<wpt lat="40.781529" lon="-73.961201"><ele>10</ele><time>2026-10-06T14:33:21Z</time></wpt>
<wpt lat="40.781517" lon="-73.961288"><ele>10</ele><time>2026-10-06T14:33:25Z</time></wpt>
<wpt lat="40.781510" lon="-73.961380"><ele>10</ele><time>2026-10-06T14:33:29Z</time></wpt>
<wpt lat="40.781507" lon="-73.961463"><ele>10</ele><time>2026-10-06T14:33:33Z</time></wpt>
<wpt lat="40.781509" lon="-73.961510"><ele>10</ele><time>2026-10-06T14:33:35Z</time></wpt>
<wpt lat="40.781510" lon="-73.961557"><ele>10</ele><time>2026-10-06T14:33:37Z</time></wpt>
<wpt lat="40.781515" lon="-73.961610"><ele>10</ele><time>2026-10-06T14:33:39Z</time></wpt>
<wpt lat="40.781520" lon="-73.961664"><ele>10</ele><time>2026-10-06T14:33:41Z</time></wpt>
<wpt lat="40.781525" lon="-73.961712"><ele>10</ele><time>2026-10-06T14:33:43Z</time></wpt>
<wpt lat="40.781530" lon="-73.961760"><ele>10</ele><time>2026-10-06T14:33:46Z</time></wpt>
<wpt lat="40.781538" lon="-73.961809"><ele>10</ele><time>2026-10-06T14:33:48Z</time></wpt>
<wpt lat="40.781545" lon="-73.961858"><ele>10</ele><time>2026-10-06T14:33:50Z</time></wpt>
<wpt lat="40.781553" lon="-73.961906"><ele>10</ele><time>2026-10-06T14:33:52Z</time></wpt>
<wpt lat="40.781560" lon="-73.961955"><ele>10</ele><time>2026-10-06T14:33:54Z</time></wpt>
<wpt lat="40.781567" lon="-73.962004"><ele>10</ele><time>2026-10-06T14:33:56Z</time></wpt>
<wpt lat="40.781575" lon="-73.962053"><ele>10</ele><time>2026-10-06T14:33:58Z</time></wpt>
<wpt lat="40.781582" lon="-73.962101"><ele>10</ele><time>2026-10-06T14:34:00Z</time></wpt>
<wpt lat="40.781590" lon="-73.962150"><ele>10</ele><time>2026-10-06T14:34:03Z</time></wpt>
<wpt lat="40.781597" lon="-73.962199"><ele>10</ele><time>2026-10-06T14:34:05Z</time></wpt>
<wpt lat="40.781604" lon="-73.962248"><ele>10</ele><time>2026-10-06T14:34:07Z</time></wpt>
<wpt lat="40.781612" lon="-73.962314"><ele>10</ele><time>2026-10-06T14:34:10Z</time></wpt>
<wpt lat="40.781620" lon="-73.962381"><ele>10</ele><time>2026-10-06T14:34:13Z</time></wpt>
<wpt lat="40.781626" lon="-73.962473"><ele>10</ele><time>2026-10-06T14:34:17Z</time></wpt>
<wpt lat="40.781624" lon="-73.962561"><ele>10</ele><time>2026-10-06T14:34:20Z</time></wpt>
<wpt lat="40.781614" lon="-73.962643"><ele>10</ele><time>2026-10-06T14:34:24Z</time></wpt>
<wpt lat="40.781599" lon="-73.962722"><ele>10</ele><time>2026-10-06T14:34:27Z</time></wpt>
<wpt lat="40.781588" lon="-73.962770"><ele>10</ele><time>2026-10-06T14:34:30Z</time></wpt>
<wpt lat="40.781577" lon="-73.962817"><ele>10</ele><time>2026-10-06T14:34:32Z</time></wpt>
<wpt lat="40.781566" lon="-73.962865"><ele>10</ele><time>2026-10-06T14:34:34Z</time></wpt>
<wpt lat="40.781555" lon="-73.962913"><ele>10</ele><time>2026-10-06T14:34:36Z</time></wpt>
<wpt lat="40.781544" lon="-73.962960"><ele>10</ele><time>2026-10-06T14:34:38Z</time></wpt>
<wpt lat="40.781533" lon="-73.963005"><ele>10</ele><time>2026-10-06T14:34:40Z</time></wpt>
<wpt lat="40.781521" lon="-73.963050"><ele>10</ele><time>2026-10-06T14:34:42Z</time></wpt>
<wpt lat="40.781510" lon="-73.963096"><ele>10</ele><time>2026-10-06T14:34:44Z</time></wpt>
<wpt lat="40.781498" lon="-73.963141"><ele>10</ele><time>2026-10-06T14:34:46Z</time></wpt>
<wpt lat="40.781487" lon="-73.963186"><ele>10</ele><time>2026-10-06T14:34:48Z</time></wpt>
<wpt lat="40.781470" lon="-73.963247"><ele>10</ele><time>2026-10-06T14:34:51Z</time></wpt>
<wpt lat="40.781453" lon="-73.963307"><ele>10</ele><time>2026-10-06T14:34:54Z</time></wpt>
<wpt lat="40.781437" lon="-73.963356"><ele>10</ele><time>2026-10-06T14:34:56Z</time></wpt>
<wpt lat="40.781421" lon="-73.963404"><ele>10</ele><time>2026-10-06T14:34:59Z</time></wpt>
<wpt lat="40.781388" lon="-73.963485"><ele>10</ele><time>2026-10-06T14:35:03Z</time></wpt>
<wpt lat="40.781369" lon="-73.963530"><ele>10</ele><time>2026-10-06T14:35:05Z</time></wpt>
<wpt lat="40.781349" lon="-73.963576"><ele>10</ele><time>2026-10-06T14:35:07Z</time></wpt>
<wpt lat="40.781316" lon="-73.963647"><ele>10</ele><time>2026-10-06T14:35:11Z</time></wpt>
<wpt lat="40.781295" lon="-73.963690"><ele>10</ele><time>2026-10-06T14:35:13Z</time></wpt>
<wpt lat="40.781273" lon="-73.963732"><ele>10</ele><time>2026-10-06T14:35:15Z</time></wpt>
<wpt lat="40.781251" lon="-73.963772"><ele>10</ele><time>2026-10-06T14:35:18Z</time></wpt>
<wpt lat="40.781228" lon="-73.963812"><ele>10</ele><time>2026-10-06T14:35:20Z</time></wpt>
<wpt lat="40.781202" lon="-73.963849"><ele>10</ele><time>2026-10-06T14:35:22Z</time></wpt>
<wpt lat="40.781175" lon="-73.963887"><ele>10</ele><time>2026-10-06T14:35:24Z</time></wpt>
<wpt lat="40.781144" lon="-73.963927"><ele>10</ele><time>2026-10-06T14:35:27Z</time></wpt>
<wpt lat="40.781113" lon="-73.963966"><ele>10</ele><time>2026-10-06T14:35:29Z</time></wpt>
<wpt lat="40.781082" lon="-73.964001"><ele>10</ele><time>2026-10-06T14:35:32Z</time></wpt>
<wpt lat="40.781052" lon="-73.964035"><ele>10</ele><time>2026-10-06T14:35:34Z</time></wpt>
<wpt lat="40.781019" lon="-73.964069"><ele>10</ele><time>2026-10-06T14:35:37Z</time></wpt>
<wpt lat="40.780985" lon="-73.964102"><ele>10</ele><time>2026-10-06T14:35:39Z</time></wpt>
<wpt lat="40.780948" lon="-73.964136"><ele>10</ele><time>2026-10-06T14:35:42Z</time></wpt>
<wpt lat="40.780911" lon="-73.964169"><ele>10</ele><time>2026-10-06T14:35:45Z</time></wpt>
<wpt lat="40.780877" lon="-73.964197"><ele>10</ele><time>2026-10-06T14:35:47Z</time></wpt>
<wpt lat="40.780843" lon="-73.964225"><ele>10</ele><time>2026-10-06T14:35:50Z</time></wpt>
<wpt lat="40.780809" lon="-73.964254"><ele>10</ele><time>2026-10-06T14:35:52Z</time></wpt>
<wpt lat="40.780779" lon="-73.964276"><ele>10</ele><time>2026-10-06T14:35:54Z</time></wpt>
<wpt lat="40.780749" lon="-73.964299"><ele>10</ele><time>2026-10-06T14:35:56Z</time></wpt>
<wpt lat="40.780719" lon="-73.964321"><ele>10</ele><time>2026-10-06T14:35:58Z</time></wpt>
<wpt lat="40.780677" lon="-73.964352"><ele>10</ele><time>2026-10-06T14:36:01Z</time></wpt>
<wpt lat="40.780635" lon="-73.964383"><ele>10</ele><time>2026-10-06T14:36:04Z</time></wpt>
<wpt lat="40.780604" lon="-73.964405"><ele>10</ele><time>2026-10-06T14:36:06Z</time></wpt>
<wpt lat="40.780574" lon="-73.964428"><ele>10</ele><time>2026-10-06T14:36:08Z</time></wpt>
<wpt lat="40.780544" lon="-73.964450"><ele>10</ele><time>2026-10-06T14:36:10Z</time></wpt>
<wpt lat="40.780509" lon="-73.964474"><ele>10</ele><time>2026-10-06T14:36:13Z</time></wpt>
<wpt lat="40.780462" lon="-73.964507"><ele>10</ele><time>2026-10-06T14:36:16Z</time></wpt>
<wpt lat="40.780418" lon="-73.964534"><ele>10</ele><time>2026-10-06T14:36:19Z</time></wpt>
<wpt lat="40.780375" lon="-73.964561"><ele>10</ele><time>2026-10-06T14:36:22Z</time></wpt>
<wpt lat="40.780336" lon="-73.964584"><ele>10</ele><time>2026-10-06T14:36:24Z</time></wpt>
<wpt lat="40.780297" lon="-73.964606"><ele>10</ele><time>2026-10-06T14:36:27Z</time></wpt>
<wpt lat="40.780263" lon="-73.964623"><ele>10</ele><time>2026-10-06T14:36:29Z</time></wpt>
<wpt lat="40.780228" lon="-73.964640"><ele>10</ele><time>2026-10-06T14:36:31Z</time></wpt>
<wpt lat="40.780194" lon="-73.964656"><ele>10</ele><time>2026-10-06T14:36:34Z</time></wpt>
<wpt lat="40.780159" lon="-73.964673"><ele>10</ele><time>2026-10-06T14:36:36Z</time></wpt>
<wpt lat="40.780125" lon="-73.964690"><ele>10</ele><time>2026-10-06T14:36:38Z</time></wpt>
<wpt lat="40.780090" lon="-73.964707"><ele>10</ele><time>2026-10-06T14:36:40Z</time></wpt>
<wpt lat="40.780056" lon="-73.964723"><ele>10</ele><time>2026-10-06T14:36:43Z</time></wpt>
<wpt lat="40.780021" lon="-73.964740"><ele>10</ele><time>2026-10-06T14:36:45Z</time></wpt>
<wpt lat="40.779989" lon="-73.964758"><ele>10</ele><time>2026-10-06T14:36:47Z</time></wpt>
<wpt lat="40.779957" lon="-73.964775"><ele>10</ele><time>2026-10-06T14:36:49Z</time></wpt>
<wpt lat="40.779925" lon="-73.964793"><ele>10</ele><time>2026-10-06T14:36:51Z</time></wpt>
<wpt lat="40.779892" lon="-73.964812"><ele>10</ele><time>2026-10-06T14:36:53Z</time></wpt>
<wpt lat="40.779859" lon="-73.964831"><ele>10</ele><time>2026-10-06T14:36:56Z</time></wpt>
<wpt lat="40.779826" lon="-73.964851"><ele>10</ele><time>2026-10-06T14:36:58Z</time></wpt>
<wpt lat="40.779784" lon="-73.964877"><ele>10</ele><time>2026-10-06T14:37:01Z</time></wpt>
<wpt lat="40.779742" lon="-73.964902"><ele>10</ele><time>2026-10-06T14:37:03Z</time></wpt>
<wpt lat="40.779712" lon="-73.964923"><ele>10</ele><time>2026-10-06T14:37:05Z</time></wpt>
<wpt lat="40.779682" lon="-73.964944"><ele>10</ele><time>2026-10-06T14:37:08Z</time></wpt>
<wpt lat="40.779652" lon="-73.964964"><ele>10</ele><time>2026-10-06T14:37:10Z</time></wpt>
<wpt lat="40.779616" lon="-73.964992"><ele>10</ele><time>2026-10-06T14:37:12Z</time></wpt>
<wpt lat="40.779579" lon="-73.965021"><ele>10</ele><time>2026-10-06T14:37:15Z</time></wpt>
<wpt lat="40.779539" lon="-73.965053"><ele>10</ele><time>2026-10-06T14:37:18Z</time></wpt>
<wpt lat="40.779500" lon="-73.965085"><ele>10</ele><time>2026-10-06T14:37:20Z</time></wpt>
<wpt lat="40.779462" lon="-73.965118"><ele>10</ele><time>2026-10-06T14:37:23Z</time></wpt>
<wpt lat="40.779425" lon="-73.965150"><ele>10</ele><time>2026-10-06T14:37:26Z</time></wpt>
<wpt lat="40.779386" lon="-73.965188"><ele>10</ele><time>2026-10-06T14:37:29Z</time></wpt>
<wpt lat="40.779347" lon="-73.965225"><ele>10</ele><time>2026-10-06T14:37:31Z</time></wpt>
<wpt lat="40.779309" lon="-73.965263"><ele>10</ele><time>2026-10-06T14:37:34Z</time></wpt>
<wpt lat="40.779270" lon="-73.965300"><ele>10</ele><time>2026-10-06T14:37:37Z</time></wpt>
<wpt lat="40.779240" lon="-73.965332"><ele>10</ele><time>2026-10-06T14:37:40Z</time></wpt>
<wpt lat="40.779209" lon="-73.965364"><ele>10</ele><time>2026-10-06T14:37:42Z</time></wpt>
<wpt lat="40.779180" lon="-73.965397"><ele>10</ele><time>2026-10-06T14:37:44Z</time></wpt>
<wpt lat="40.779150" lon="-73.965429"><ele>10</ele><time>2026-10-06T14:37:46Z</time></wpt>
<wpt lat="40.779123" lon="-73.965463"><ele>10</ele><time>2026-10-06T14:37:49Z</time></wpt>
<wpt lat="40.779095" lon="-73.965497"><ele>10</ele><time>2026-10-06T14:37:51Z</time></wpt>
<wpt lat="40.779067" lon="-73.965533"><ele>10</ele><time>2026-10-06T14:37:53Z</time></wpt>
<wpt lat="40.779038" lon="-73.965569"><ele>10</ele><time>2026-10-06T14:37:56Z</time></wpt>
<wpt lat="40.779014" lon="-73.965603"><ele>10</ele><time>2026-10-06T14:37:58Z</time></wpt>
<wpt lat="40.778989" lon="-73.965637"><ele>10</ele><time>2026-10-06T14:38:00Z</time></wpt>
<wpt lat="40.778964" lon="-73.965671"><ele>10</ele><time>2026-10-06T14:38:02Z</time></wpt>
<wpt lat="40.778939" lon="-73.965705"><ele>10</ele><time>2026-10-06T14:38:04Z</time></wpt>
<wpt lat="40.778914" lon="-73.965738"><ele>10</ele><time>2026-10-06T14:38:06Z</time></wpt>
<wpt lat="40.778889" lon="-73.965772"><ele>10</ele><time>2026-10-06T14:38:08Z</time></wpt>
<wpt lat="40.778864" lon="-73.965806"><ele>10</ele><time>2026-10-06T14:38:10Z</time></wpt>
<wpt lat="40.778839" lon="-73.965839"><ele>10</ele><time>2026-10-06T14:38:12Z</time></wpt>
<wpt lat="40.778813" lon="-73.965873"><ele>10</ele><time>2026-10-06T14:38:15Z</time></wpt>
<wpt lat="40.778787" lon="-73.965906"><ele>10</ele><time>2026-10-06T14:38:17Z</time></wpt>
<wpt lat="40.778754" lon="-73.965947"><ele>10</ele><time>2026-10-06T14:38:19Z</time></wpt>
<wpt lat="40.778721" lon="-73.965988"><ele>10</ele><time>2026-10-06T14:38:22Z</time></wpt>
<wpt lat="40.778683" lon="-73.966031"><ele>10</ele><time>2026-10-06T14:38:25Z</time></wpt>
<wpt lat="40.778645" lon="-73.966074"><ele>10</ele><time>2026-10-06T14:38:28Z</time></wpt>
<wpt lat="40.778611" lon="-73.966110"><ele>10</ele><time>2026-10-06T14:38:31Z</time></wpt>
<wpt lat="40.778576" lon="-73.966145"><ele>10</ele><time>2026-10-06T14:38:33Z</time></wpt>
<wpt lat="40.778540" lon="-73.966177"><ele>10</ele><time>2026-10-06T14:38:36Z</time></wpt>
<wpt lat="40.778503" lon="-73.966209"><ele>10</ele><time>2026-10-06T14:38:39Z</time></wpt>
<wpt lat="40.778470" lon="-73.966237"><ele>10</ele><time>2026-10-06T14:38:41Z</time></wpt>
<wpt lat="40.778438" lon="-73.966265"><ele>10</ele><time>2026-10-06T14:38:43Z</time></wpt>
<wpt lat="40.778402" lon="-73.966292"><ele>10</ele><time>2026-10-06T14:38:46Z</time></wpt>
<wpt lat="40.778367" lon="-73.966319"><ele>10</ele><time>2026-10-06T14:38:48Z</time></wpt>
<wpt lat="40.778337" lon="-73.966339"><ele>10</ele><time>2026-10-06T14:38:50Z</time></wpt>
<wpt lat="40.778308" lon="-73.966359"><ele>10</ele><time>2026-10-06T14:38:52Z</time></wpt>
<wpt lat="40.778278" lon="-73.966379"><ele>10</ele><time>2026-10-06T14:38:54Z</time></wpt>
<wpt lat="40.778248" lon="-73.966399"><ele>10</ele><time>2026-10-06T14:38:56Z</time></wpt>
<wpt lat="40.778218" lon="-73.966419"><ele>10</ele><time>2026-10-06T14:38:58Z</time></wpt>
<wpt lat="40.778188" lon="-73.966439"><ele>10</ele><time>2026-10-06T14:39:00Z</time></wpt>
<wpt lat="40.778158" lon="-73.966459"><ele>10</ele><time>2026-10-06T14:39:02Z</time></wpt>
<wpt lat="40.778128" lon="-73.966479"><ele>10</ele><time>2026-10-06T14:39:04Z</time></wpt>
<wpt lat="40.778098" lon="-73.966499"><ele>10</ele><time>2026-10-06T14:39:06Z</time></wpt>
<wpt lat="40.778063" lon="-73.966523"><ele>10</ele><time>2026-10-06T14:39:09Z</time></wpt>
<wpt lat="40.778027" lon="-73.966546"><ele>10</ele><time>2026-10-06T14:39:11Z</time></wpt>
<wpt lat="40.777992" lon="-73.966569"><ele>10</ele><time>2026-10-06T14:39:14Z</time></wpt>
<wpt lat="40.777956" lon="-73.966593"><ele>10</ele><time>2026-10-06T14:39:16Z</time></wpt>
<wpt lat="40.777922" lon="-73.966614"><ele>10</ele><time>2026-10-06T14:39:18Z</time></wpt>
<wpt lat="40.777888" lon="-73.966635"><ele>10</ele><time>2026-10-06T14:39:21Z</time></wpt>
<wpt lat="40.777854" lon="-73.966657"><ele>10</ele><time>2026-10-06T14:39:23Z</time></wpt>
<wpt lat="40.777820" lon="-73.966678"><ele>10</ele><time>2026-10-06T14:39:25Z</time></wpt>
<wpt lat="40.777777" lon="-73.966704"><ele>10</ele><time>2026-10-06T14:39:28Z</time></wpt>
<wpt lat="40.777735" lon="-73.966729"><ele>10</ele><time>2026-10-06T14:39:31Z</time></wpt>
<wpt lat="40.777691" lon="-73.966752"><ele>10</ele><time>2026-10-06T14:39:34Z</time></wpt>
<wpt lat="40.777647" lon="-73.966775"><ele>10</ele><time>2026-10-06T14:39:37Z</time></wpt>
<wpt lat="40.777612" lon="-73.966791"><ele>10</ele><time>2026-10-06T14:39:39Z</time></wpt>
<wpt lat="40.777577" lon="-73.966807"><ele>10</ele><time>2026-10-06T14:39:41Z</time></wpt>
<wpt lat="40.777545" lon="-73.966819"><ele>10</ele><time>2026-10-06T14:39:43Z</time></wpt>
<wpt lat="40.777514" lon="-73.966831"><ele>10</ele><time>2026-10-06T14:39:45Z</time></wpt>
<wpt lat="40.777482" lon="-73.966844"><ele>10</ele><time>2026-10-06T14:39:47Z</time></wpt>
<wpt lat="40.777451" lon="-73.966856"><ele>10</ele><time>2026-10-06T14:39:49Z</time></wpt>
<wpt lat="40.777419" lon="-73.966868"><ele>10</ele><time>2026-10-06T14:39:51Z</time></wpt>
<wpt lat="40.777387" lon="-73.966880"><ele>10</ele><time>2026-10-06T14:39:53Z</time></wpt>
<wpt lat="40.777356" lon="-73.966893"><ele>10</ele><time>2026-10-06T14:39:55Z</time></wpt>
<wpt lat="40.777315" lon="-73.966908"><ele>10</ele><time>2026-10-06T14:39:58Z</time></wpt>
<wpt lat="40.777274" lon="-73.966923"><ele>10</ele><time>2026-10-06T14:40:01Z</time></wpt>
<wpt lat="40.777241" lon="-73.966933"><ele>10</ele><time>2026-10-06T14:40:03Z</time></wpt>
<wpt lat="40.777207" lon="-73.966943"><ele>10</ele><time>2026-10-06T14:40:05Z</time></wpt>
<wpt lat="40.777174" lon="-73.966953"><ele>10</ele><time>2026-10-06T14:40:07Z</time></wpt>
<wpt lat="40.777141" lon="-73.966963"><ele>10</ele><time>2026-10-06T14:40:09Z</time></wpt>
<wpt lat="40.777107" lon="-73.966973"><ele>10</ele><time>2026-10-06T14:40:11Z</time></wpt>
<wpt lat="40.777074" lon="-73.966984"><ele>10</ele><time>2026-10-06T14:40:13Z</time></wpt>
<wpt lat="40.777040" lon="-73.966994"><ele>10</ele><time>2026-10-06T14:40:15Z</time></wpt>
<wpt lat="40.777007" lon="-73.967004"><ele>10</ele><time>2026-10-06T14:40:17Z</time></wpt>
<wpt lat="40.776974" lon="-73.967014"><ele>10</ele><time>2026-10-06T14:40:19Z</time></wpt>
<wpt lat="40.776940" lon="-73.967024"><ele>10</ele><time>2026-10-06T14:40:22Z</time></wpt>
<wpt lat="40.776899" lon="-73.967039"><ele>10</ele><time>2026-10-06T14:40:24Z</time></wpt>
<wpt lat="40.776857" lon="-73.967055"><ele>10</ele><time>2026-10-06T14:40:27Z</time></wpt>
<wpt lat="40.776819" lon="-73.967069"><ele>10</ele><time>2026-10-06T14:40:29Z</time></wpt>
<wpt lat="40.776781" lon="-73.967084"><ele>10</ele><time>2026-10-06T14:40:32Z</time></wpt>
<wpt lat="40.776744" lon="-73.967100"><ele>10</ele><time>2026-10-06T14:40:34Z</time></wpt>
<wpt lat="40.776706" lon="-73.967117"><ele>10</ele><time>2026-10-06T14:40:37Z</time></wpt>
<wpt lat="40.776675" lon="-73.967132"><ele>10</ele><time>2026-10-06T14:40:39Z</time></wpt>
<wpt lat="40.776643" lon="-73.967147"><ele>10</ele><time>2026-10-06T14:40:41Z</time></wpt>
<wpt lat="40.776612" lon="-73.967162"><ele>10</ele><time>2026-10-06T14:40:43Z</time></wpt>
<wpt lat="40.776580" lon="-73.967177"><ele>10</ele><time>2026-10-06T14:40:45Z</time></wpt>
<wpt lat="40.776548" lon="-73.967192"><ele>10</ele><time>2026-10-06T14:40:47Z</time></wpt>
<wpt lat="40.776517" lon="-73.967207"><ele>10</ele><time>2026-10-06T14:40:49Z</time></wpt>
<wpt lat="40.776485" lon="-73.967222"><ele>10</ele><time>2026-10-06T14:40:51Z</time></wpt>
<wpt lat="40.776454" lon="-73.967237"><ele>10</ele><time>2026-10-06T14:40:53Z</time></wpt>
<wpt lat="40.776422" lon="-73.967252"><ele>10</ele><time>2026-10-06T14:40:55Z</time></wpt>
<wpt lat="40.776390" lon="-73.967267"><ele>10</ele><time>2026-10-06T14:40:57Z</time></wpt>
<wpt lat="40.776359" lon="-73.967282"><ele>10</ele><time>2026-10-06T14:40:59Z</time></wpt>
<wpt lat="40.776311" lon="-73.967302"><ele>10</ele><time>2026-10-06T14:41:02Z</time></wpt>
<wpt lat="40.776259" lon="-73.967316"><ele>10</ele><time>2026-10-06T14:41:05Z</time></wpt>
<wpt lat="40.776214" lon="-73.967321"><ele>10</ele><time>2026-10-06T14:41:08Z</time></wpt>
<wpt lat="40.776174" lon="-73.967320"><ele>10</ele><time>2026-10-06T14:41:11Z</time></wpt>
<wpt lat="40.776137" lon="-73.967316"><ele>10</ele><time>2026-10-06T14:41:13Z</time></wpt>
<wpt lat="40.776088" lon="-73.967306"><ele>10</ele><time>2026-10-06T14:41:16Z</time></wpt>
<wpt lat="40.776046" lon="-73.967295"><ele>10</ele><time>2026-10-06T14:41:19Z</time></wpt>
<wpt lat="40.776004" lon="-73.967285"><ele>10</ele><time>2026-10-06T14:41:21Z</time></wpt>
<wpt lat="40.775961" lon="-73.967274"><ele>10</ele><time>2026-10-06T14:41:24Z</time></wpt>
<wpt lat="40.775928" lon="-73.967267"><ele>10</ele><time>2026-10-06T14:41:26Z</time></wpt>
<wpt lat="40.775895" lon="-73.967261"><ele>10</ele><time>2026-10-06T14:41:28Z</time></wpt>
<wpt lat="40.775843" lon="-73.967256"><ele>10</ele><time>2026-10-06T14:41:31Z</time></wpt>
<wpt lat="40.775805" lon="-73.967253"><ele>10</ele><time>2026-10-06T14:41:34Z</time></wpt>
<wpt lat="40.775761" lon="-73.967257"><ele>10</ele><time>2026-10-06T14:41:36Z</time></wpt>
<wpt lat="40.775713" lon="-73.967265"><ele>10</ele><time>2026-10-06T14:41:39Z</time></wpt>
<wpt lat="40.775662" lon="-73.967279"><ele>10</ele><time>2026-10-06T14:41:43Z</time></wpt>
<wpt lat="40.775610" lon="-73.967296"><ele>10</ele><time>2026-10-06T14:41:46Z</time></wpt>
<wpt lat="40.775562" lon="-73.967322"><ele>10</ele><time>2026-10-06T14:41:49Z</time></wpt>
<wpt lat="40.775522" lon="-73.967350"><ele>10</ele><time>2026-10-06T14:41:52Z</time></wpt>
<wpt lat="40.775481" lon="-73.967386"><ele>10</ele><time>2026-10-06T14:41:55Z</time></wpt>
<wpt lat="40.775449" lon="-73.967419"><ele>10</ele><time>2026-10-06T14:41:57Z</time></wpt>
<wpt lat="40.775414" lon="-73.967465"><ele>10</ele><time>2026-10-06T14:42:00Z</time></wpt>
<wpt lat="40.775383" lon="-73.967506"><ele>10</ele><time>2026-10-06T14:42:03Z</time></wpt>
<wpt lat="40.775347" lon="-73.967568"><ele>10</ele><time>2026-10-06T14:42:06Z</time></wpt>
<wpt lat="40.775323" lon="-73.967613"><ele>10</ele><time>2026-10-06T14:42:09Z</time></wpt>
<wpt lat="40.775300" lon="-73.967657"><ele>10</ele><time>2026-10-06T14:42:11Z</time></wpt>
<wpt lat="40.775270" lon="-73.967717"><ele>10</ele><time>2026-10-06T14:42:14Z</time></wpt>
<wpt lat="40.775252" lon="-73.967760"><ele>10</ele><time>2026-10-06T14:42:16Z</time></wpt>
<wpt lat="40.775234" lon="-73.967803"><ele>10</ele><time>2026-10-06T14:42:18Z</time></wpt>
<wpt lat="40.775216" lon="-73.967847"><ele>10</ele><time>2026-10-06T14:42:21Z</time></wpt>
<wpt lat="40.775198" lon="-73.967890"><ele>10</ele><time>2026-10-06T14:42:23Z</time></wpt>
<wpt lat="40.775180" lon="-73.967933"><ele>10</ele><time>2026-10-06T14:42:25Z</time></wpt>
<wpt lat="40.775161" lon="-73.967976"><ele>10</ele><time>2026-10-06T14:42:27Z</time></wpt>
<wpt lat="40.775143" lon="-73.968019"><ele>10</ele><time>2026-10-06T14:42:29Z</time></wpt>
<wpt lat="40.775122" lon="-73.968066"><ele>10</ele><time>2026-10-06T14:42:32Z</time></wpt>
<wpt lat="40.775101" lon="-73.968112"><ele>10</ele><time>2026-10-06T14:42:34Z</time></wpt>
<wpt lat="40.775075" lon="-73.968162"><ele>10</ele><time>2026-10-06T14:42:37Z</time></wpt>
<wpt lat="40.775049" lon="-73.968211"><ele>10</ele><time>2026-10-06T14:42:39Z</time></wpt>
<wpt lat="40.775008" lon="-73.968281"><ele>10</ele><time>2026-10-06T14:42:43Z</time></wpt>
<wpt lat="40.774979" lon="-73.968330"><ele>10</ele><time>2026-10-06T14:42:46Z</time></wpt>
<wpt lat="40.774950" lon="-73.968378"><ele>10</ele><time>2026-10-06T14:42:49Z</time></wpt>
<wpt lat="40.774926" lon="-73.968414"><ele>10</ele><time>2026-10-06T14:42:51Z</time></wpt>
<wpt lat="40.774902" lon="-73.968450"><ele>10</ele><time>2026-10-06T14:42:53Z</time></wpt>
<wpt lat="40.774858" lon="-73.968511"><ele>10</ele><time>2026-10-06T14:42:57Z</time></wpt>
<wpt lat="40.774815" lon="-73.968562"><ele>10</ele><time>2026-10-06T14:43:00Z</time></wpt>
<wpt lat="40.774780" lon="-73.968598"><ele>10</ele><time>2026-10-06T14:43:03Z</time></wpt>
<wpt lat="40.774745" lon="-73.968635"><ele>10</ele><time>2026-10-06T14:43:05Z</time></wpt>
<wpt lat="40.774715" lon="-73.968662"><ele>10</ele><time>2026-10-06T14:43:08Z</time></wpt>
<wpt lat="40.774686" lon="-73.968689"><ele>10</ele><time>2026-10-06T14:43:10Z</time></wpt>
<wpt lat="40.774656" lon="-73.968717"><ele>10</ele><time>2026-10-06T14:43:12Z</time></wpt>
<wpt lat="40.774626" lon="-73.968744"><ele>10</ele><time>2026-10-06T14:43:14Z</time></wpt>
<wpt lat="40.774597" lon="-73.968771"><ele>10</ele><time>2026-10-06T14:43:16Z</time></wpt>
<wpt lat="40.774567" lon="-73.968799"><ele>10</ele><time>2026-10-06T14:43:18Z</time></wpt>
<wpt lat="40.774537" lon="-73.968826"><ele>10</ele><time>2026-10-06T14:43:21Z</time></wpt>
<wpt lat="40.774502" lon="-73.968859"><ele>10</ele><time>2026-10-06T14:43:23Z</time></wpt>
<wpt lat="40.774467" lon="-73.968891"><ele>10</ele><time>2026-10-06T14:43:26Z</time></wpt>
<wpt lat="40.774438" lon="-73.968918"><ele>10</ele><time>2026-10-06T14:43:28Z</time></wpt>
<wpt lat="40.774409" lon="-73.968945"><ele>10</ele><time>2026-10-06T14:43:30Z</time></wpt>
<wpt lat="40.774380" lon="-73.968972"><ele>10</ele><time>2026-10-06T14:43:32Z</time></wpt>
<wpt lat="40.774351" lon="-73.968999"><ele>10</ele><time>2026-10-06T14:43:34Z</time></wpt>
<wpt lat="40.774321" lon="-73.969026"><ele>10</ele><time>2026-10-06T14:43:36Z</time></wpt>
<wpt lat="40.774278" lon="-73.969061"><ele>10</ele><time>2026-10-06T14:43:39Z</time></wpt>
<wpt lat="40.774230" lon="-73.969095"><ele>10</ele><time>2026-10-06T14:43:43Z</time></wpt>
<wpt lat="40.774188" lon="-73.969115"><ele>10</ele><time>2026-10-06T14:43:46Z</time></wpt>
<wpt lat="40.774142" lon="-73.969133"><ele>10</ele><time>2026-10-06T14:43:48Z</time></wpt>
<wpt lat="40.774091" lon="-73.969146"><ele>10</ele><time>2026-10-06T14:43:52Z</time></wpt>
<wpt lat="40.774057" lon="-73.969152"><ele>10</ele><time>2026-10-06T14:43:54Z</time></wpt>
<wpt lat="40.774024" lon="-73.969157"><ele>10</ele><time>2026-10-06T14:43:56Z</time></wpt>
<wpt lat="40.773986" lon="-73.969160"><ele>10</ele><time>2026-10-06T14:43:58Z</time></wpt>
<wpt lat="40.773948" lon="-73.969163"><ele>10</ele><time>2026-10-06T14:44:01Z</time></wpt>
<wpt lat="40.773913" lon="-73.969163"><ele>10</ele><time>2026-10-06T14:44:03Z</time></wpt>
<wpt lat="40.773878" lon="-73.969164"><ele>10</ele><time>2026-10-06T14:44:05Z</time></wpt>
<wpt lat="40.773840" lon="-73.969162"><ele>10</ele><time>2026-10-06T14:44:07Z</time></wpt>
<wpt lat="40.773802" lon="-73.969160"><ele>10</ele><time>2026-10-06T14:44:10Z</time></wpt>
<wpt lat="40.773747" lon="-73.969151"><ele>10</ele><time>2026-10-06T14:44:13Z</time></wpt>
<wpt lat="40.773706" lon="-73.969140"><ele>10</ele><time>2026-10-06T14:44:16Z</time></wpt>
<wpt lat="40.773646" lon="-73.969122"><ele>10</ele><time>2026-10-06T14:44:19Z</time></wpt>
<wpt lat="40.773638" lon="-73.969118"><ele>10</ele><time>2026-10-06T14:44:20Z</time></wpt>
<wpt lat="40.773605" lon="-73.969104"><ele>10</ele><time>2026-10-06T14:44:22Z</time></wpt>
<wpt lat="40.773565" lon="-73.969083"><ele>10</ele><time>2026-10-06T14:44:25Z</time></wpt>
<wpt lat="40.773515" lon="-73.969051"><ele>10</ele><time>2026-10-06T14:44:28Z</time></wpt>
<wpt lat="40.773481" lon="-73.969029"><ele>10</ele><time>2026-10-06T14:44:30Z</time></wpt>
<wpt lat="40.773447" lon="-73.969007"><ele>10</ele><time>2026-10-06T14:44:33Z</time></wpt>
<wpt lat="40.773412" lon="-73.968984"><ele>10</ele><time>2026-10-06T14:44:35Z</time></wpt>
<wpt lat="40.773378" lon="-73.968962"><ele>10</ele><time>2026-10-06T14:44:37Z</time></wpt>
<wpt lat="40.773343" lon="-73.968940"><ele>10</ele><time>2026-10-06T14:44:40Z</time></wpt>
<wpt lat="40.773288" lon="-73.968906"><ele>10</ele><time>2026-10-06T14:44:43Z</time></wpt>
<wpt lat="40.773246" lon="-73.968880"><ele>10</ele><time>2026-10-06T14:44:46Z</time></wpt>
<wpt lat="40.773206" lon="-73.968860"><ele>10</ele><time>2026-10-06T14:44:49Z</time></wpt>
<wpt lat="40.773167" lon="-73.968841"><ele>10</ele><time>2026-10-06T14:44:51Z</time></wpt>
<wpt lat="40.773134" lon="-73.968828"><ele>10</ele><time>2026-10-06T14:44:53Z</time></wpt>
<wpt lat="40.773102" lon="-73.968816"><ele>10</ele><time>2026-10-06T14:44:55Z</time></wpt>
<wpt lat="40.773068" lon="-73.968809"><ele>10</ele><time>2026-10-06T14:44:57Z</time></wpt>
<wpt lat="40.773033" lon="-73.968802"><ele>10</ele><time>2026-10-06T14:45:00Z</time></wpt>
<wpt lat="40.772996" lon="-73.968798"><ele>10</ele><time>2026-10-06T14:45:02Z</time></wpt>
<wpt lat="40.772952" lon="-73.968796"><ele>10</ele><time>2026-10-06T14:45:05Z</time></wpt>
<wpt lat="40.772903" lon="-73.968798"><ele>10</ele><time>2026-10-06T14:45:08Z</time></wpt>
<wpt lat="40.772859" lon="-73.968803"><ele>10</ele><time>2026-10-06T14:45:10Z</time></wpt>
<wpt lat="40.772807" lon="-73.968810"><ele>10</ele><time>2026-10-06T14:45:14Z</time></wpt>
<wpt lat="40.772743" lon="-73.968823"><ele>10</ele><time>2026-10-06T14:45:18Z</time></wpt>
<wpt lat="40.772711" lon="-73.968831"><ele>10</ele><time>2026-10-06T14:45:20Z</time></wpt>
<wpt lat="40.772679" lon="-73.968839"><ele>10</ele><time>2026-10-06T14:45:22Z</time></wpt>
<wpt lat="40.772647" lon="-73.968849"><ele>10</ele><time>2026-10-06T14:45:24Z</time></wpt>
<wpt lat="40.772614" lon="-73.968860"><ele>10</ele><time>2026-10-06T14:45:26Z</time></wpt>
<wpt lat="40.772582" lon="-73.968872"><ele>10</ele><time>2026-10-06T14:45:28Z</time></wpt>
<wpt lat="40.772549" lon="-73.968884"><ele>10</ele><time>2026-10-06T14:45:30Z</time></wpt>
<wpt lat="40.772501" lon="-73.968902"><ele>10</ele><time>2026-10-06T14:45:33Z</time></wpt>
<wpt lat="40.772453" lon="-73.968921"><ele>10</ele><time>2026-10-06T14:45:36Z</time></wpt>
<wpt lat="40.772420" lon="-73.968938"><ele>10</ele><time>2026-10-06T14:45:38Z</time></wpt>
<wpt lat="40.772386" lon="-73.968956"><ele>10</ele><time>2026-10-06T14:45:40Z</time></wpt>
<wpt lat="40.772353" lon="-73.968973"><ele>10</ele><time>2026-10-06T14:45:43Z</time></wpt>
<wpt lat="40.772320" lon="-73.968991"><ele>10</ele><time>2026-10-06T14:45:45Z</time></wpt>
<wpt lat="40.772286" lon="-73.969008"><ele>10</ele><time>2026-10-06T14:45:47Z</time></wpt>
<wpt lat="40.772254" lon="-73.969026"><ele>10</ele><time>2026-10-06T14:45:49Z</time></wpt>
<wpt lat="40.772221" lon="-73.969044"><ele>10</ele><time>2026-10-06T14:45:51Z</time></wpt>
<wpt lat="40.772189" lon="-73.969062"><ele>10</ele><time>2026-10-06T14:45:53Z</time></wpt>
<wpt lat="40.772156" lon="-73.969080"><ele>10</ele><time>2026-10-06T14:45:56Z</time></wpt>
<wpt lat="40.772124" lon="-73.969098"><ele>10</ele><time>2026-10-06T14:45:58Z</time></wpt>
<wpt lat="40.772088" lon="-73.969119"><ele>10</ele><time>2026-10-06T14:46:00Z</time></wpt>
<wpt lat="40.772053" lon="-73.969140"><ele>10</ele><time>2026-10-06T14:46:02Z</time></wpt>
<wpt lat="40.772009" lon="-73.969165"><ele>10</ele><time>2026-10-06T14:46:05Z</time></wpt>
<wpt lat="40.771965" lon="-73.969190"><ele>10</ele><time>2026-10-06T14:46:08Z</time></wpt>
<wpt lat="40.771921" lon="-73.969221"><ele>10</ele><time>2026-10-06T14:46:11Z</time></wpt>
<wpt lat="40.771865" lon="-73.969262"><ele>10</ele><time>2026-10-06T14:46:15Z</time></wpt>
<wpt lat="40.771818" lon="-73.969302"><ele>10</ele><time>2026-10-06T14:46:18Z</time></wpt>
<wpt lat="40.771770" lon="-73.969348"><ele>10</ele><time>2026-10-06T14:46:22Z</time></wpt>
<wpt lat="40.771718" lon="-73.969398"><ele>10</ele><time>2026-10-06T14:46:26Z</time></wpt>
<wpt lat="40.771692" lon="-73.969429"><ele>10</ele><time>2026-10-06T14:46:28Z</time></wpt>
<wpt lat="40.771665" lon="-73.969459"><ele>10</ele><time>2026-10-06T14:46:30Z</time></wpt>
<wpt lat="40.771639" lon="-73.969492"><ele>10</ele><time>2026-10-06T14:46:32Z</time></wpt>
<wpt lat="40.771612" lon="-73.969524"><ele>10</ele><time>2026-10-06T14:46:34Z</time></wpt>
<wpt lat="40.771589" lon="-73.969558"><ele>10</ele><time>2026-10-06T14:46:36Z</time></wpt>
<wpt lat="40.771566" lon="-73.969592"><ele>10</ele><time>2026-10-06T14:46:38Z</time></wpt>
<wpt lat="40.771542" lon="-73.969630"><ele>10</ele><time>2026-10-06T14:46:41Z</time></wpt>
<wpt lat="40.771519" lon="-73.969667"><ele>10</ele><time>2026-10-06T14:46:43Z</time></wpt>
<wpt lat="40.771495" lon="-73.969712"><ele>10</ele><time>2026-10-06T14:46:45Z</time></wpt>
<wpt lat="40.771470" lon="-73.969758"><ele>10</ele><time>2026-10-06T14:46:48Z</time></wpt>
<wpt lat="40.771446" lon="-73.969813"><ele>10</ele><time>2026-10-06T14:46:50Z</time></wpt>
<wpt lat="40.771421" lon="-73.969869"><ele>10</ele><time>2026-10-06T14:46:53Z</time></wpt>
<wpt lat="40.771391" lon="-73.969833"><ele>10</ele><time>2026-10-06T14:46:56Z</time></wpt>
<wpt lat="40.771361" lon="-73.969798"><ele>10</ele><time>2026-10-06T14:46:58Z</time></wpt>
<wpt lat="40.771332" lon="-73.969871"><ele>10</ele><time>2026-10-06T14:47:02Z</time></wpt>
<wpt lat="40.771293" lon="-73.969932"><ele>10</ele><time>2026-10-06T14:47:05Z</time></wpt>
<wpt lat="40.771257" lon="-73.969978"><ele>10</ele><time>2026-10-06T14:47:08Z</time></wpt>
<wpt lat="40.771212" lon="-73.970012"><ele>10</ele><time>2026-10-06T14:47:12Z</time></wpt>
<wpt lat="40.771178" lon="-73.970029"><ele>10</ele><time>2026-10-06T14:47:15Z</time></wpt>
<wpt lat="40.771143" lon="-73.970045"><ele>10</ele><time>2026-10-06T14:47:17Z</time></wpt>
<wpt lat="40.771111" lon="-73.970056"><ele>10</ele><time>2026-10-06T14:47:20Z</time></wpt>
<wpt lat="40.771079" lon="-73.970066"><ele>10</ele><time>2026-10-06T14:47:22Z</time></wpt>
<wpt lat="40.771048" lon="-73.970071"><ele>10</ele><time>2026-10-06T14:47:25Z</time></wpt>
<wpt lat="40.771018" lon="-73.970077"><ele>10</ele><time>2026-10-06T14:47:27Z</time></wpt>
<wpt lat="40.770982" lon="-73.970078"><ele>10</ele><time>2026-10-06T14:47:29Z</time></wpt>
<wpt lat="40.770946" lon="-73.970079"><ele>10</ele><time>2026-10-06T14:47:32Z</time></wpt>
<wpt lat="40.770911" lon="-73.970073"><ele>10</ele><time>2026-10-06T14:47:35Z</time></wpt>
<wpt lat="40.770877" lon="-73.970068"><ele>10</ele><time>2026-10-06T14:47:37Z</time></wpt>
<wpt lat="40.770838" lon="-73.970061"><ele>10</ele><time>2026-10-06T14:47:40Z</time></wpt>
<wpt lat="40.770799" lon="-73.970054"><ele>10</ele><time>2026-10-06T14:47:43Z</time></wpt>
<wpt lat="40.770771" lon="-73.970046"><ele>10</ele><time>2026-10-06T14:47:45Z</time></wpt>
<wpt lat="40.770744" lon="-73.970038"><ele>10</ele><time>2026-10-06T14:47:47Z</time></wpt>
<wpt lat="40.770717" lon="-73.970030"><ele>10</ele><time>2026-10-06T14:47:49Z</time></wpt>
<wpt lat="40.770690" lon="-73.970022"><ele>10</ele><time>2026-10-06T14:47:51Z</time></wpt>
<wpt lat="40.770652" lon="-73.970007"><ele>10</ele><time>2026-10-06T14:47:54Z</time></wpt>
<wpt lat="40.770615" lon="-73.969992"><ele>10</ele><time>2026-10-06T14:47:57Z</time></wpt>
<wpt lat="40.770587" lon="-73.969975"><ele>10</ele><time>2026-10-06T14:47:59Z</time></wpt>
<wpt lat="40.770559" lon="-73.969959"><ele>10</ele><time>2026-10-06T14:48:01Z</time></wpt>
<wpt lat="40.770532" lon="-73.969942"><ele>10</ele><time>2026-10-06T14:48:04Z</time></wpt>
<wpt lat="40.770504" lon="-73.969926"><ele>10</ele><time>2026-10-06T14:48:06Z</time></wpt>
<wpt lat="40.770476" lon="-73.969909"><ele>10</ele><time>2026-10-06T14:48:08Z</time></wpt>
<wpt lat="40.770448" lon="-73.969893"><ele>10</ele><time>2026-10-06T14:48:10Z</time></wpt>
<wpt lat="40.770420" lon="-73.969876"><ele>10</ele><time>2026-10-06T14:48:13Z</time></wpt>
<wpt lat="40.770392" lon="-73.969859"><ele>10</ele><time>2026-10-06T14:48:15Z</time></wpt>
<wpt lat="40.770363" lon="-73.969882"><ele>10</ele><time>2026-10-06T14:48:17Z</time></wpt>
<wpt lat="40.770333" lon="-73.969904"><ele>10</ele><time>2026-10-06T14:48:20Z</time></wpt>
<wpt lat="40.770304" lon="-73.969926"><ele>10</ele><time>2026-10-06T14:48:22Z</time></wpt>
<wpt lat="40.770275" lon="-73.969948"><ele>10</ele><time>2026-10-06T14:48:25Z</time></wpt>
<wpt lat="40.770244" lon="-73.969974"><ele>10</ele><time>2026-10-06T14:48:27Z</time></wpt>
<wpt lat="40.770214" lon="-73.969999"><ele>10</ele><time>2026-10-06T14:48:30Z</time></wpt>
<wpt lat="40.770184" lon="-73.970025"><ele>10</ele><time>2026-10-06T14:48:32Z</time></wpt>
<wpt lat="40.770157" lon="-73.970035"><ele>10</ele><time>2026-10-06T14:48:35Z</time></wpt>
<wpt lat="40.770129" lon="-73.970044"><ele>10</ele><time>2026-10-06T14:48:37Z</time></wpt>
<wpt lat="40.770102" lon="-73.970054"><ele>10</ele><time>2026-10-06T14:48:39Z</time></wpt>
<wpt lat="40.770074" lon="-73.970063"><ele>10</ele><time>2026-10-06T14:48:41Z</time></wpt>
<wpt lat="40.770047" lon="-73.970073"><ele>10</ele><time>2026-10-06T14:48:43Z</time></wpt>
<wpt lat="40.770019" lon="-73.970082"><ele>10</ele><time>2026-10-06T14:48:45Z</time></wpt>
<wpt lat="40.769992" lon="-73.970092"><ele>10</ele><time>2026-10-06T14:48:47Z</time></wpt>
<wpt lat="40.769964" lon="-73.970101"><ele>10</ele><time>2026-10-06T14:48:49Z</time></wpt>
<wpt lat="40.769937" lon="-73.970111"><ele>10</ele><time>2026-10-06T14:48:51Z</time></wpt>
<wpt lat="40.769909" lon="-73.970121"><ele>10</ele><time>2026-10-06T14:48:53Z</time></wpt>
<wpt lat="40.769882" lon="-73.970131"><ele>10</ele><time>2026-10-06T14:48:55Z</time></wpt>
<wpt lat="40.769854" lon="-73.970141"><ele>10</ele><time>2026-10-06T14:48:58Z</time></wpt>
<wpt lat="40.769826" lon="-73.970151"><ele>10</ele><time>2026-10-06T14:49:00Z</time></wpt>
<wpt lat="40.769799" lon="-73.970161"><ele>10</ele><time>2026-10-06T14:49:02Z</time></wpt>
<wpt lat="40.769773" lon="-73.970175"><ele>10</ele><time>2026-10-06T14:49:04Z</time></wpt>
<wpt lat="40.769747" lon="-73.970189"><ele>10</ele><time>2026-10-06T14:49:06Z</time></wpt>
<wpt lat="40.769721" lon="-73.970203"><ele>10</ele><time>2026-10-06T14:49:08Z</time></wpt>
<wpt lat="40.769695" lon="-73.970217"><ele>10</ele><time>2026-10-06T14:49:10Z</time></wpt>
<wpt lat="40.769669" lon="-73.970231"><ele>10</ele><time>2026-10-06T14:49:12Z</time></wpt>
<wpt lat="40.769642" lon="-73.970252"><ele>10</ele><time>2026-10-06T14:49:14Z</time></wpt>
<wpt lat="40.769616" lon="-73.970273"><ele>10</ele><time>2026-10-06T14:49:17Z</time></wpt>
<wpt lat="40.769590" lon="-73.970294"><ele>10</ele><time>2026-10-06T14:49:19Z</time></wpt>
<wpt lat="40.769568" lon="-73.970328"><ele>10</ele><time>2026-10-06T14:49:21Z</time></wpt>
<wpt lat="40.769546" lon="-73.970361"><ele>10</ele><time>2026-10-06T14:49:24Z</time></wpt>
<wpt lat="40.769524" lon="-73.970395"><ele>10</ele><time>2026-10-06T14:49:26Z</time></wpt>
<wpt lat="40.769501" lon="-73.970428"><ele>10</ele><time>2026-10-06T14:49:28Z</time></wpt>
<wpt lat="40.769479" lon="-73.970461"><ele>10</ele><time>2026-10-06T14:49:31Z</time></wpt>
<wpt lat="40.769460" lon="-73.970489"><ele>10</ele><time>2026-10-06T14:49:33Z</time></wpt>
<wpt lat="40.769440" lon="-73.970517"><ele>10</ele><time>2026-10-06T14:49:35Z</time></wpt>
<wpt lat="40.769420" lon="-73.970545"><ele>10</ele><time>2026-10-06T14:49:37Z</time></wpt>
<wpt lat="40.769401" lon="-73.970573"><ele>10</ele><time>2026-10-06T14:49:39Z</time></wpt>
<wpt lat="40.769370" lon="-73.970610"><ele>10</ele><time>2026-10-06T14:49:42Z</time></wpt>
<wpt lat="40.769340" lon="-73.970648"><ele>10</ele><time>2026-10-06T14:49:45Z</time></wpt>
<wpt lat="40.769309" lon="-73.970681"><ele>10</ele><time>2026-10-06T14:49:48Z</time></wpt>
<wpt lat="40.769277" lon="-73.970713"><ele>10</ele><time>2026-10-06T14:49:50Z</time></wpt>
<wpt lat="40.769252" lon="-73.970735"><ele>10</ele><time>2026-10-06T14:49:53Z</time></wpt>
<wpt lat="40.769226" lon="-73.970757"><ele>10</ele><time>2026-10-06T14:49:55Z</time></wpt>
<wpt lat="40.769201" lon="-73.970778"><ele>10</ele><time>2026-10-06T14:49:57Z</time></wpt>
<wpt lat="40.769177" lon="-73.970803"><ele>10</ele><time>2026-10-06T14:49:59Z</time></wpt>
<wpt lat="40.769152" lon="-73.970828"><ele>10</ele><time>2026-10-06T14:50:01Z</time></wpt>
<wpt lat="40.769128" lon="-73.970853"><ele>10</ele><time>2026-10-06T14:50:04Z</time></wpt>
<wpt lat="40.769101" lon="-73.970888"><ele>10</ele><time>2026-10-06T14:50:06Z</time></wpt>
<wpt lat="40.769074" lon="-73.970924"><ele>10</ele><time>2026-10-06T14:50:09Z</time></wpt>
<wpt lat="40.769065" lon="-73.970923"><ele>10</ele><time>2026-10-06T14:50:10Z</time></wpt>
<wpt lat="40.769055" lon="-73.970925"><ele>10</ele><time>2026-10-06T14:50:10Z</time></wpt>
<wpt lat="40.769018" lon="-73.970932"><ele>10</ele><time>2026-10-06T14:50:13Z</time></wpt>
<wpt lat="40.768981" lon="-73.970939"><ele>10</ele><time>2026-10-06T14:50:16Z</time></wpt>
<wpt lat="40.768948" lon="-73.970944"><ele>10</ele><time>2026-10-06T14:50:18Z</time></wpt>
<wpt lat="40.768916" lon="-73.970950"><ele>10</ele><time>2026-10-06T14:50:21Z</time></wpt>
<wpt lat="40.768883" lon="-73.970955"><ele>10</ele><time>2026-10-06T14:50:23Z</time></wpt>
<wpt lat="40.768850" lon="-73.970960"><ele>10</ele><time>2026-10-06T14:50:26Z</time></wpt>
<wpt lat="40.768821" lon="-73.970958"><ele>10</ele><time>2026-10-06T14:50:28Z</time></wpt>
<wpt lat="40.768792" lon="-73.970956"><ele>10</ele><time>2026-10-06T14:50:30Z</time></wpt>
<wpt lat="40.768763" lon="-73.970953"><ele>10</ele><time>2026-10-06T14:50:32Z</time></wpt>
<wpt lat="40.768734" lon="-73.970951"><ele>10</ele><time>2026-10-06T14:50:34Z</time></wpt>
<wpt lat="40.768705" lon="-73.970949"><ele>10</ele><time>2026-10-06T14:50:36Z</time></wpt>
<wpt lat="40.768676" lon="-73.970947"><ele>10</ele><time>2026-10-06T14:50:39Z</time></wpt>
<wpt lat="40.768648" lon="-73.970945"><ele>10</ele><time>2026-10-06T14:50:41Z</time></wpt>
<wpt lat="40.768610" lon="-73.970944"><ele>10</ele><time>2026-10-06T14:50:43Z</time></wpt>
<wpt lat="40.768591" lon="-73.970945"><ele>10</ele><time>2026-10-06T14:50:45Z</time></wpt>
<wpt lat="40.768571" lon="-73.970948"><ele>10</ele><time>2026-10-06T14:50:46Z</time></wpt>
<wpt lat="40.768550" lon="-73.970955"><ele>10</ele><time>2026-10-06T14:50:48Z</time></wpt>
<wpt lat="40.768531" lon="-73.970965"><ele>10</ele><time>2026-10-06T14:50:49Z</time></wpt>
<wpt lat="40.768499" lon="-73.970980"><ele>10</ele><time>2026-10-06T14:50:52Z</time></wpt>
<wpt lat="40.768480" lon="-73.970992"><ele>10</ele><time>2026-10-06T14:50:53Z</time></wpt>
<wpt lat="40.768462" lon="-73.971006"><ele>10</ele><time>2026-10-06T14:50:55Z</time></wpt>
<wpt lat="40.768438" lon="-73.971026"><ele>10</ele><time>2026-10-06T14:50:57Z</time></wpt>
<wpt lat="40.768415" lon="-73.971047"><ele>10</ele><time>2026-10-06T14:50:59Z</time></wpt>
<wpt lat="40.768392" lon="-73.971067"><ele>10</ele><time>2026-10-06T14:51:01Z</time></wpt>
<wpt lat="40.768369" lon="-73.971088"><ele>10</ele><time>2026-10-06T14:51:03Z</time></wpt>
<wpt lat="40.768346" lon="-73.971108"><ele>10</ele><time>2026-10-06T14:51:05Z</time></wpt>
<wpt lat="40.768323" lon="-73.971129"><ele>10</ele><time>2026-10-06T14:51:07Z</time></wpt>
<wpt lat="40.768308" lon="-73.971141"><ele>10</ele><time>2026-10-06T14:51:08Z</time></wpt>
<wpt lat="40.768296" lon="-73.971148"><ele>10</ele><time>2026-10-06T14:51:09Z</time></wpt>
<wpt lat="40.768282" lon="-73.971155"><ele>10</ele><time>2026-10-06T14:51:10Z</time></wpt>
<wpt lat="40.768270" lon="-73.971158"><ele>10</ele><time>2026-10-06T14:51:11Z</time></wpt>
<wpt lat="40.768263" lon="-73.971159"><ele>10</ele><time>2026-10-06T14:51:12Z</time></wpt>
<wpt lat="40.768256" lon="-73.971160"><ele>10</ele><time>2026-10-06T14:51:12Z</time></wpt>
<wpt lat="40.768252" lon="-73.971160"><ele>10</ele><time>2026-10-06T14:51:13Z</time></wpt>
<wpt lat="40.768248" lon="-73.971159"><ele>10</ele><time>2026-10-06T14:51:13Z</time></wpt>
<wpt lat="40.768237" lon="-73.971157"><ele>10</ele><time>2026-10-06T14:51:14Z</time></wpt>
<wpt lat="40.768210" lon="-73.971147"><ele>10</ele><time>2026-10-06T14:51:16Z</time></wpt>
<wpt lat="40.768199" lon="-73.971144"><ele>10</ele><time>2026-10-06T14:51:17Z</time></wpt>
<wpt lat="40.768189" lon="-73.971142"><ele>10</ele><time>2026-10-06T14:51:17Z</time></wpt>
<wpt lat="40.768181" lon="-73.971142"><ele>10</ele><time>2026-10-06T14:51:18Z</time></wpt>
<wpt lat="40.768171" lon="-73.971144"><ele>10</ele><time>2026-10-06T14:51:19Z</time></wpt>
<wpt lat="40.768148" lon="-73.971152"><ele>10</ele><time>2026-10-06T14:51:20Z</time></wpt>
<wpt lat="40.768120" lon="-73.971173"><ele>10</ele><time>2026-10-06T14:51:23Z</time></wpt>
<wpt lat="40.768100" lon="-73.971188"><ele>10</ele><time>2026-10-06T14:51:24Z</time></wpt>
<wpt lat="40.768070" lon="-73.971209"><ele>10</ele><time>2026-10-06T14:51:27Z</time></wpt>
<wpt lat="40.768040" lon="-73.971231"><ele>10</ele><time>2026-10-06T14:51:29Z</time></wpt>
<wpt lat="40.768010" lon="-73.971253"><ele>10</ele><time>2026-10-06T14:51:32Z</time></wpt>
<wpt lat="40.767986" lon="-73.971271"><ele>10</ele><time>2026-10-06T14:51:34Z</time></wpt>
<wpt lat="40.767961" lon="-73.971289"><ele>10</ele><time>2026-10-06T14:51:36Z</time></wpt>
<wpt lat="40.767937" lon="-73.971308"><ele>10</ele><time>2026-10-06T14:51:38Z</time></wpt>
<wpt lat="40.767913" lon="-73.971326"><ele>10</ele><time>2026-10-06T14:51:40Z</time></wpt>
<wpt lat="40.767889" lon="-73.971344"><ele>10</ele><time>2026-10-06T14:51:42Z</time></wpt>
<wpt lat="40.767865" lon="-73.971363"><ele>10</ele><time>2026-10-06T14:51:44Z</time></wpt>
<wpt lat="40.767841" lon="-73.971381"><ele>10</ele><time>2026-10-06T14:51:46Z</time></wpt>
<wpt lat="40.767817" lon="-73.971399"><ele>10</ele><time>2026-10-06T14:51:48Z</time></wpt>
<wpt lat="40.767792" lon="-73.971417"><ele>10</ele><time>2026-10-06T14:51:50Z</time></wpt>
<wpt lat="40.767768" lon="-73.971436"><ele>10</ele><time>2026-10-06T14:51:52Z</time></wpt>
<wpt lat="40.767744" lon="-73.971454"><ele>10</ele><time>2026-10-06T14:51:54Z</time></wpt>
<wpt lat="40.767720" lon="-73.971472"><ele>10</ele><time>2026-10-06T14:51:56Z</time></wpt>
<wpt lat="40.767696" lon="-73.971491"><ele>10</ele><time>2026-10-06T14:51:58Z</time></wpt>
<wpt lat="40.767672" lon="-73.971509"><ele>10</ele><time>2026-10-06T14:52:00Z</time></wpt>
<wpt lat="40.767648" lon="-73.971527"><ele>10</ele><time>2026-10-06T14:52:02Z</time></wpt>
<wpt lat="40.767623" lon="-73.971546"><ele>10</ele><time>2026-10-06T14:52:04Z</time></wpt>
<wpt lat="40.767599" lon="-73.971564"><ele>10</ele><time>2026-10-06T14:52:06Z</time></wpt>
<wpt lat="40.767575" lon="-73.971582"><ele>10</ele><time>2026-10-06T14:52:08Z</time></wpt>
<wpt lat="40.767551" lon="-73.971600"><ele>10</ele><time>2026-10-06T14:52:10Z</time></wpt>
<wpt lat="40.767526" lon="-73.971618"><ele>10</ele><time>2026-10-06T14:52:12Z</time></wpt>
<wpt lat="40.767502" lon="-73.971636"><ele>10</ele><time>2026-10-06T14:52:14Z</time></wpt>
<wpt lat="40.767477" lon="-73.971654"><ele>10</ele><time>2026-10-06T14:52:16Z</time></wpt>
<wpt lat="40.767452" lon="-73.971672"><ele>10</ele><time>2026-10-06T14:52:18Z</time></wpt>
<wpt lat="40.767428" lon="-73.971689"><ele>10</ele><time>2026-10-06T14:52:20Z</time></wpt>
<wpt lat="40.767403" lon="-73.971707"><ele>10</ele><time>2026-10-06T14:52:23Z</time></wpt>
<wpt lat="40.767379" lon="-73.971724"><ele>10</ele><time>2026-10-06T14:52:25Z</time></wpt>
<wpt lat="40.767354" lon="-73.971742"><ele>10</ele><time>2026-10-06T14:52:27Z</time></wpt>
<wpt lat="40.767330" lon="-73.971759"><ele>10</ele><time>2026-10-06T14:52:29Z</time></wpt>
<wpt lat="40.767305" lon="-73.971777"><ele>10</ele><time>2026-10-06T14:52:31Z</time></wpt>
<wpt lat="40.767281" lon="-73.971794"><ele>10</ele><time>2026-10-06T14:52:33Z</time></wpt>
<wpt lat="40.767256" lon="-73.971812"><ele>10</ele><time>2026-10-06T14:52:35Z</time></wpt>
<wpt lat="40.767231" lon="-73.971829"><ele>10</ele><time>2026-10-06T14:52:37Z</time></wpt>
<wpt lat="40.767207" lon="-73.971847"><ele>10</ele><time>2026-10-06T14:52:39Z</time></wpt>
<wpt lat="40.767182" lon="-73.971864"><ele>10</ele><time>2026-10-06T14:52:41Z</time></wpt>
<wpt lat="40.767158" lon="-73.971882"><ele>10</ele><time>2026-10-06T14:52:43Z</time></wpt>
<wpt lat="40.767133" lon="-73.971899"><ele>10</ele><time>2026-10-06T14:52:45Z</time></wpt>
<wpt lat="40.767109" lon="-73.971916"><ele>10</ele><time>2026-10-06T14:52:47Z</time></wpt>
<wpt lat="40.767084" lon="-73.971934"><ele>10</ele><time>2026-10-06T14:52:49Z</time></wpt>
<wpt lat="40.767060" lon="-73.971951"><ele>10</ele><time>2026-10-06T14:52:51Z</time></wpt>
<wpt lat="40.767035" lon="-73.971969"><ele>10</ele><time>2026-10-06T14:52:53Z</time></wpt>
<wpt lat="40.767010" lon="-73.971986"><ele>10</ele><time>2026-10-06T14:52:55Z</time></wpt>
<wpt lat="40.766986" lon="-73.972004"><ele>10</ele><time>2026-10-06T14:52:57Z</time></wpt>
<wpt lat="40.766961" lon="-73.972021"><ele>10</ele><time>2026-10-06T14:52:59Z</time></wpt>
<wpt lat="40.766937" lon="-73.972039"><ele>10</ele><time>2026-10-06T14:53:01Z</time></wpt>
<wpt lat="40.766912" lon="-73.972056"><ele>10</ele><time>2026-10-06T14:53:03Z</time></wpt>
<wpt lat="40.766888" lon="-73.972074"><ele>10</ele><time>2026-10-06T14:53:05Z</time></wpt>
<wpt lat="40.766863" lon="-73.972091"><ele>10</ele><time>2026-10-06T14:53:07Z</time></wpt>
<wpt lat="40.766839" lon="-73.972109"><ele>10</ele><time>2026-10-06T14:53:09Z</time></wpt>
<wpt lat="40.766814" lon="-73.972126"><ele>10</ele><time>2026-10-06T14:53:11Z</time></wpt>
<wpt lat="40.766790" lon="-73.972144"><ele>10</ele><time>2026-10-06T14:53:13Z</time></wpt>
<wpt lat="40.766765" lon="-73.972161"><ele>10</ele><time>2026-10-06T14:53:15Z</time></wpt>
<wpt lat="40.766740" lon="-73.972178"><ele>10</ele><time>2026-10-06T14:53:17Z</time></wpt>
<wpt lat="40.766716" lon="-73.972196"><ele>10</ele><time>2026-10-06T14:53:19Z</time></wpt>
<wpt lat="40.766694" lon="-73.972209"><ele>10</ele><time>2026-10-06T14:53:21Z</time></wpt>
<wpt lat="40.766669" lon="-73.972222"><ele>10</ele><time>2026-10-06T14:53:23Z</time></wpt>
<wpt lat="40.766655" lon="-73.972228"><ele>10</ele><time>2026-10-06T14:53:24Z</time></wpt>
<wpt lat="40.766640" lon="-73.972233"><ele>10</ele><time>2026-10-06T14:53:25Z</time></wpt>
<wpt lat="40.766605" lon="-73.972241"><ele>10</ele><time>2026-10-06T14:53:28Z</time></wpt>
<wpt lat="40.766569" lon="-73.972250"><ele>10</ele><time>2026-10-06T14:53:31Z</time></wpt>
<wpt lat="40.766532" lon="-73.972254"><ele>10</ele><time>2026-10-06T14:53:33Z</time></wpt>
<wpt lat="40.766496" lon="-73.972258"><ele>10</ele><time>2026-10-06T14:53:36Z</time></wpt>
<wpt lat="40.766462" lon="-73.972260"><ele>10</ele><time>2026-10-06T14:53:38Z</time></wpt>
<wpt lat="40.766429" lon="-73.972263"><ele>10</ele><time>2026-10-06T14:53:41Z</time></wpt>
<wpt lat="40.766395" lon="-73.972266"><ele>10</ele><time>2026-10-06T14:53:43Z</time></wpt>
<wpt lat="40.766360" lon="-73.972266"><ele>10</ele><time>2026-10-06T14:53:46Z</time></wpt>
<wpt lat="40.766324" lon="-73.972267"><ele>10</ele><time>2026-10-06T14:53:49Z</time></wpt>
<wpt lat="40.766289" lon="-73.972268"><ele>10</ele><time>2026-10-06T14:53:51Z</time></wpt>
<wpt lat="40.766261" lon="-73.972270"><ele>10</ele><time>2026-10-06T14:53:53Z</time></wpt>
<wpt lat="40.766234" lon="-73.972271"><ele>10</ele><time>2026-10-06T14:53:55Z</time></wpt>
<wpt lat="40.766206" lon="-73.972273"><ele>10</ele><time>2026-10-06T14:53:57Z</time></wpt>
<wpt lat="40.766179" lon="-73.972275"><ele>10</ele><time>2026-10-06T14:53:59Z</time></wpt>
<wpt lat="40.766149" lon="-73.972279"><ele>10</ele><time>2026-10-06T14:54:02Z</time></wpt>
<wpt lat="40.766118" lon="-73.972283"><ele>10</ele><time>2026-10-06T14:54:04Z</time></wpt>
<wpt lat="40.766088" lon="-73.972288"><ele>10</ele><time>2026-10-06T14:54:06Z</time></wpt>
<wpt lat="40.766057" lon="-73.972292"><ele>10</ele><time>2026-10-06T14:54:08Z</time></wpt>
<wpt lat="40.766028" lon="-73.972298"><ele>10</ele><time>2026-10-06T14:54:11Z</time></wpt>
<wpt lat="40.765998" lon="-73.972305"><ele>10</ele><time>2026-10-06T14:54:13Z</time></wpt>
<wpt lat="40.765969" lon="-73.972312"><ele>10</ele><time>2026-10-06T14:54:15Z</time></wpt>
<wpt lat="40.765939" lon="-73.972318"><ele>10</ele><time>2026-10-06T14:54:17Z</time></wpt>
<wpt lat="40.765907" lon="-73.972328"><ele>10</ele><time>2026-10-06T14:54:20Z</time></wpt>
<wpt lat="40.765876" lon="-73.972337"><ele>10</ele><time>2026-10-06T14:54:22Z</time></wpt>
<wpt lat="40.765844" lon="-73.972346"><ele>10</ele><time>2026-10-06T14:54:24Z</time></wpt>
<wpt lat="40.765828" lon="-73.972351"><ele>10</ele><time>2026-10-06T14:54:26Z</time></wpt>
<wpt lat="40.765814" lon="-73.972358"><ele>10</ele><time>2026-10-06T14:54:27Z</time></wpt>
<wpt lat="40.765802" lon="-73.972363"><ele>10</ele><time>2026-10-06T14:54:28Z</time></wpt>
<wpt lat="40.765774" lon="-73.972379"><ele>10</ele><time>2026-10-06T14:54:30Z</time></wpt>
<wpt lat="40.765746" lon="-73.972394"><ele>10</ele><time>2026-10-06T14:54:32Z</time></wpt>
<wpt lat="40.765717" lon="-73.972410"><ele>10</ele><time>2026-10-06T14:54:34Z</time></wpt>
<wpt lat="40.765689" lon="-73.972426"><ele>10</ele><time>2026-10-06T14:54:37Z</time></wpt>
<wpt lat="40.765661" lon="-73.972442"><ele>10</ele><time>2026-10-06T14:54:39Z</time></wpt>
<wpt lat="40.765646" lon="-73.972407"><ele>10</ele><time>2026-10-06T14:54:41Z</time></wpt>
<wpt lat="40.765632" lon="-73.972372"><ele>10</ele><time>2026-10-06T14:54:43Z</time></wpt>
<wpt lat="40.765617" lon="-73.972337"><ele>10</ele><time>2026-10-06T14:54:45Z</time></wpt>
<wpt lat="40.765603" lon="-73.972302"><ele>10</ele><time>2026-10-06T14:54:47Z</time></wpt>
<wpt lat="40.765588" lon="-73.972267"><ele>10</ele><time>2026-10-06T14:54:49Z</time></wpt>
<wpt lat="40.765574" lon="-73.972232"><ele>10</ele><time>2026-10-06T14:54:51Z</time></wpt>
<wpt lat="40.765549" lon="-73.972250"><ele>10</ele><time>2026-10-06T14:54:53Z</time></wpt>
<wpt lat="40.765524" lon="-73.972269"><ele>10</ele><time>2026-10-06T14:54:56Z</time></wpt>
<wpt lat="40.765497" lon="-73.972289"><ele>10</ele><time>2026-10-06T14:54:58Z</time></wpt>
<wpt lat="40.765469" lon="-73.972309"><ele>10</ele><time>2026-10-06T14:55:00Z</time></wpt>
<wpt lat="40.765442" lon="-73.972329"><ele>10</ele><time>2026-10-06T14:55:02Z</time></wpt>
<wpt lat="40.765414" lon="-73.972350"><ele>10</ele><time>2026-10-06T14:55:05Z</time></wpt>
<wpt lat="40.765387" lon="-73.972370"><ele>10</ele><time>2026-10-06T14:55:07Z</time></wpt>
<wpt lat="40.765359" lon="-73.972390"><ele>10</ele><time>2026-10-06T14:55:09Z</time></wpt>
<wpt lat="40.765334" lon="-73.972408"><ele>10</ele><time>2026-10-06T14:55:11Z</time></wpt>
<wpt lat="40.765309" lon="-73.972426"><ele>10</ele><time>2026-10-06T14:55:13Z</time></wpt>
<wpt lat="40.765284" lon="-73.972444"><ele>10</ele><time>2026-10-06T14:55:15Z</time></wpt>
<wpt lat="40.765259" lon="-73.972462"><ele>10</ele><time>2026-10-06T14:55:18Z</time></wpt>
<wpt lat="40.765234" lon="-73.972479"><ele>10</ele><time>2026-10-06T14:55:20Z</time></wpt>
<wpt lat="40.765209" lon="-73.972497"><ele>10</ele><time>2026-10-06T14:55:22Z</time></wpt>
<wpt lat="40.765184" lon="-73.972515"><ele>10</ele><time>2026-10-06T14:55:24Z</time></wpt>
<wpt lat="40.765159" lon="-73.972533"><ele>10</ele><time>2026-10-06T14:55:26Z</time></wpt>
<wpt lat="40.765134" lon="-73.972551"><ele>10</ele><time>2026-10-06T14:55:28Z</time></wpt>
<wpt lat="40.765109" lon="-73.972569"><ele>10</ele><time>2026-10-06T14:55:30Z</time></wpt>
<wpt lat="40.765084" lon="-73.972587"><ele>10</ele><time>2026-10-06T14:55:32Z</time></wpt>
<wpt lat="40.765055" lon="-73.972557"><ele>10</ele><time>2026-10-06T14:55:35Z</time></wpt>
<wpt lat="40.765027" lon="-73.972528"><ele>10</ele><time>2026-10-06T14:55:37Z</time></wpt>
<wpt lat="40.764999" lon="-73.972499"><ele>10</ele><time>2026-10-06T14:55:40Z</time></wpt>
<wpt lat="40.764977" lon="-73.972475"><ele>10</ele><time>2026-10-06T14:55:42Z</time></wpt>
<wpt lat="40.764956" lon="-73.972451"><ele>10</ele><time>2026-10-06T14:55:44Z</time></wpt>
<wpt lat="40.764934" lon="-73.972427"><ele>10</ele><time>2026-10-06T14:55:46Z</time></wpt>
<wpt lat="40.764912" lon="-73.972404"><ele>10</ele><time>2026-10-06T14:55:48Z</time></wpt>
<wpt lat="40.764887" lon="-73.972419"><ele>10</ele><time>2026-10-06T14:55:50Z</time></wpt>
<wpt lat="40.764862" lon="-73.972435"><ele>10</ele><time>2026-10-06T14:55:52Z</time></wpt>
<wpt lat="40.764847" lon="-73.972402"><ele>10</ele><time>2026-10-06T14:55:54Z</time></wpt>
<wpt lat="40.764833" lon="-73.972368"><ele>10</ele><time>2026-10-06T14:55:56Z</time></wpt>
<wpt lat="40.764818" lon="-73.972335"><ele>10</ele><time>2026-10-06T14:55:58Z</time></wpt>
<wpt lat="40.764804" lon="-73.972301"><ele>10</ele><time>2026-10-06T14:56:00Z</time></wpt>
<wpt lat="40.764790" lon="-73.972268"><ele>10</ele><time>2026-10-06T14:56:02Z</time></wpt>
<wpt lat="40.764775" lon="-73.972235"><ele>10</ele><time>2026-10-06T14:56:04Z</time></wpt>
<wpt lat="40.764761" lon="-73.972201"><ele>10</ele><time>2026-10-06T14:56:06Z</time></wpt>
<wpt lat="40.764746" lon="-73.972168"><ele>10</ele><time>2026-10-06T14:56:08Z</time></wpt>
<wpt lat="40.764732" lon="-73.972134"><ele>10</ele><time>2026-10-06T14:56:10Z</time></wpt>
<wpt lat="40.764718" lon="-73.972101"><ele>10</ele><time>2026-10-06T14:56:12Z</time></wpt>
<wpt lat="40.764703" lon="-73.972067"><ele>10</ele><time>2026-10-06T14:56:14Z</time></wpt>
<wpt lat="40.764689" lon="-73.972034"><ele>10</ele><time>2026-10-06T14:56:16Z</time></wpt>
<wpt lat="40.764675" lon="-73.972001"><ele>10</ele><time>2026-10-06T14:56:18Z</time></wpt>
<wpt lat="40.764661" lon="-73.971967"><ele>10</ele><time>2026-10-06T14:56:20Z</time></wpt>
<wpt lat="40.764648" lon="-73.971934"><ele>10</ele><time>2026-10-06T14:56:22Z</time></wpt>
<wpt lat="40.764634" lon="-73.971900"><ele>10</ele><time>2026-10-06T14:56:24Z</time></wpt>
<wpt lat="40.764620" lon="-73.971867"><ele>10</ele><time>2026-10-06T14:56:26Z</time></wpt>
<wpt lat="40.764606" lon="-73.971833"><ele>10</ele><time>2026-10-06T14:56:28Z</time></wpt>
<wpt lat="40.764592" lon="-73.971800"><ele>10</ele><time>2026-10-06T14:56:30Z</time></wpt>
<wpt lat="40.764578" lon="-73.971767"><ele>10</ele><time>2026-10-06T14:56:32Z</time></wpt>
<wpt lat="40.764564" lon="-73.971733"><ele>10</ele><time>2026-10-06T14:56:34Z</time></wpt>
<wpt lat="40.764550" lon="-73.971700"><ele>10</ele><time>2026-10-06T14:56:36Z</time></wpt>
<wpt lat="40.764536" lon="-73.971666"><ele>10</ele><time>2026-10-06T14:56:38Z</time></wpt>
<wpt lat="40.764522" lon="-73.971633"><ele>10</ele><time>2026-10-06T14:56:40Z</time></wpt>
<wpt lat="40.764508" lon="-73.971599"><ele>10</ele><time>2026-10-06T14:56:42Z</time></wpt>
<wpt lat="40.764495" lon="-73.971566"><ele>10</ele><time>2026-10-06T14:56:44Z</time></wpt>
<wpt lat="40.764481" lon="-73.971532"><ele>10</ele><time>2026-10-06T14:56:46Z</time></wpt>
<wpt lat="40.764467" lon="-73.971499"><ele>10</ele><time>2026-10-06T14:56:48Z</time></wpt>
<wpt lat="40.764453" lon="-73.971466"><ele>10</ele><time>2026-10-06T14:56:50Z</time></wpt>
<wpt lat="40.764439" lon="-73.971432"><ele>10</ele><time>2026-10-06T14:56:52Z</time></wpt>
<wpt lat="40.764425" lon="-73.971399"><ele>10</ele><time>2026-10-06T14:56:54Z</time></wpt>
<wpt lat="40.764411" lon="-73.971365"><ele>10</ele><time>2026-10-06T14:56:56Z</time></wpt>
<wpt lat="40.764397" lon="-73.971332"><ele>10</ele><time>2026-10-06T14:56:58Z</time></wpt>
<wpt lat="40.764383" lon="-73.971298"><ele>10</ele><time>2026-10-06T14:57:00Z</time></wpt>
<wpt lat="40.764369" lon="-73.971265"><ele>10</ele><time>2026-10-06T14:57:02Z</time></wpt>
<wpt lat="40.764356" lon="-73.971232"><ele>10</ele><time>2026-10-06T14:57:04Z</time></wpt>
<wpt lat="40.764341" lon="-73.971198"><ele>10</ele><time>2026-10-06T14:57:06Z</time></wpt>
<wpt lat="40.764327" lon="-73.971165"><ele>10</ele><time>2026-10-06T14:57:08Z</time></wpt>
<wpt lat="40.764313" lon="-73.971131"><ele>10</ele><time>2026-10-06T14:57:10Z</time></wpt>
<wpt lat="40.764298" lon="-73.971098"><ele>10</ele><time>2026-10-06T14:57:12Z</time></wpt>
<wpt lat="40.764284" lon="-73.971064"><ele>10</ele><time>2026-10-06T14:57:14Z</time></wpt>
<wpt lat="40.764268" lon="-73.971027"><ele>10</ele><time>2026-10-06T14:57:16Z</time></wpt>
<wpt lat="40.764252" lon="-73.970990"><ele>10</ele><time>2026-10-06T14:57:19Z</time></wpt>
<wpt lat="40.764236" lon="-73.970953"><ele>10</ele><time>2026-10-06T14:57:21Z</time></wpt>
<wpt lat="40.764220" lon="-73.970915"><ele>10</ele><time>2026-10-06T14:57:23Z</time></wpt>
<wpt lat="40.764204" lon="-73.970877"><ele>10</ele><time>2026-10-06T14:57:26Z</time></wpt>
<wpt lat="40.764188" lon="-73.970839"><ele>10</ele><time>2026-10-06T14:57:28Z</time></wpt>
<wpt lat="40.764173" lon="-73.970805"><ele>10</ele><time>2026-10-06T14:57:30Z</time></wpt>
<wpt lat="40.764158" lon="-73.970771"><ele>10</ele><time>2026-10-06T14:57:32Z</time></wpt>
<wpt lat="40.764144" lon="-73.970737"><ele>10</ele><time>2026-10-06T14:57:34Z</time></wpt>
<wpt lat="40.764129" lon="-73.970703"><ele>10</ele><time>2026-10-06T14:57:36Z</time></wpt>
<wpt lat="40.764114" lon="-73.970669"><ele>10</ele><time>2026-10-06T14:57:38Z</time></wpt>
<wpt lat="40.764100" lon="-73.970635"><ele>10</ele><time>2026-10-06T14:57:40Z</time></wpt>
<wpt lat="40.764085" lon="-73.970601"><ele>10</ele><time>2026-10-06T14:57:42Z</time></wpt>
<wpt lat="40.764070" lon="-73.970567"><ele>10</ele><time>2026-10-06T14:57:44Z</time></wpt>
<wpt lat="40.764056" lon="-73.970533"><ele>10</ele><time>2026-10-06T14:57:46Z</time></wpt>
<wpt lat="40.764041" lon="-73.970499"><ele>10</ele><time>2026-10-06T14:57:48Z</time></wpt>
<wpt lat="40.764026" lon="-73.970465"><ele>10</ele><time>2026-10-06T14:57:50Z</time></wpt>
<wpt lat="40.764012" lon="-73.970431"><ele>10</ele><time>2026-10-06T14:57:52Z</time></wpt>
<wpt lat="40.763997" lon="-73.970398"><ele>10</ele><time>2026-10-06T14:57:54Z</time></wpt>
<wpt lat="40.763982" lon="-73.970364"><ele>10</ele><time>2026-10-06T14:57:57Z</time></wpt>
<wpt lat="40.763968" lon="-73.970330"><ele>10</ele><time>2026-10-06T14:57:59Z</time></wpt>
<wpt lat="40.763953" lon="-73.970296"><ele>10</ele><time>2026-10-06T14:58:01Z</time></wpt>
<wpt lat="40.763938" lon="-73.970262"><ele>10</ele><time>2026-10-06T14:58:03Z</time></wpt>
<wpt lat="40.763924" lon="-73.970228"><ele>10</ele><time>2026-10-06T14:58:05Z</time></wpt>
<wpt lat="40.763909" lon="-73.970194"><ele>10</ele><time>2026-10-06T14:58:07Z</time></wpt>
<wpt lat="40.763894" lon="-73.970160"><ele>10</ele><time>2026-10-06T14:58:09Z</time></wpt>
<wpt lat="40.763880" lon="-73.970126"><ele>10</ele><time>2026-10-06T14:58:11Z</time></wpt>
<wpt lat="40.763865" lon="-73.970092"><ele>10</ele><time>2026-10-06T14:58:13Z</time></wpt>
<wpt lat="40.763850" lon="-73.970058"><ele>10</ele><time>2026-10-06T14:58:15Z</time></wpt>
<wpt lat="40.763836" lon="-73.970024"><ele>10</ele><time>2026-10-06T14:58:17Z</time></wpt>
<wpt lat="40.763821" lon="-73.969990"><ele>10</ele><time>2026-10-06T14:58:19Z</time></wpt>
<wpt lat="40.763806" lon="-73.969956"><ele>10</ele><time>2026-10-06T14:58:21Z</time></wpt>
<wpt lat="40.763792" lon="-73.969923"><ele>10</ele><time>2026-10-06T14:58:23Z</time></wpt>
<wpt lat="40.763777" lon="-73.969889"><ele>10</ele><time>2026-10-06T14:58:25Z</time></wpt>
<wpt lat="40.763762" lon="-73.969855"><ele>10</ele><time>2026-10-06T14:58:27Z</time></wpt>
<wpt lat="40.763748" lon="-73.969821"><ele>10</ele><time>2026-10-06T14:58:29Z</time></wpt>
<wpt lat="40.763733" lon="-73.969787"><ele>10</ele><time>2026-10-06T14:58:31Z</time></wpt>
<wpt lat="40.763718" lon="-73.969753"><ele>10</ele><time>2026-10-06T14:58:33Z</time></wpt>
<wpt lat="40.763704" lon="-73.969719"><ele>10</ele><time>2026-10-06T14:58:36Z</time></wpt>
<wpt lat="40.763689" lon="-73.969685"><ele>10</ele><time>2026-10-06T14:58:38Z</time></wpt>
<wpt lat="40.763674" lon="-73.969651"><ele>10</ele><time>2026-10-06T14:58:40Z</time></wpt>
<wpt lat="40.763659" lon="-73.969615"><ele>10</ele><time>2026-10-06T14:58:42Z</time></wpt>
<wpt lat="40.763644" lon="-73.969579"><ele>10</ele><time>2026-10-06T14:58:44Z</time></wpt>
<wpt lat="40.763629" lon="-73.969543"><ele>10</ele><time>2026-10-06T14:58:46Z</time></wpt>
<wpt lat="40.763614" lon="-73.969509"><ele>10</ele><time>2026-10-06T14:58:48Z</time></wpt>
<wpt lat="40.763600" lon="-73.969474"><ele>10</ele><time>2026-10-06T14:58:50Z</time></wpt>
<wpt lat="40.763585" lon="-73.969439"><ele>10</ele><time>2026-10-06T14:58:52Z</time></wpt>
<wpt lat="40.763570" lon="-73.969403"><ele>10</ele><time>2026-10-06T14:58:55Z</time></wpt>
<wpt lat="40.763554" lon="-73.969367"><ele>10</ele><time>2026-10-06T14:58:57Z</time></wpt>
<wpt lat="40.763539" lon="-73.969331"><ele>10</ele><time>2026-10-06T14:58:59Z</time></wpt>
<wpt lat="40.763524" lon="-73.969295"><ele>10</ele><time>2026-10-06T14:59:01Z</time></wpt>
<wpt lat="40.763509" lon="-73.969259"><ele>10</ele><time>2026-10-06T14:59:03Z</time></wpt>
<wpt lat="40.763492" lon="-73.969220"><ele>10</ele><time>2026-10-06T14:59:06Z</time></wpt>
<wpt lat="40.763475" lon="-73.969180"><ele>10</ele><time>2026-10-06T14:59:08Z</time></wpt>
<wpt lat="40.763458" lon="-73.969141"><ele>10</ele><time>2026-10-06T14:59:10Z</time></wpt>
<wpt lat="40.763437" lon="-73.969090"><ele>10</ele><time>2026-10-06T14:59:13Z</time></wpt>
<wpt lat="40.763423" lon="-73.969056"><ele>10</ele><time>2026-10-06T14:59:15Z</time></wpt>
<wpt lat="40.763409" lon="-73.969021"><ele>10</ele><time>2026-10-06T14:59:17Z</time></wpt>
<wpt lat="40.763395" lon="-73.968987"><ele>10</ele><time>2026-10-06T14:59:19Z</time></wpt>
<wpt lat="40.763381" lon="-73.968953"><ele>10</ele><time>2026-10-06T14:59:22Z</time></wpt>
<wpt lat="40.763367" lon="-73.968919"><ele>10</ele><time>2026-10-06T14:59:24Z</time></wpt>
<wpt lat="40.763353" lon="-73.968885"><ele>10</ele><time>2026-10-06T14:59:26Z</time></wpt>
<wpt lat="40.763339" lon="-73.968851"><ele>10</ele><time>2026-10-06T14:59:28Z</time></wpt>
<wpt lat="40.763325" lon="-73.968817"><ele>10</ele><time>2026-10-06T14:59:30Z</time></wpt>
<wpt lat="40.763311" lon="-73.968783"><ele>10</ele><time>2026-10-06T14:59:32Z</time></wpt>
<wpt lat="40.763297" lon="-73.968749"><ele>10</ele><time>2026-10-06T14:59:34Z</time></wpt>
<wpt lat="40.763283" lon="-73.968714"><ele>10</ele><time>2026-10-06T14:59:36Z</time></wpt>
<wpt lat="40.763269" lon="-73.968680"><ele>10</ele><time>2026-10-06T14:59:38Z</time></wpt>
<wpt lat="40.763255" lon="-73.968646"><ele>10</ele><time>2026-10-06T14:59:40Z</time></wpt>
<wpt lat="40.763241" lon="-73.968612"><ele>10</ele><time>2026-10-06T14:59:42Z</time></wpt>
<wpt lat="40.763227" lon="-73.968578"><ele>10</ele><time>2026-10-06T14:59:44Z</time></wpt>
<wpt lat="40.763213" lon="-73.968544"><ele>10</ele><time>2026-10-06T14:59:46Z</time></wpt>
<wpt lat="40.763199" lon="-73.968510"><ele>10</ele><time>2026-10-06T14:59:48Z</time></wpt>
<wpt lat="40.763184" lon="-73.968475"><ele>10</ele><time>2026-10-06T14:59:50Z</time></wpt>
<wpt lat="40.763170" lon="-73.968440"><ele>10</ele><time>2026-10-06T14:59:52Z</time></wpt>
<wpt lat="40.763156" lon="-73.968405"><ele>10</ele><time>2026-10-06T14:59:54Z</time></wpt>
<wpt lat="40.763141" lon="-73.968370"><ele>10</ele><time>2026-10-06T14:59:56Z</time></wpt>
<wpt lat="40.763127" lon="-73.968335"><ele>10</ele><time>2026-10-06T14:59:58Z</time></wpt>
<wpt lat="40.763113" lon="-73.968300"><ele>10</ele><time>2026-10-06T15:00:00Z</time></wpt>
<wpt lat="40.763099" lon="-73.968266"><ele>10</ele><time>2026-10-06T15:00:03Z</time></wpt>
<wpt lat="40.763084" lon="-73.968232"><ele>10</ele><time>2026-10-06T15:00:05Z</time></wpt>
<wpt lat="40.763070" lon="-73.968197"><ele>10</ele><time>2026-10-06T15:00:07Z</time></wpt>
<wpt lat="40.763056" lon="-73.968163"><ele>10</ele><time>2026-10-06T15:00:09Z</time></wpt>
<wpt lat="40.763042" lon="-73.968128"><ele>10</ele><time>2026-10-06T15:00:11Z</time></wpt>
<wpt lat="40.763028" lon="-73.968094"><ele>10</ele><time>2026-10-06T15:00:13Z</time></wpt>
<wpt lat="40.763014" lon="-73.968059"><ele>10</ele><time>2026-10-06T15:00:15Z</time></wpt>
<wpt lat="40.762999" lon="-73.968025"><ele>10</ele><time>2026-10-06T15:00:17Z</time></wpt>
<wpt lat="40.762985" lon="-73.967990"><ele>10</ele><time>2026-10-06T15:00:19Z</time></wpt>
<wpt lat="40.762971" lon="-73.967956"><ele>10</ele><time>2026-10-06T15:00:21Z</time></wpt>
<wpt lat="40.762957" lon="-73.967922"><ele>10</ele><time>2026-10-06T15:00:23Z</time></wpt>
<wpt lat="40.762943" lon="-73.967887"><ele>10</ele><time>2026-10-06T15:00:25Z</time></wpt>
<wpt lat="40.762929" lon="-73.967853"><ele>10</ele><time>2026-10-06T15:00:27Z</time></wpt>
<wpt lat="40.762915" lon="-73.967818"><ele>10</ele><time>2026-10-06T15:00:29Z</time></wpt>
<wpt lat="40.762894" lon="-73.967769"><ele>10</ele><time>2026-10-06T15:00:32Z</time></wpt>
<wpt lat="40.762874" lon="-73.967719"><ele>10</ele><time>2026-10-06T15:00:35Z</time></wpt>
<wpt lat="40.762859" lon="-73.967685"><ele>10</ele><time>2026-10-06T15:00:37Z</time></wpt>
<wpt lat="40.762845" lon="-73.967652"><ele>10</ele><time>2026-10-06T15:00:39Z</time></wpt>
<wpt lat="40.762830" lon="-73.967618"><ele>10</ele><time>2026-10-06T15:00:41Z</time></wpt>
<wpt lat="40.762802" lon="-73.967552"><ele>10</ele><time>2026-10-06T15:00:45Z</time></wpt>
<wpt lat="40.762788" lon="-73.967517"><ele>10</ele><time>2026-10-06T15:00:47Z</time></wpt>
<wpt lat="40.762772" lon="-73.967482"><ele>10</ele><time>2026-10-06T15:00:49Z</time></wpt>
<wpt lat="40.762757" lon="-73.967447"><ele>10</ele><time>2026-10-06T15:00:52Z</time></wpt>
<wpt lat="40.762743" lon="-73.967412"><ele>10</ele><time>2026-10-06T15:00:54Z</time></wpt>
<wpt lat="40.762727" lon="-73.967376"><ele>10</ele><time>2026-10-06T15:00:56Z</time></wpt>
<wpt lat="40.762712" lon="-73.967341"><ele>10</ele><time>2026-10-06T15:00:58Z</time></wpt>
<wpt lat="40.762698" lon="-73.967306"><ele>10</ele><time>2026-10-06T15:01:00Z</time></wpt>
<wpt lat="40.762682" lon="-73.967271"><ele>10</ele><time>2026-10-06T15:01:02Z</time></wpt>
<wpt lat="40.762667" lon="-73.967236"><ele>10</ele><time>2026-10-06T15:01:04Z</time></wpt>
<wpt lat="40.762653" lon="-73.967201"><ele>10</ele><time>2026-10-06T15:01:06Z</time></wpt>
<wpt lat="40.762637" lon="-73.967165"><ele>10</ele><time>2026-10-06T15:01:09Z</time></wpt>
<wpt lat="40.762622" lon="-73.967130"><ele>10</ele><time>2026-10-06T15:01:11Z</time></wpt>
<wpt lat="40.762608" lon="-73.967095"><ele>10</ele><time>2026-10-06T15:01:13Z</time></wpt>
<wpt lat="40.762592" lon="-73.967060"><ele>10</ele><time>2026-10-06T15:01:15Z</time></wpt>
<wpt lat="40.762577" lon="-73.967025"><ele>10</ele><time>2026-10-06T15:01:17Z</time></wpt>
<wpt lat="40.762562" lon="-73.966989"><ele>10</ele><time>2026-10-06T15:01:19Z</time></wpt>
<wpt lat="40.762547" lon="-73.966954"><ele>10</ele><time>2026-10-06T15:01:21Z</time></wpt>
<wpt lat="40.762532" lon="-73.966919"><ele>10</ele><time>2026-10-06T15:01:23Z</time></wpt>
<wpt lat="40.762517" lon="-73.966883"><ele>10</ele><time>2026-10-06T15:01:26Z</time></wpt>
<wpt lat="40.762502" lon="-73.966848"><ele>10</ele><time>2026-10-06T15:01:28Z</time></wpt>
<wpt lat="40.762487" lon="-73.966813"><ele>10</ele><time>2026-10-06T15:01:30Z</time></wpt>
<wpt lat="40.762472" lon="-73.966777"><ele>10</ele><time>2026-10-06T15:01:32Z</time></wpt>
<wpt lat="40.762457" lon="-73.966742"><ele>10</ele><time>2026-10-06T15:01:34Z</time></wpt>
<wpt lat="40.762442" lon="-73.966707"><ele>10</ele><time>2026-10-06T15:01:36Z</time></wpt>
<wpt lat="40.762427" lon="-73.966671"><ele>10</ele><time>2026-10-06T15:01:38Z</time></wpt>
<wpt lat="40.762412" lon="-73.966636"><ele>10</ele><time>2026-10-06T15:01:40Z</time></wpt>
<wpt lat="40.762397" lon="-73.966601"><ele>10</ele><time>2026-10-06T15:01:43Z</time></wpt>
<wpt lat="40.762382" lon="-73.966566"><ele>10</ele><time>2026-10-06T15:01:45Z</time></wpt>
<wpt lat="40.762367" lon="-73.966531"><ele>10</ele><time>2026-10-06T15:01:47Z</time></wpt>
<wpt lat="40.762352" lon="-73.966495"><ele>10</ele><time>2026-10-06T15:01:49Z</time></wpt>
<wpt lat="40.762337" lon="-73.966460"><ele>10</ele><time>2026-10-06T15:01:51Z</time></wpt>
<wpt lat="40.762322" lon="-73.966425"><ele>10</ele><time>2026-10-06T15:01:53Z</time></wpt>
<wpt lat="40.762307" lon="-73.966390"><ele>10</ele><time>2026-10-06T15:01:55Z</time></wpt>
<wpt lat="40.762292" lon="-73.966355"><ele>10</ele><time>2026-10-06T15:01:57Z</time></wpt>
<wpt lat="40.762277" lon="-73.966319"><ele>10</ele><time>2026-10-06T15:01:59Z</time></wpt>
<wpt lat="40.762262" lon="-73.966284"><ele>10</ele><time>2026-10-06T15:02:02Z</time></wpt>
<wpt lat="40.762247" lon="-73.966249"><ele>10</ele><time>2026-10-06T15:02:04Z</time></wpt>
<wpt lat="40.762230" lon="-73.966209"><ele>10</ele><time>2026-10-06T15:02:06Z</time></wpt>
<wpt lat="40.762212" lon="-73.966168"><ele>10</ele><time>2026-10-06T15:02:09Z</time></wpt>
<wpt lat="40.762195" lon="-73.966128"><ele>10</ele><time>2026-10-06T15:02:11Z</time></wpt>
<wpt lat="40.762163" lon="-73.966151"><ele>10</ele><time>2026-10-06T15:02:14Z</time></wpt>
<wpt lat="40.762131" lon="-73.966174"><ele>10</ele><time>2026-10-06T15:02:16Z</time></wpt>
<wpt lat="40.762115" lon="-73.966137"><ele>10</ele><time>2026-10-06T15:02:19Z</time></wpt>
<wpt lat="40.762099" lon="-73.966099"><ele>10</ele><time>2026-10-06T15:02:21Z</time></wpt>
<wpt lat="40.762083" lon="-73.966062"><ele>10</ele><time>2026-10-06T15:02:23Z</time></wpt>
<wpt lat="40.762073" lon="-73.966039"><ele>10</ele><time>2026-10-06T15:02:25Z</time></wpt>
<wpt lat="40.762059" lon="-73.966005"><ele>10</ele><time>2026-10-06T15:02:27Z</time></wpt>
<wpt lat="40.762044" lon="-73.965971"><ele>10</ele><time>2026-10-06T15:02:29Z</time></wpt>
<wpt lat="40.762030" lon="-73.965938"><ele>10</ele><time>2026-10-06T15:02:31Z</time></wpt>
<wpt lat="40.762016" lon="-73.965904"><ele>10</ele><time>2026-10-06T15:02:33Z</time></wpt>
<wpt lat="40.762002" lon="-73.965870"><ele>10</ele><time>2026-10-06T15:02:35Z</time></wpt>
<wpt lat="40.761987" lon="-73.965836"><ele>10</ele><time>2026-10-06T15:02:37Z</time></wpt>
<wpt lat="40.761973" lon="-73.965803"><ele>10</ele><time>2026-10-06T15:02:39Z</time></wpt>
<wpt lat="40.761959" lon="-73.965769"><ele>10</ele><time>2026-10-06T15:02:41Z</time></wpt>
<wpt lat="40.761945" lon="-73.965735"><ele>10</ele><time>2026-10-06T15:02:43Z</time></wpt>
<wpt lat="40.761931" lon="-73.965702"><ele>10</ele><time>2026-10-06T15:02:45Z</time></wpt>
<wpt lat="40.761916" lon="-73.965668"><ele>10</ele><time>2026-10-06T15:02:47Z</time></wpt>
<wpt lat="40.761902" lon="-73.965634"><ele>10</ele><time>2026-10-06T15:02:49Z</time></wpt>
<wpt lat="40.761888" lon="-73.965601"><ele>10</ele><time>2026-10-06T15:02:51Z</time></wpt>
<wpt lat="40.761874" lon="-73.965567"><ele>10</ele><time>2026-10-06T15:02:53Z</time></wpt>
<wpt lat="40.761859" lon="-73.965533"><ele>10</ele><time>2026-10-06T15:02:55Z</time></wpt>
<wpt lat="40.761845" lon="-73.965499"><ele>10</ele><time>2026-10-06T15:02:57Z</time></wpt>
<wpt lat="40.761831" lon="-73.965466"><ele>10</ele><time>2026-10-06T15:02:59Z</time></wpt>
<wpt lat="40.761817" lon="-73.965432"><ele>10</ele><time>2026-10-06T15:03:01Z</time></wpt>
<wpt lat="40.761802" lon="-73.965398"><ele>10</ele><time>2026-10-06T15:03:03Z</time></wpt>
<wpt lat="40.761788" lon="-73.965365"><ele>10</ele><time>2026-10-06T15:03:05Z</time></wpt>
<wpt lat="40.761774" lon="-73.965331"><ele>10</ele><time>2026-10-06T15:03:07Z</time></wpt>
<wpt lat="40.761760" lon="-73.965297"><ele>10</ele><time>2026-10-06T15:03:09Z</time></wpt>
<wpt lat="40.761745" lon="-73.965264"><ele>10</ele><time>2026-10-06T15:03:11Z</time></wpt>
<wpt lat="40.761731" lon="-73.965230"><ele>10</ele><time>2026-10-06T15:03:13Z</time></wpt>
<wpt lat="40.761717" lon="-73.965196"><ele>10</ele><time>2026-10-06T15:03:15Z</time></wpt>
<wpt lat="40.761703" lon="-73.965162"><ele>10</ele><time>2026-10-06T15:03:17Z</time></wpt>
<wpt lat="40.761688" lon="-73.965129"><ele>10</ele><time>2026-10-06T15:03:19Z</time></wpt>
<wpt lat="40.761674" lon="-73.965095"><ele>10</ele><time>2026-10-06T15:03:21Z</time></wpt>
<wpt lat="40.761660" lon="-73.965061"><ele>10</ele><time>2026-10-06T15:03:23Z</time></wpt>
<wpt lat="40.761646" lon="-73.965028"><ele>10</ele><time>2026-10-06T15:03:25Z</time></wpt>
<wpt lat="40.761632" lon="-73.964994"><ele>10</ele><time>2026-10-06T15:03:27Z</time></wpt>
<wpt lat="40.761617" lon="-73.964960"><ele>10</ele><time>2026-10-06T15:03:29Z</time></wpt>
<wpt lat="40.761603" lon="-73.964926"><ele>10</ele><time>2026-10-06T15:03:31Z</time></wpt>
<wpt lat="40.761589" lon="-73.964893"><ele>10</ele><time>2026-10-06T15:03:33Z</time></wpt>
<wpt lat="40.761575" lon="-73.964859"><ele>10</ele><time>2026-10-06T15:03:35Z</time></wpt>
<wpt lat="40.761560" lon="-73.964825"><ele>10</ele><time>2026-10-06T15:03:37Z</time></wpt>
<wpt lat="40.761546" lon="-73.964792"><ele>10</ele><time>2026-10-06T15:03:39Z</time></wpt>
<wpt lat="40.761532" lon="-73.964758"><ele>10</ele><time>2026-10-06T15:03:41Z</time></wpt>
<wpt lat="40.761518" lon="-73.964724"><ele>10</ele><time>2026-10-06T15:03:44Z</time></wpt>
<wpt lat="40.761503" lon="-73.964691"><ele>10</ele><time>2026-10-06T15:03:46Z</time></wpt>
<wpt lat="40.761489" lon="-73.964657"><ele>10</ele><time>2026-10-06T15:03:48Z</time></wpt>
<wpt lat="40.761475" lon="-73.964623"><ele>10</ele><time>2026-10-06T15:03:50Z</time></wpt>
<wpt lat="40.761461" lon="-73.964589"><ele>10</ele><time>2026-10-06T15:03:52Z</time></wpt>
<wpt lat="40.761446" lon="-73.964556"><ele>10</ele><time>2026-10-06T15:03:54Z</time></wpt>
<wpt lat="40.761432" lon="-73.964522"><ele>10</ele><time>2026-10-06T15:03:56Z</time></wpt>
<wpt lat="40.761418" lon="-73.964488"><ele>10</ele><time>2026-10-06T15:03:58Z</time></wpt>
<wpt lat="40.761404" lon="-73.964455"><ele>10</ele><time>2026-10-06T15:04:00Z</time></wpt>
<wpt lat="40.761390" lon="-73.964421"><ele>10</ele><time>2026-10-06T15:04:02Z</time></wpt>
<wpt lat="40.761375" lon="-73.964387"><ele>10</ele><time>2026-10-06T15:04:04Z</time></wpt>
<wpt lat="40.761361" lon="-73.964354"><ele>10</ele><time>2026-10-06T15:04:06Z</time></wpt>
<wpt lat="40.761347" lon="-73.964320"><ele>10</ele><time>2026-10-06T15:04:08Z</time></wpt>
<wpt lat="40.761340" lon="-73.964304"><ele>10</ele><time>2026-10-06T15:04:09Z</time></wpt>
<wpt lat="40.761316" lon="-73.964321"><ele>10</ele><time>2026-10-06T15:04:11Z</time></wpt>
<wpt lat="40.761292" lon="-73.964339"><ele>10</ele><time>2026-10-06T15:04:13Z</time></wpt>
<wpt lat="40.761268" lon="-73.964357"><ele>10</ele><time>2026-10-06T15:04:15Z</time></wpt>
<wpt lat="40.761244" lon="-73.964374"><ele>10</ele><time>2026-10-06T15:04:17Z</time></wpt>
<wpt lat="40.761220" lon="-73.964392"><ele>10</ele><time>2026-10-06T15:04:19Z</time></wpt>
<wpt lat="40.761196" lon="-73.964410"><ele>10</ele><time>2026-10-06T15:04:21Z</time></wpt>
<wpt lat="40.761172" lon="-73.964427"><ele>10</ele><time>2026-10-06T15:04:23Z</time></wpt>
<wpt lat="40.761148" lon="-73.964445"><ele>10</ele><time>2026-10-06T15:04:25Z</time></wpt>
<wpt lat="40.761123" lon="-73.964462"><ele>10</ele><time>2026-10-06T15:04:27Z</time></wpt>
<wpt lat="40.761105" lon="-73.964420"><ele>10</ele><time>2026-10-06T15:04:29Z</time></wpt>
<wpt lat="40.761090" lon="-73.964384"><ele>10</ele><time>2026-10-06T15:04:32Z</time></wpt>
<wpt lat="40.761120" lon="-73.964363"><ele>10</ele><time>2026-10-06T15:04:34Z</time></wpt>
<wpt lat="40.761150" lon="-73.964342"><ele>10</ele><time>2026-10-06T15:04:36Z</time></wpt>
<wpt lat="40.761133" lon="-73.964301"><ele>10</ele><time>2026-10-06T15:04:39Z</time></wpt>
<wpt lat="40.761127" lon="-73.964306"><ele>10</ele><time>2026-10-06T15:04:39Z</time></wpt>
<wpt lat="40.761115" lon="-73.964314"><ele>10</ele><time>2026-10-06T15:04:40Z</time></wpt>
<wpt lat="40.761120" lon="-73.964293"><ele>10</ele><time>2026-10-06T15:04:41Z</time></wpt>
<wpt lat="40.761130" lon="-73.964280"><ele>10</ele><time>2026-10-06T15:04:42Z</time></wpt>
<wpt lat="40.761159" lon="-73.964259"><ele>10</ele><time>2026-10-06T15:04:45Z</time></wpt>
<wpt lat="40.761187" lon="-73.964239"><ele>10</ele><time>2026-10-06T15:04:47Z</time></wpt>
<wpt lat="40.761215" lon="-73.964219"><ele>10</ele><time>2026-10-06T15:04:49Z</time></wpt>
<wpt lat="40.761195" lon="-73.964170"><ele>10</ele><time>2026-10-06T15:04:52Z</time></wpt>
<wpt lat="40.761174" lon="-73.964122"><ele>10</ele><time>2026-10-06T15:05:55Z</time></wpt>
<wpt lat="40.761139" lon="-73.964030"><ele>10</ele><time>2026-10-06T15:05:57Z</time></wpt>
<wpt lat="40.761104" lon="-73.963939"><ele>10</ele><time>2026-10-06T15:05:59Z</time></wpt>
<wpt lat="40.761069" lon="-73.963847"><ele>10</ele><time>2026-10-06T15:06:01Z</time></wpt>
<wpt lat="40.761034" lon="-73.963756"><ele>10</ele><time>2026-10-06T15:06:03Z</time></wpt>
<wpt lat="40.760999" lon="-73.963664"><ele>10</ele><time>2026-10-06T15:06:05Z</time></wpt>
<wpt lat="40.760964" lon="-73.963572"><ele>10</ele><time>2026-10-06T15:06:07Z</time></wpt>
<wpt lat="40.760929" lon="-73.963481"><ele>10</ele><time>2026-10-06T15:06:09Z</time></wpt>
<wpt lat="40.760894" lon="-73.963389"><ele>10</ele><time>2026-10-06T15:06:11Z</time></wpt>
<wpt lat="40.760859" lon="-73.963297"><ele>10</ele><time>2026-10-06T15:06:13Z</time></wpt>
<wpt lat="40.760824" lon="-73.963206"><ele>10</ele><time>2026-10-06T15:06:15Z</time></wpt>
<wpt lat="40.760789" lon="-73.963114"><ele>10</ele><time>2026-10-06T15:06:17Z</time></wpt>
<wpt lat="40.760754" lon="-73.963023"><ele>10</ele><time>2026-10-06T15:06:19Z</time></wpt>
<wpt lat="40.760719" lon="-73.962931"><ele>10</ele><time>2026-10-06T15:06:21Z</time></wpt>
<wpt lat="40.760684" lon="-73.962839"><ele>10</ele><time>2026-10-06T15:06:23Z</time></wpt>
<wpt lat="40.760649" lon="-73.962748"><ele>10</ele><time>2026-10-06T15:06:25Z</time></wpt>
<wpt lat="40.760613" lon="-73.962656"><ele>10</ele><time>2026-10-06T15:06:28Z</time></wpt>
<wpt lat="40.760578" lon="-73.962565"><ele>10</ele><time>2026-10-06T15:06:30Z</time></wpt>
<wpt lat="40.760543" lon="-73.962473"><ele>10</ele><time>2026-10-06T15:06:32Z</time></wpt>
<wpt lat="40.760508" lon="-73.962381"><ele>10</ele><time>2026-10-06T15:06:34Z</time></wpt>
<wpt lat="40.760473" lon="-73.962290"><ele>52</ele><time>2026-10-06T15:06:36Z</time></wpt>
<wpt lat="40.760436" lon="-73.962199"><ele>52</ele><time>2026-10-06T15:06:38Z</time></wpt>
<wpt lat="40.760400" lon="-73.962108"><ele>52</ele><time>2026-10-06T15:06:40Z</time></wpt>
<wpt lat="40.760363" lon="-73.962018"><ele>52</ele><time>2026-10-06T15:06:42Z</time></wpt>
<wpt lat="40.760326" lon="-73.961927"><ele>52</ele><time>2026-10-06T15:06:44Z</time></wpt>
<wpt lat="40.760290" lon="-73.961836"><ele>52</ele><time>2026-10-06T15:06:46Z</time></wpt>
<wpt lat="40.760253" lon="-73.961746"><ele>52</ele><time>2026-10-06T15:06:48Z</time></wpt>
<wpt lat="40.760216" lon="-73.961655"><ele>52</ele><time>2026-10-06T15:06:50Z</time></wpt>
<wpt lat="40.760179" lon="-73.961564"><ele>52</ele><time>2026-10-06T15:06:52Z</time></wpt>
<wpt lat="40.760143" lon="-73.961474"><ele>52</ele><time>2026-10-06T15:06:54Z</time></wpt>
<wpt lat="40.760106" lon="-73.961383"><ele>52</ele><time>2026-10-06T15:06:56Z</time></wpt>
<wpt lat="40.760069" lon="-73.961292"><ele>52</ele><time>2026-10-06T15:06:58Z</time></wpt>
<wpt lat="40.760033" lon="-73.961202"><ele>52</ele><time>2026-10-06T15:07:00Z</time></wpt>
<wpt lat="40.759996" lon="-73.961111"><ele>52</ele><time>2026-10-06T15:07:02Z</time></wpt>
<wpt lat="40.759959" lon="-73.961020"><ele>52</ele><time>2026-10-06T15:07:04Z</time></wpt>
<wpt lat="40.759922" lon="-73.960930"><ele>52</ele><time>2026-10-06T15:07:06Z</time></wpt>
<wpt lat="40.759886" lon="-73.960839"><ele>52</ele><time>2026-10-06T15:07:08Z</time></wpt>
<wpt lat="40.759849" lon="-73.960748"><ele>52</ele><time>2026-10-06T15:07:10Z</time></wpt>
<wpt lat="40.759812" lon="-73.960658"><ele>52</ele><time>2026-10-06T15:07:12Z</time></wpt>
<wpt lat="40.759775" lon="-73.960567"><ele>52</ele><time>2026-10-06T15:07:14Z</time></wpt>
<wpt lat="40.759739" lon="-73.960476"><ele>52</ele><time>2026-10-06T15:07:16Z</time></wpt>
<wpt lat="40.759702" lon="-73.960386"><ele>52</ele><time>2026-10-06T15:07:18Z</time></wpt>
<wpt lat="40.759665" lon="-73.960295"><ele>52</ele><time>2026-10-06T15:07:20Z</time></wpt>
<wpt lat="40.759629" lon="-73.960204"><ele>52</ele><time>2026-10-06T15:07:22Z</time></wpt>
<wpt lat="40.759592" lon="-73.960114"><ele>52</ele><time>2026-10-06T15:07:24Z</time></wpt>
<wpt lat="40.759555" lon="-73.960023"><ele>52</ele><time>2026-10-06T15:07:26Z</time></wpt>
<wpt lat="40.759518" lon="-73.959932"><ele>52</ele><time>2026-10-06T15:07:28Z</time></wpt>
<wpt lat="40.759482" lon="-73.959842"><ele>52</ele><time>2026-10-06T15:07:30Z</time></wpt>
<wpt lat="40.759445" lon="-73.959751"><ele>52</ele><time>2026-10-06T15:07:32Z</time></wpt>
<wpt lat="40.759408" lon="-73.959660"><ele>52</ele><time>2026-10-06T15:07:34Z</time></wpt>
<wpt lat="40.759371" lon="-73.959570"><ele>52</ele><time>2026-10-06T15:07:36Z</time></wpt>
<wpt lat="40.759335" lon="-73.959479"><ele>52</ele><time>2026-10-06T15:07:38Z</time></wpt>
<wpt lat="40.759298" lon="-73.959389"><ele>52</ele><time>2026-10-06T15:07:40Z</time></wpt>
<wpt lat="40.759261" lon="-73.959298"><ele>52</ele><time>2026-10-06T15:07:42Z</time></wpt>
<wpt lat="40.759225" lon="-73.959207"><ele>52</ele><time>2026-10-06T15:07:44Z</time></wpt>
<wpt lat="40.759188" lon="-73.959117"><ele>52</ele><time>2026-10-06T15:07:46Z</time></wpt>
<wpt lat="40.759151" lon="-73.959026"><ele>52</ele><time>2026-10-06T15:07:48Z</time></wpt>
<wpt lat="40.759114" lon="-73.958935"><ele>70</ele><time>2026-10-06T15:07:50Z</time></wpt>
<wpt lat="40.759080" lon="-73.958841"><ele>70</ele><time>2026-10-06T15:07:52Z</time></wpt>
<wpt lat="40.759045" lon="-73.958747"><ele>70</ele><time>2026-10-06T15:07:54Z</time></wpt>
<wpt lat="40.759011" lon="-73.958653"><ele>70</ele><time>2026-10-06T15:07:56Z</time></wpt>
<wpt lat="40.758976" lon="-73.958559"><ele>70</ele><time>2026-10-06T15:07:59Z</time></wpt>
<wpt lat="40.758942" lon="-73.958465"><ele>70</ele><time>2026-10-06T15:08:01Z</time></wpt>
<wpt lat="40.758907" lon="-73.958371"><ele>70</ele><time>2026-10-06T15:08:03Z</time></wpt>
<wpt lat="40.758873" lon="-73.958277"><ele>70</ele><time>2026-10-06T15:08:05Z</time></wpt>
<wpt lat="40.758838" lon="-73.958183"><ele>70</ele><time>2026-10-06T15:08:07Z</time></wpt>
<wpt lat="40.758804" lon="-73.958090"><ele>70</ele><time>2026-10-06T15:08:09Z</time></wpt>
<wpt lat="40.758769" lon="-73.957996"><ele>70</ele><time>2026-10-06T15:08:11Z</time></wpt>
<wpt lat="40.758735" lon="-73.957902"><ele>70</ele><time>2026-10-06T15:08:13Z</time></wpt>
<wpt lat="40.758700" lon="-73.957808"><ele>70</ele><time>2026-10-06T15:08:15Z</time></wpt>
<wpt lat="40.758666" lon="-73.957714"><ele>70</ele><time>2026-10-06T15:08:17Z</time></wpt>
<wpt lat="40.758632" lon="-73.957620"><ele>70</ele><time>2026-10-06T15:08:19Z</time></wpt>
<wpt lat="40.758597" lon="-73.957526"><ele>70</ele><time>2026-10-06T15:08:21Z</time></wpt>
<wpt lat="40.758563" lon="-73.957432"><ele>70</ele><time>2026-10-06T15:08:23Z</time></wpt>
<wpt lat="40.758528" lon="-73.957338"><ele>70</ele><time>2026-10-06T15:08:25Z</time></wpt>
<wpt lat="40.758494" lon="-73.957244"><ele>70</ele><time>2026-10-06T15:08:27Z</time></wpt>
<wpt lat="40.758459" lon="-73.957150"><ele>70</ele><time>2026-10-06T15:08:29Z</time></wpt>
<wpt lat="40.758425" lon="-73.957056"><ele>70</ele><time>2026-10-06T15:08:31Z</time></wpt>
<wpt lat="40.758390" lon="-73.956962"><ele>70</ele><time>2026-10-06T15:08:33Z</time></wpt>
<wpt lat="40.758356" lon="-73.956868"><ele>70</ele><time>2026-10-06T15:08:35Z</time></wpt>
<wpt lat="40.758321" lon="-73.956774"><ele>70</ele><time>2026-10-06T15:08:37Z</time></wpt>
<wpt lat="40.758287" lon="-73.956680"><ele>70</ele><time>2026-10-06T15:08:39Z</time></wpt>
<wpt lat="40.758252" lon="-73.956586"><ele>70</ele><time>2026-10-06T15:08:42Z</time></wpt>
<wpt lat="40.758218" lon="-73.956492"><ele>70</ele><time>2026-10-06T15:08:44Z</time></wpt>
<wpt lat="40.758183" lon="-73.956398"><ele>70</ele><time>2026-10-06T15:08:46Z</time></wpt>
<wpt lat="40.758149" lon="-73.956304"><ele>70</ele><time>2026-10-06T15:08:48Z</time></wpt>
<wpt lat="40.758114" lon="-73.956210"><ele>70</ele><time>2026-10-06T15:08:50Z</time></wpt>
<wpt lat="40.758080" lon="-73.956116"><ele>70</ele><time>2026-10-06T15:08:52Z</time></wpt>
<wpt lat="40.758045" lon="-73.956022"><ele>70</ele><time>2026-10-06T15:08:54Z</time></wpt>
<wpt lat="40.758011" lon="-73.955928"><ele>70</ele><time>2026-10-06T15:08:56Z</time></wpt>
<wpt lat="40.757976" lon="-73.955834"><ele>70</ele><time>2026-10-06T15:08:58Z</time></wpt>
<wpt lat="40.757942" lon="-73.955740"><ele>70</ele><time>2026-10-06T15:09:00Z</time></wpt>
<wpt lat="40.757907" lon="-73.955646"><ele>70</ele><time>2026-10-06T15:09:02Z</time></wpt>
<wpt lat="40.757873" lon="-73.955552"><ele>70</ele><time>2026-10-06T15:09:04Z</time></wpt>
<wpt lat="40.757838" lon="-73.955458"><ele>70</ele><time>2026-10-06T15:09:06Z</time></wpt>
<wpt lat="40.757804" lon="-73.955364"><ele>70</ele><time>2026-10-06T15:09:08Z</time></wpt>
<wpt lat="40.757769" lon="-73.955271"><ele>70</ele><time>2026-10-06T15:09:10Z</time></wpt>
<wpt lat="40.757735" lon="-73.955177"><ele>70</ele><time>2026-10-06T15:09:12Z</time></wpt>
<wpt lat="40.757700" lon="-73.955083"><ele>52</ele><time>2026-10-06T15:09:14Z</time></wpt>
<wpt lat="40.757664" lon="-73.954989"><ele>52</ele><time>2026-10-06T15:09:16Z</time></wpt>
<wpt lat="40.757627" lon="-73.954895"><ele>52</ele><time>2026-10-06T15:09:18Z</time></wpt>
<wpt lat="40.757591" lon="-73.954801"><ele>52</ele><time>2026-10-06T15:09:20Z</time></wpt>
<wpt lat="40.757554" lon="-73.954708"><ele>52</ele><time>2026-10-06T15:09:23Z</time></wpt>
<wpt lat="40.757518" lon="-73.954614"><ele>52</ele><time>2026-10-06T15:09:25Z</time></wpt>
<wpt lat="40.757481" lon="-73.954520"><ele>52</ele><time>2026-10-06T15:09:27Z</time></wpt>
<wpt lat="40.757445" lon="-73.954426"><ele>52</ele><time>2026-10-06T15:09:29Z</time></wpt>
<wpt lat="40.757408" lon="-73.954333"><ele>52</ele><time>2026-10-06T15:09:31Z</time></wpt>
<wpt lat="40.757441" lon="-73.954192"><ele>10</ele><time>2026-10-06T15:09:33Z</time></wpt>
<wpt lat="40.757455" lon="-73.954226"><ele>10</ele><time>2026-10-06T15:09:35Z</time></wpt>
<wpt lat="40.757468" lon="-73.954261"><ele>10</ele><time>2026-10-06T15:09:37Z</time></wpt>
<wpt lat="40.757481" lon="-73.954295"><ele>10</ele><time>2026-10-06T15:09:39Z</time></wpt>
<wpt lat="40.757494" lon="-73.954329"><ele>10</ele><time>2026-10-06T15:09:41Z</time></wpt>
<wpt lat="40.757512" lon="-73.954375"><ele>10</ele><time>2026-10-06T15:09:44Z</time></wpt>
<wpt lat="40.757539" lon="-73.954358"><ele>10</ele><time>2026-10-06T15:09:46Z</time></wpt>
<wpt lat="40.757567" lon="-73.954341"><ele>10</ele><time>2026-10-06T15:09:48Z</time></wpt>
<wpt lat="40.757584" lon="-73.954386"><ele>10</ele><time>2026-10-06T15:09:51Z</time></wpt>
<wpt lat="40.757602" lon="-73.954430"><ele>10</ele><time>2026-10-06T15:09:53Z</time></wpt>
<wpt lat="40.757619" lon="-73.954475"><ele>10</ele><time>2026-10-06T15:09:56Z</time></wpt>
<wpt lat="40.757634" lon="-73.954513"><ele>10</ele><time>2026-10-06T15:09:58Z</time></wpt>
<wpt lat="40.757649" lon="-73.954551"><ele>10</ele><time>2026-10-06T15:10:00Z</time></wpt>
<wpt lat="40.757664" lon="-73.954589"><ele>10</ele><time>2026-10-06T15:10:03Z</time></wpt>
<wpt lat="40.757679" lon="-73.954628"><ele>10</ele><time>2026-10-06T15:10:05Z</time></wpt>
<wpt lat="40.757694" lon="-73.954666"><ele>10</ele><time>2026-10-06T15:10:07Z</time></wpt>
<wpt lat="40.757709" lon="-73.954704"><ele>10</ele><time>2026-10-06T15:10:09Z</time></wpt>
<wpt lat="40.757714" lon="-73.954721"><ele>10</ele><time>2026-10-06T15:10:10Z</time></wpt>
<wpt lat="40.757730" lon="-73.954711"><ele>10</ele><time>2026-10-06T15:10:12Z</time></wpt>
<wpt lat="40.757756" lon="-73.954696"><ele>10</ele><time>2026-10-06T15:10:14Z</time></wpt>
<wpt lat="40.757782" lon="-73.954680"><ele>10</ele><time>2026-10-06T15:10:16Z</time></wpt>
<wpt lat="40.757830" lon="-73.954652"><ele>10</ele><time>2026-10-06T15:10:20Z</time></wpt>
<wpt lat="40.757849" lon="-73.954640"><ele>10</ele><time>2026-10-06T15:10:21Z</time></wpt>
<wpt lat="40.757861" lon="-73.954661"><ele>10</ele><time>2026-10-06T15:10:23Z</time></wpt>
<wpt lat="40.757902" lon="-73.954692"><ele>10</ele><time>2026-10-06T15:10:26Z</time></wpt>
<wpt lat="40.757929" lon="-73.954697"><ele>10</ele><time>2026-10-06T15:10:28Z</time></wpt>
<wpt lat="40.757956" lon="-73.954702"><ele>10</ele><time>2026-10-06T15:10:30Z</time></wpt>
<wpt lat="40.757983" lon="-73.954692"><ele>10</ele><time>2026-10-06T15:10:32Z</time></wpt>
<wpt lat="40.758010" lon="-73.954682"><ele>10</ele><time>2026-10-06T15:10:34Z</time></wpt>
<wpt lat="40.758034" lon="-73.954663"><ele>10</ele><time>2026-10-06T15:10:36Z</time></wpt>
<wpt lat="40.758058" lon="-73.954644"><ele>10</ele><time>2026-10-06T15:10:38Z</time></wpt>
<wpt lat="40.758083" lon="-73.954625"><ele>10</ele><time>2026-10-06T15:10:40Z</time></wpt>
<wpt lat="40.758107" lon="-73.954606"><ele>10</ele><time>2026-10-06T15:10:42Z</time></wpt>
<wpt lat="40.758131" lon="-73.954587"><ele>10</ele><time>2026-10-06T15:10:44Z</time></wpt>
<wpt lat="40.758156" lon="-73.954568"><ele>10</ele><time>2026-10-06T15:10:46Z</time></wpt>
<wpt lat="40.758180" lon="-73.954549"><ele>10</ele><time>2026-10-06T15:10:48Z</time></wpt>
<wpt lat="40.758204" lon="-73.954529"><ele>10</ele><time>2026-10-06T15:10:51Z</time></wpt>
<wpt lat="40.758228" lon="-73.954511"><ele>10</ele><time>2026-10-06T15:10:53Z</time></wpt>
<wpt lat="40.758252" lon="-73.954492"><ele>10</ele><time>2026-10-06T15:10:55Z</time></wpt>
<wpt lat="40.758276" lon="-73.954473"><ele>10</ele><time>2026-10-06T15:10:57Z</time></wpt>
<wpt lat="40.758301" lon="-73.954454"><ele>10</ele><time>2026-10-06T15:10:59Z</time></wpt>
<wpt lat="40.758325" lon="-73.954435"><ele>10</ele><time>2026-10-06T15:11:01Z</time></wpt>
<wpt lat="40.758349" lon="-73.954417"><ele>10</ele><time>2026-10-06T15:11:03Z</time></wpt>
<wpt lat="40.758373" lon="-73.954398"><ele>10</ele><time>2026-10-06T15:11:05Z</time></wpt>
<wpt lat="40.758397" lon="-73.954379"><ele>10</ele><time>2026-10-06T15:11:07Z</time></wpt>
<wpt lat="40.758421" lon="-73.954355"><ele>10</ele><time>2026-10-06T15:11:09Z</time></wpt>
<wpt lat="40.758446" lon="-73.954332"><ele>10</ele><time>2026-10-06T15:11:11Z</time></wpt>
<wpt lat="40.758470" lon="-73.954308"><ele>10</ele><time>2026-10-06T15:11:13Z</time></wpt>
<wpt lat="40.758495" lon="-73.954285"><ele>10</ele><time>2026-10-06T15:11:15Z</time></wpt>
<wpt lat="40.758519" lon="-73.954261"><ele>10</ele><time>2026-10-06T15:11:18Z</time></wpt>
<wpt lat="40.758544" lon="-73.954238"><ele>10</ele><time>2026-10-06T15:11:20Z</time></wpt>
<wpt lat="40.758568" lon="-73.954214"><ele>10</ele><time>2026-10-06T15:11:22Z</time></wpt>
<wpt lat="40.758592" lon="-73.954191"><ele>10</ele><time>2026-10-06T15:11:24Z</time></wpt>
<wpt lat="40.758615" lon="-73.954169"><ele>10</ele><time>2026-10-06T15:11:26Z</time></wpt>
<wpt lat="40.758638" lon="-73.954146"><ele>10</ele><time>2026-10-06T15:11:28Z</time></wpt>
<wpt lat="40.758661" lon="-73.954124"><ele>10</ele><time>2026-10-06T15:11:30Z</time></wpt>
<wpt lat="40.758684" lon="-73.954101"><ele>10</ele><time>2026-10-06T15:11:32Z</time></wpt>
<wpt lat="40.758707" lon="-73.954079"><ele>10</ele><time>2026-10-06T15:11:34Z</time></wpt>
<wpt lat="40.758730" lon="-73.954056"><ele>10</ele><time>2026-10-06T15:11:36Z</time></wpt>
<wpt lat="40.758753" lon="-73.954032"><ele>10</ele><time>2026-10-06T15:11:39Z</time></wpt>
<wpt lat="40.758776" lon="-73.954008"><ele>10</ele><time>2026-10-06T15:11:41Z</time></wpt>
<wpt lat="40.758799" lon="-73.953984"><ele>10</ele><time>2026-10-06T15:11:43Z</time></wpt>
<wpt lat="40.758822" lon="-73.953960"><ele>10</ele><time>2026-10-06T15:11:45Z</time></wpt>
<wpt lat="40.758841" lon="-73.953929"><ele>10</ele><time>2026-10-06T15:11:47Z</time></wpt>
<wpt lat="40.758860" lon="-73.953899"><ele>10</ele><time>2026-10-06T15:11:49Z</time></wpt>
<wpt lat="40.758879" lon="-73.953868"><ele>10</ele><time>2026-10-06T15:11:51Z</time></wpt>
<wpt lat="40.758899" lon="-73.953837"><ele>10</ele><time>2026-10-06T15:11:53Z</time></wpt>
<wpt lat="40.758914" lon="-73.953802"><ele>10</ele><time>2026-10-06T15:11:55Z</time></wpt>
<wpt lat="40.758930" lon="-73.953767"><ele>10</ele><time>2026-10-06T15:11:58Z</time></wpt>
<wpt lat="40.758946" lon="-73.953731"><ele>10</ele><time>2026-10-06T15:12:00Z</time></wpt>
<wpt lat="40.758962" lon="-73.953696"><ele>10</ele><time>2026-10-06T15:12:02Z</time></wpt>
<wpt lat="40.758969" lon="-73.953700"><ele>10</ele><time>2026-10-06T15:12:03Z</time></wpt>
<wpt lat="40.758975" lon="-73.953705"><ele>10</ele><time>2026-10-06T15:12:03Z</time></wpt>
<wpt lat="40.759015" lon="-73.953733"><ele>10</ele><time>2026-10-06T15:12:06Z</time></wpt>
<wpt lat="40.759032" lon="-73.953699"><ele>10</ele><time>2026-10-06T15:12:08Z</time></wpt>
<wpt lat="40.759048" lon="-73.953665"><ele>10</ele><time>2026-10-06T15:12:11Z</time></wpt>
<wpt lat="40.759070" lon="-73.953624"><ele>10</ele><time>2026-10-06T15:12:13Z</time></wpt>
<wpt lat="40.759099" lon="-73.953586"><ele>10</ele><time>2026-10-06T15:12:16Z</time></wpt>
<wpt lat="40.759130" lon="-73.953560"><ele>10</ele><time>2026-10-06T15:12:19Z</time></wpt>
<wpt lat="40.759155" lon="-73.953541"><ele>10</ele><time>2026-10-06T15:12:21Z</time></wpt>
<wpt lat="40.759180" lon="-73.953522"><ele>10</ele><time>2026-10-06T15:12:23Z</time></wpt>
<wpt lat="40.759205" lon="-73.953504"><ele>10</ele><time>2026-10-06T15:12:25Z</time></wpt>
<wpt lat="40.759230" lon="-73.953485"><ele>10</ele><time>2026-10-06T15:12:27Z</time></wpt>
<wpt lat="40.759254" lon="-73.953466"><ele>10</ele><time>2026-10-06T15:12:29Z</time></wpt>
<wpt lat="40.759279" lon="-73.953447"><ele>10</ele><time>2026-10-06T15:12:31Z</time></wpt>
<wpt lat="40.759304" lon="-73.953428"><ele>10</ele><time>2026-10-06T15:12:33Z</time></wpt>
<wpt lat="40.759329" lon="-73.953410"><ele>10</ele><time>2026-10-06T15:12:35Z</time></wpt>
<wpt lat="40.759367" lon="-73.953380"><ele>10</ele><time>2026-10-06T15:12:39Z</time></wpt>
<wpt lat="40.759393" lon="-73.953357"><ele>10</ele><time>2026-10-06T15:12:41Z</time></wpt>
<wpt lat="40.759418" lon="-73.953334"><ele>10</ele><time>2026-10-06T15:12:43Z</time></wpt>
<wpt lat="40.759438" lon="-73.953366"><ele>10</ele><time>2026-10-06T15:12:45Z</time></wpt>
<wpt lat="40.759441" lon="-73.953371"><ele>10</ele><time>2026-10-06T15:12:46Z</time></wpt>
<wpt lat="40.759463" lon="-73.953347"><ele>10</ele><time>2026-10-06T15:12:48Z</time></wpt>
<wpt lat="40.759485" lon="-73.953324"><ele>10</ele><time>2026-10-06T15:12:50Z</time></wpt>
<wpt lat="40.759507" lon="-73.953300"><ele>10</ele><time>2026-10-06T15:12:52Z</time></wpt>
<wpt lat="40.759529" lon="-73.953276"><ele>10</ele><time>2026-10-06T15:12:54Z</time></wpt>
<wpt lat="40.759551" lon="-73.953252"><ele>10</ele><time>2026-10-06T15:12:56Z</time></wpt>
<wpt lat="40.759573" lon="-73.953228"><ele>10</ele><time>2026-10-06T15:12:58Z</time></wpt>
<wpt lat="40.759595" lon="-73.953204"><ele>10</ele><time>2026-10-06T15:13:00Z</time></wpt>
<wpt lat="40.759617" lon="-73.953180"><ele>10</ele><time>2026-10-06T15:13:02Z</time></wpt>
<wpt lat="40.759639" lon="-73.953156"><ele>10</ele><time>2026-10-06T15:13:04Z</time></wpt>
<wpt lat="40.759661" lon="-73.953132"><ele>10</ele><time>2026-10-06T15:13:06Z</time></wpt>
<wpt lat="40.759683" lon="-73.953108"><ele>10</ele><time>2026-10-06T15:13:08Z</time></wpt>
<wpt lat="40.759705" lon="-73.953084"><ele>10</ele><time>2026-10-06T15:13:10Z</time></wpt>
<wpt lat="40.759728" lon="-73.953055"><ele>10</ele><time>2026-10-06T15:13:12Z</time></wpt>
<wpt lat="40.759751" lon="-73.953027"><ele>10</ele><time>2026-10-06T15:13:15Z</time></wpt>
<wpt lat="40.759774" lon="-73.952998"><ele>10</ele><time>2026-10-06T15:13:17Z</time></wpt>
<wpt lat="40.759797" lon="-73.952969"><ele>10</ele><time>2026-10-06T15:13:19Z</time></wpt>
<wpt lat="40.759820" lon="-73.952941"><ele>10</ele><time>2026-10-06T15:13:21Z</time></wpt>
<wpt lat="40.759843" lon="-73.952974"><ele>10</ele><time>2026-10-06T15:13:24Z</time></wpt>
<wpt lat="40.759865" lon="-73.953007"><ele>10</ele><time>2026-10-06T15:13:26Z</time></wpt>
<wpt lat="40.759894" lon="-73.952972"><ele>10</ele><time>2026-10-06T15:13:29Z</time></wpt>
<wpt lat="40.759922" lon="-73.952938"><ele>10</ele><time>2026-10-06T15:13:32Z</time></wpt>
<wpt lat="40.759958" lon="-73.952957"><ele>10</ele><time>2026-10-06T15:13:34Z</time></wpt>
<wpt lat="40.759982" lon="-73.952930"><ele>10</ele><time>2026-10-06T15:13:37Z</time></wpt>
<wpt lat="40.760005" lon="-73.952905"><ele>10</ele><time>2026-10-06T15:13:39Z</time></wpt>
<wpt lat="40.760027" lon="-73.952881"><ele>10</ele><time>2026-10-06T15:13:41Z</time></wpt>
<wpt lat="40.760050" lon="-73.952856"><ele>10</ele><time>2026-10-06T15:13:43Z</time></wpt>
<wpt lat="40.760072" lon="-73.952831"><ele>10</ele><time>2026-10-06T15:13:45Z</time></wpt>
<wpt lat="40.760095" lon="-73.952807"><ele>10</ele><time>2026-10-06T15:13:47Z</time></wpt>
<wpt lat="40.760118" lon="-73.952782"><ele>10</ele><time>2026-10-06T15:13:49Z</time></wpt>
<wpt lat="40.760140" lon="-73.952757"><ele>10</ele><time>2026-10-06T15:13:51Z</time></wpt>
<wpt lat="40.760163" lon="-73.952733"><ele>10</ele><time>2026-10-06T15:13:54Z</time></wpt>
<wpt lat="40.760186" lon="-73.952708"><ele>10</ele><time>2026-10-06T15:13:56Z</time></wpt>
<wpt lat="40.760197" lon="-73.952698"><ele>10</ele><time>2026-10-06T15:13:57Z</time></wpt>
<wpt lat="40.760222" lon="-73.952676"><ele>10</ele><time>2026-10-06T15:13:59Z</time></wpt>
<wpt lat="40.760248" lon="-73.952653"><ele>10</ele><time>2026-10-06T15:14:01Z</time></wpt>
<wpt lat="40.760281" lon="-73.952622"><ele>10</ele><time>2026-10-06T15:14:04Z</time></wpt>
<wpt lat="40.760314" lon="-73.952590"><ele>10</ele><time>2026-10-06T15:14:07Z</time></wpt>
<wpt lat="40.760337" lon="-73.952568"><ele>10</ele><time>2026-10-06T15:14:09Z</time></wpt>
<wpt lat="40.760360" lon="-73.952546"><ele>10</ele><time>2026-10-06T15:14:11Z</time></wpt>
<wpt lat="40.760382" lon="-73.952524"><ele>10</ele><time>2026-10-06T15:14:13Z</time></wpt>
<wpt lat="40.760407" lon="-73.952500"><ele>10</ele><time>2026-10-06T15:14:15Z</time></wpt>
<wpt lat="40.760431" lon="-73.952475"><ele>10</ele><time>2026-10-06T15:14:17Z</time></wpt>
<wpt lat="40.760456" lon="-73.952450"><ele>10</ele><time>2026-10-06T15:14:20Z</time></wpt>
<wpt lat="40.760480" lon="-73.952425"><ele>10</ele><time>2026-10-06T15:14:22Z</time></wpt>
<wpt lat="40.760505" lon="-73.952400"><ele>10</ele><time>2026-10-06T15:14:24Z</time></wpt>
<wpt lat="40.760529" lon="-73.952375"><ele>10</ele><time>2026-10-06T15:14:26Z</time></wpt>
<wpt lat="40.760554" lon="-73.952350"><ele>10</ele><time>2026-10-06T15:14:29Z</time></wpt>
<wpt lat="40.760578" lon="-73.952325"><ele>10</ele><time>2026-10-06T15:14:31Z</time></wpt>
<wpt lat="40.760603" lon="-73.952300"><ele>10</ele><time>2026-10-06T15:14:33Z</time></wpt>
<wpt lat="40.760627" lon="-73.952275"><ele>10</ele><time>2026-10-06T15:14:35Z</time></wpt>
<wpt lat="40.760652" lon="-73.952250"><ele>10</ele><time>2026-10-06T15:14:37Z</time></wpt>
<wpt lat="40.760676" lon="-73.952225"><ele>10</ele><time>2026-10-06T15:14:40Z</time></wpt>
<wpt lat="40.760700" lon="-73.952200"><ele>10</ele><time>2026-10-06T15:14:42Z</time></wpt>
<wpt lat="40.760727" lon="-73.952171"><ele>10</ele><time>2026-10-06T15:14:44Z</time></wpt>
<wpt lat="40.760753" lon="-73.952143"><ele>10</ele><time>2026-10-06T15:14:47Z</time></wpt>
<wpt lat="40.760779" lon="-73.952114"><ele>10</ele><time>2026-10-06T15:14:49Z</time></wpt>
<wpt lat="40.760805" lon="-73.952085"><ele>10</ele><time>2026-10-06T15:14:52Z</time></wpt>
<wpt lat="40.760830" lon="-73.952063"><ele>10</ele><time>2026-10-06T15:14:54Z</time></wpt>
<wpt lat="40.760856" lon="-73.952040"><ele>10</ele><time>2026-10-06T15:14:56Z</time></wpt>
<wpt lat="40.760881" lon="-73.952017"><ele>10</ele><time>2026-10-06T15:14:58Z</time></wpt>
<wpt lat="40.760908" lon="-73.952000"><ele>10</ele><time>2026-10-06T15:15:00Z</time></wpt>
<wpt lat="40.760935" lon="-73.951983"><ele>10</ele><time>2026-10-06T15:15:03Z</time></wpt>
<wpt lat="40.760967" lon="-73.951966"><ele>10</ele><time>2026-10-06T15:15:05Z</time></wpt>
<wpt lat="40.760999" lon="-73.951949"><ele>10</ele><time>2026-10-06T15:15:08Z</time></wpt>
<wpt lat="40.761030" lon="-73.951933"><ele>10</ele><time>2026-10-06T15:15:10Z</time></wpt>
<wpt lat="40.761056" lon="-73.951919"><ele>10</ele><time>2026-10-06T15:15:12Z</time></wpt>
<wpt lat="40.761082" lon="-73.951905"><ele>10</ele><time>2026-10-06T15:15:14Z</time></wpt>
<wpt lat="40.761107" lon="-73.951892"><ele>10</ele><time>2026-10-06T15:15:16Z</time></wpt>
<wpt lat="40.761133" lon="-73.951878"><ele>10</ele><time>2026-10-06T15:15:18Z</time></wpt>
<wpt lat="40.761159" lon="-73.951864"><ele>10</ele><time>2026-10-06T15:15:20Z</time></wpt>
<wpt lat="40.761184" lon="-73.951851"><ele>10</ele><time>2026-10-06T15:15:22Z</time></wpt>
<wpt lat="40.761210" lon="-73.951837"><ele>10</ele><time>2026-10-06T15:15:24Z</time></wpt>
<wpt lat="40.761236" lon="-73.951823"><ele>10</ele><time>2026-10-06T15:15:26Z</time></wpt>
<wpt lat="40.761261" lon="-73.951810"><ele>10</ele><time>2026-10-06T15:15:28Z</time></wpt>
<wpt lat="40.761287" lon="-73.951796"><ele>10</ele><time>2026-10-06T15:15:30Z</time></wpt>
<wpt lat="40.761295" lon="-73.951792"><ele>10</ele><time>2026-10-06T15:15:31Z</time></wpt>
<wpt lat="40.761327" lon="-73.951776"><ele>10</ele><time>2026-10-06T15:15:33Z</time></wpt>
<wpt lat="40.761359" lon="-73.951760"><ele>10</ele><time>2026-10-06T15:15:36Z</time></wpt>
<wpt lat="40.761390" lon="-73.951744"><ele>10</ele><time>2026-10-06T15:15:38Z</time></wpt>
<wpt lat="40.761422" lon="-73.951729"><ele>10</ele><time>2026-10-06T15:15:41Z</time></wpt>
<wpt lat="40.761451" lon="-73.951712"><ele>10</ele><time>2026-10-06T15:15:43Z</time></wpt>
<wpt lat="40.761481" lon="-73.951696"><ele>10</ele><time>2026-10-06T15:15:46Z</time></wpt>
<wpt lat="40.761510" lon="-73.951679"><ele>10</ele><time>2026-10-06T15:15:48Z</time></wpt>
<wpt lat="40.761536" lon="-73.951665"><ele>10</ele><time>2026-10-06T15:15:50Z</time></wpt>
<wpt lat="40.761563" lon="-73.951650"><ele>10</ele><time>2026-10-06T15:15:52Z</time></wpt>
<wpt lat="40.761589" lon="-73.951636"><ele>10</ele><time>2026-10-06T15:15:54Z</time></wpt>
<wpt lat="40.761615" lon="-73.951621"><ele>10</ele><time>2026-10-06T15:15:56Z</time></wpt>
<wpt lat="40.761642" lon="-73.951606"><ele>10</ele><time>2026-10-06T15:15:58Z</time></wpt>
<wpt lat="40.761668" lon="-73.951592"><ele>10</ele><time>2026-10-06T15:16:00Z</time></wpt>
<wpt lat="40.761696" lon="-73.951575"><ele>10</ele><time>2026-10-06T15:16:03Z</time></wpt>
<wpt lat="40.761721" lon="-73.951554"><ele>10</ele><time>2026-10-06T15:16:05Z</time></wpt>
<wpt lat="40.761746" lon="-73.951534"><ele>10</ele><time>2026-10-06T15:16:07Z</time></wpt>
<wpt lat="40.761771" lon="-73.951513"><ele>10</ele><time>2026-10-06T15:16:09Z</time></wpt>
<wpt lat="40.761796" lon="-73.951493"><ele>10</ele><time>2026-10-06T15:16:11Z</time></wpt>
<wpt lat="40.761821" lon="-73.951472"><ele>10</ele><time>2026-10-06T15:16:13Z</time></wpt>
<wpt lat="40.761846" lon="-73.951452"><ele>10</ele><time>2026-10-06T15:16:15Z</time></wpt>
<wpt lat="40.761871" lon="-73.951431"><ele>10</ele><time>2026-10-06T15:16:18Z</time></wpt>
<wpt lat="40.761896" lon="-73.951411"><ele>10</ele><time>2026-10-06T15:16:20Z</time></wpt>
<wpt lat="40.761921" lon="-73.951391"><ele>10</ele><time>2026-10-06T15:16:22Z</time></wpt>
<wpt lat="40.761946" lon="-73.951370"><ele>10</ele><time>2026-10-06T15:16:24Z</time></wpt>
<wpt lat="40.761971" lon="-73.951350"><ele>10</ele><time>2026-10-06T15:16:26Z</time></wpt>
<wpt lat="40.761997" lon="-73.951329"><ele>10</ele><time>2026-10-06T15:16:28Z</time></wpt>
<wpt lat="40.762022" lon="-73.951309"><ele>10</ele><time>2026-10-06T15:16:30Z</time></wpt>
<wpt lat="40.762047" lon="-73.951288"><ele>10</ele><time>2026-10-06T15:16:32Z</time></wpt>
<wpt lat="40.762072" lon="-73.951268"><ele>10</ele><time>2026-10-06T15:16:35Z</time></wpt>
<wpt lat="40.762097" lon="-73.951248"><ele>10</ele><time>2026-10-06T15:16:37Z</time></wpt>
<wpt lat="40.762127" lon="-73.951223"><ele>10</ele><time>2026-10-06T15:16:39Z</time></wpt>
<wpt lat="40.762158" lon="-73.951199"><ele>10</ele><time>2026-10-06T15:16:42Z</time></wpt>
<wpt lat="40.762188" lon="-73.951174"><ele>10</ele><time>2026-10-06T15:16:44Z</time></wpt>
<wpt lat="40.762212" lon="-73.951156"><ele>10</ele><time>2026-10-06T15:16:46Z</time></wpt>
<wpt lat="40.762236" lon="-73.951138"><ele>10</ele><time>2026-10-06T15:16:48Z</time></wpt>
<wpt lat="40.762260" lon="-73.951120"><ele>10</ele><time>2026-10-06T15:16:50Z</time></wpt>
<wpt lat="40.762284" lon="-73.951102"><ele>10</ele><time>2026-10-06T15:16:52Z</time></wpt>
<wpt lat="40.762308" lon="-73.951084"><ele>10</ele><time>2026-10-06T15:16:54Z</time></wpt>
<wpt lat="40.762332" lon="-73.951066"><ele>10</ele><time>2026-10-06T15:16:56Z</time></wpt>
<wpt lat="40.762357" lon="-73.951048"><ele>10</ele><time>2026-10-06T15:16:58Z</time></wpt>
<wpt lat="40.762381" lon="-73.951030"><ele>10</ele><time>2026-10-06T15:17:00Z</time></wpt>
<wpt lat="40.762405" lon="-73.951012"><ele>10</ele><time>2026-10-06T15:17:02Z</time></wpt>
<wpt lat="40.762429" lon="-73.950994"><ele>10</ele><time>2026-10-06T15:17:04Z</time></wpt>
<wpt lat="40.762453" lon="-73.950976"><ele>10</ele><time>2026-10-06T15:17:07Z</time></wpt>
<wpt lat="40.762477" lon="-73.950958"><ele>10</ele><time>2026-10-06T15:17:09Z</time></wpt>
<wpt lat="40.762501" lon="-73.950940"><ele>10</ele><time>2026-10-06T15:17:11Z</time></wpt>
<wpt lat="40.762525" lon="-73.950922"><ele>10</ele><time>2026-10-06T15:17:13Z</time></wpt>
<wpt lat="40.762549" lon="-73.950904"><ele>10</ele><time>2026-10-06T15:17:15Z</time></wpt>
<wpt lat="40.762573" lon="-73.950886"><ele>10</ele><time>2026-10-06T15:17:17Z</time></wpt>
<wpt lat="40.762594" lon="-73.950866"><ele>10</ele><time>2026-10-06T15:17:18Z</time></wpt>
<wpt lat="40.762621" lon="-73.950837"><ele>10</ele><time>2026-10-06T15:17:21Z</time></wpt>
<wpt lat="40.762648" lon="-73.950808"><ele>10</ele><time>2026-10-06T15:17:23Z</time></wpt>
<wpt lat="40.762675" lon="-73.950779"><ele>10</ele><time>2026-10-06T15:17:26Z</time></wpt>
<wpt lat="40.762701" lon="-73.950750"><ele>10</ele><time>2026-10-06T15:17:28Z</time></wpt>
<wpt lat="40.762736" lon="-73.950722"><ele>10</ele><time>2026-10-06T15:17:31Z</time></wpt>
<wpt lat="40.762770" lon="-73.950693"><ele>10</ele><time>2026-10-06T15:17:34Z</time></wpt>
<wpt lat="40.762796" lon="-73.950676"><ele>10</ele><time>2026-10-06T15:17:36Z</time></wpt>
<wpt lat="40.762821" lon="-73.950658"><ele>10</ele><time>2026-10-06T15:17:38Z</time></wpt>
<wpt lat="40.762845" lon="-73.950637"><ele>10</ele><time>2026-10-06T15:17:40Z</time></wpt>
<wpt lat="40.762868" lon="-73.950615"><ele>10</ele><time>2026-10-06T15:17:42Z</time></wpt>
<wpt lat="40.762891" lon="-73.950594"><ele>10</ele><time>2026-10-06T15:17:45Z</time></wpt>
<wpt lat="40.762915" lon="-73.950572"><ele>10</ele><time>2026-10-06T15:17:47Z</time></wpt>
<wpt lat="40.762938" lon="-73.950551"><ele>10</ele><time>2026-10-06T15:17:49Z</time></wpt>
<wpt lat="40.762961" lon="-73.950530"><ele>10</ele><time>2026-10-06T15:17:51Z</time></wpt>
<wpt lat="40.762985" lon="-73.950508"><ele>10</ele><time>2026-10-06T15:17:53Z</time></wpt>
<wpt lat="40.763008" lon="-73.950487"><ele>10</ele><time>2026-10-06T15:17:55Z</time></wpt>
<wpt lat="40.763032" lon="-73.950465"><ele>10</ele><time>2026-10-06T15:17:57Z</time></wpt>
<wpt lat="40.763055" lon="-73.950444"><ele>10</ele><time>2026-10-06T15:17:59Z</time></wpt>
<wpt lat="40.763078" lon="-73.950423"><ele>10</ele><time>2026-10-06T15:18:01Z</time></wpt>
<wpt lat="40.763102" lon="-73.950401"><ele>10</ele><time>2026-10-06T15:18:03Z</time></wpt>
<wpt lat="40.763078" lon="-73.950423"><ele>10</ele><time>2026-10-06T15:18:05Z</time></wpt>
<wpt lat="40.763055" lon="-73.950444"><ele>10</ele><time>2026-10-06T15:18:07Z</time></wpt>
<wpt lat="40.763032" lon="-73.950465"><ele>10</ele><time>2026-10-06T15:18:09Z</time></wpt>
<wpt lat="40.763008" lon="-73.950487"><ele>10</ele><time>2026-10-06T15:18:11Z</time></wpt>
<wpt lat="40.762985" lon="-73.950508"><ele>10</ele><time>2026-10-06T15:18:13Z</time></wpt>
<wpt lat="40.762961" lon="-73.950530"><ele>10</ele><time>2026-10-06T15:18:15Z</time></wpt>
<wpt lat="40.762938" lon="-73.950551"><ele>10</ele><time>2026-10-06T15:18:17Z</time></wpt>
<wpt lat="40.762915" lon="-73.950572"><ele>10</ele><time>2026-10-06T15:18:19Z</time></wpt>
<wpt lat="40.762891" lon="-73.950594"><ele>10</ele><time>2026-10-06T15:18:21Z</time></wpt>
<wpt lat="40.762868" lon="-73.950615"><ele>10</ele><time>2026-10-06T15:18:23Z</time></wpt>
<wpt lat="40.762845" lon="-73.950637"><ele>10</ele><time>2026-10-06T15:18:25Z</time></wpt>
<wpt lat="40.762821" lon="-73.950658"><ele>10</ele><time>2026-10-06T15:18:28Z</time></wpt>
<wpt lat="40.762796" lon="-73.950676"><ele>10</ele><time>2026-10-06T15:18:30Z</time></wpt>
<wpt lat="40.762770" lon="-73.950693"><ele>10</ele><time>2026-10-06T15:18:32Z</time></wpt>
<wpt lat="40.762736" lon="-73.950722"><ele>10</ele><time>2026-10-06T15:18:35Z</time></wpt>
<wpt lat="40.762701" lon="-73.950750"><ele>10</ele><time>2026-10-06T15:18:38Z</time></wpt>
<wpt lat="40.762675" lon="-73.950779"><ele>10</ele><time>2026-10-06T15:18:40Z</time></wpt>
<wpt lat="40.762648" lon="-73.950808"><ele>10</ele><time>2026-10-06T15:18:43Z</time></wpt>
<wpt lat="40.762621" lon="-73.950837"><ele>10</ele><time>2026-10-06T15:18:45Z</time></wpt>
<wpt lat="40.762594" lon="-73.950866"><ele>10</ele><time>2026-10-06T15:18:48Z</time></wpt>
<wpt lat="40.762573" lon="-73.950886"><ele>10</ele><time>2026-10-06T15:18:49Z</time></wpt>
<wpt lat="40.762549" lon="-73.950904"><ele>10</ele><time>2026-10-06T15:18:51Z</time></wpt>
<wpt lat="40.762525" lon="-73.950922"><ele>10</ele><time>2026-10-06T15:18:53Z</time></wpt>
<wpt lat="40.762501" lon="-73.950940"><ele>10</ele><time>2026-10-06T15:18:55Z</time></wpt>
<wpt lat="40.762477" lon="-73.950958"><ele>10</ele><time>2026-10-06T15:18:57Z</time></wpt>
<wpt lat="40.762453" lon="-73.950976"><ele>10</ele><time>2026-10-06T15:18:59Z</time></wpt>
<wpt lat="40.762429" lon="-73.950994"><ele>10</ele><time>2026-10-06T15:19:01Z</time></wpt>
<wpt lat="40.762405" lon="-73.951012"><ele>10</ele><time>2026-10-06T15:19:03Z</time></wpt>
<wpt lat="40.762381" lon="-73.951030"><ele>10</ele><time>2026-10-06T15:19:05Z</time></wpt>
<wpt lat="40.762357" lon="-73.951048"><ele>10</ele><time>2026-10-06T15:19:07Z</time></wpt>
<wpt lat="40.762332" lon="-73.951066"><ele>10</ele><time>2026-10-06T15:19:09Z</time></wpt>
<wpt lat="40.762308" lon="-73.951084"><ele>10</ele><time>2026-10-06T15:19:11Z</time></wpt>
<wpt lat="40.762284" lon="-73.951102"><ele>10</ele><time>2026-10-06T15:19:13Z</time></wpt>
<wpt lat="40.762260" lon="-73.951120"><ele>10</ele><time>2026-10-06T15:19:15Z</time></wpt>
<wpt lat="40.762236" lon="-73.951138"><ele>10</ele><time>2026-10-06T15:19:17Z</time></wpt>
<wpt lat="40.762212" lon="-73.951156"><ele>10</ele><time>2026-10-06T15:19:19Z</time></wpt>
<wpt lat="40.762188" lon="-73.951174"><ele>10</ele><time>2026-10-06T15:19:21Z</time></wpt>
<wpt lat="40.762158" lon="-73.951199"><ele>10</ele><time>2026-10-06T15:19:24Z</time></wpt>
<wpt lat="40.762127" lon="-73.951223"><ele>10</ele><time>2026-10-06T15:19:27Z</time></wpt>
<wpt lat="40.762097" lon="-73.951248"><ele>10</ele><time>2026-10-06T15:19:29Z</time></wpt>
<wpt lat="40.762072" lon="-73.951268"><ele>10</ele><time>2026-10-06T15:19:31Z</time></wpt>
<wpt lat="40.762047" lon="-73.951288"><ele>10</ele><time>2026-10-06T15:19:33Z</time></wpt>
<wpt lat="40.762022" lon="-73.951309"><ele>10</ele><time>2026-10-06T15:19:36Z</time></wpt>
<wpt lat="40.761997" lon="-73.951329"><ele>10</ele><time>2026-10-06T15:19:38Z</time></wpt>
<wpt lat="40.761971" lon="-73.951350"><ele>10</ele><time>2026-10-06T15:19:40Z</time></wpt>
<wpt lat="40.761946" lon="-73.951370"><ele>10</ele><time>2026-10-06T15:19:42Z</time></wpt>
<wpt lat="40.761921" lon="-73.951391"><ele>10</ele><time>2026-10-06T15:19:44Z</time></wpt>
<wpt lat="40.761896" lon="-73.951411"><ele>10</ele><time>2026-10-06T15:19:46Z</time></wpt>
<wpt lat="40.761871" lon="-73.951431"><ele>10</ele><time>2026-10-06T15:19:48Z</time></wpt>
<wpt lat="40.761846" lon="-73.951452"><ele>10</ele><time>2026-10-06T15:19:51Z</time></wpt>
<wpt lat="40.761821" lon="-73.951472"><ele>10</ele><time>2026-10-06T15:19:53Z</time></wpt>
<wpt lat="40.761796" lon="-73.951493"><ele>10</ele><time>2026-10-06T15:19:55Z</time></wpt>
<wpt lat="40.761771" lon="-73.951513"><ele>10</ele><time>2026-10-06T15:19:57Z</time></wpt>
<wpt lat="40.761746" lon="-73.951534"><ele>10</ele><time>2026-10-06T15:19:59Z</time></wpt>
<wpt lat="40.761721" lon="-73.951554"><ele>10</ele><time>2026-10-06T15:20:01Z</time></wpt>
<wpt lat="40.761696" lon="-73.951575"><ele>10</ele><time>2026-10-06T15:20:03Z</time></wpt>
<wpt lat="40.761668" lon="-73.951592"><ele>10</ele><time>2026-10-06T15:20:06Z</time></wpt>
<wpt lat="40.761642" lon="-73.951606"><ele>10</ele><time>2026-10-06T15:20:08Z</time></wpt>
<wpt lat="40.761615" lon="-73.951621"><ele>10</ele><time>2026-10-06T15:20:10Z</time></wpt>
<wpt lat="40.761589" lon="-73.951636"><ele>10</ele><time>2026-10-06T15:20:12Z</time></wpt>
<wpt lat="40.761563" lon="-73.951650"><ele>10</ele><time>2026-10-06T15:20:14Z</time></wpt>
<wpt lat="40.761536" lon="-73.951665"><ele>10</ele><time>2026-10-06T15:20:16Z</time></wpt>
<wpt lat="40.761510" lon="-73.951679"><ele>10</ele><time>2026-10-06T15:20:18Z</time></wpt>
<wpt lat="40.761481" lon="-73.951696"><ele>10</ele><time>2026-10-06T15:20:20Z</time></wpt>
<wpt lat="40.761451" lon="-73.951712"><ele>10</ele><time>2026-10-06T15:20:23Z</time></wpt>
<wpt lat="40.761422" lon="-73.951729"><ele>10</ele><time>2026-10-06T15:20:25Z</time></wpt>
<wpt lat="40.761390" lon="-73.951744"><ele>10</ele><time>2026-10-06T15:20:28Z</time></wpt>
<wpt lat="40.761359" lon="-73.951760"><ele>10</ele><time>2026-10-06T15:20:30Z</time></wpt>
<wpt lat="40.761327" lon="-73.951776"><ele>10</ele><time>2026-10-06T15:20:32Z</time></wpt>
<wpt lat="40.761295" lon="-73.951792"><ele>10</ele><time>2026-10-06T15:20:35Z</time></wpt>
<wpt lat="40.761287" lon="-73.951796"><ele>10</ele><time>2026-10-06T15:20:36Z</time></wpt>
<wpt lat="40.761261" lon="-73.951810"><ele>10</ele><time>2026-10-06T15:20:38Z</time></wpt>
<wpt lat="40.761236" lon="-73.951823"><ele>10</ele><time>2026-10-06T15:20:40Z</time></wpt>
<wpt lat="40.761210" lon="-73.951837"><ele>10</ele><time>2026-10-06T15:20:42Z</time></wpt>
<wpt lat="40.761184" lon="-73.951851"><ele>10</ele><time>2026-10-06T15:20:44Z</time></wpt>
<wpt lat="40.761159" lon="-73.951864"><ele>10</ele><time>2026-10-06T15:20:46Z</time></wpt>
<wpt lat="40.761133" lon="-73.951878"><ele>10</ele><time>2026-10-06T15:20:48Z</time></wpt>
<wpt lat="40.761107" lon="-73.951892"><ele>10</ele><time>2026-10-06T15:20:50Z</time></wpt>
<wpt lat="40.761082" lon="-73.951905"><ele>10</ele><time>2026-10-06T15:20:52Z</time></wpt>
<wpt lat="40.761056" lon="-73.951919"><ele>10</ele><time>2026-10-06T15:20:54Z</time></wpt>
<wpt lat="40.761030" lon="-73.951933"><ele>10</ele><time>2026-10-06T15:20:56Z</time></wpt>
<wpt lat="40.760999" lon="-73.951949"><ele>10</ele><time>2026-10-06T15:20:58Z</time></wpt>
<wpt lat="40.760967" lon="-73.951966"><ele>10</ele><time>2026-10-06T15:21:01Z</time></wpt>
<wpt lat="40.760935" lon="-73.951983"><ele>10</ele><time>2026-10-06T15:21:03Z</time></wpt>
<wpt lat="40.760908" lon="-73.952000"><ele>10</ele><time>2026-10-06T15:21:06Z</time></wpt>
<wpt lat="40.760881" lon="-73.952017"><ele>10</ele><time>2026-10-06T15:21:08Z</time></wpt>
<wpt lat="40.760856" lon="-73.952040"><ele>10</ele><time>2026-10-06T15:21:10Z</time></wpt>
<wpt lat="40.760830" lon="-73.952063"><ele>10</ele><time>2026-10-06T15:21:12Z</time></wpt>
<wpt lat="40.760805" lon="-73.952085"><ele>10</ele><time>2026-10-06T15:21:14Z</time></wpt>
<wpt lat="40.760779" lon="-73.952114"><ele>10</ele><time>2026-10-06T15:21:17Z</time></wpt>
<wpt lat="40.760753" lon="-73.952143"><ele>10</ele><time>2026-10-06T15:21:19Z</time></wpt>
<wpt lat="40.760727" lon="-73.952171"><ele>10</ele><time>2026-10-06T15:21:22Z</time></wpt>
<wpt lat="40.760700" lon="-73.952200"><ele>10</ele><time>2026-10-06T15:21:24Z</time></wpt>
<wpt lat="40.760676" lon="-73.952225"><ele>10</ele><time>2026-10-06T15:21:26Z</time></wpt>
<wpt lat="40.760652" lon="-73.952250"><ele>10</ele><time>2026-10-06T15:21:29Z</time></wpt>
<wpt lat="40.760627" lon="-73.952275"><ele>10</ele><time>2026-10-06T15:21:31Z</time></wpt>
<wpt lat="40.760603" lon="-73.952300"><ele>10</ele><time>2026-10-06T15:21:33Z</time></wpt>
<wpt lat="40.760578" lon="-73.952325"><ele>10</ele><time>2026-10-06T15:21:35Z</time></wpt>
<wpt lat="40.760554" lon="-73.952350"><ele>10</ele><time>2026-10-06T15:21:37Z</time></wpt>
<wpt lat="40.760529" lon="-73.952375"><ele>10</ele><time>2026-10-06T15:21:40Z</time></wpt>
<wpt lat="40.760505" lon="-73.952400"><ele>10</ele><time>2026-10-06T15:21:42Z</time></wpt>
<wpt lat="40.760480" lon="-73.952425"><ele>10</ele><time>2026-10-06T15:21:44Z</time></wpt>
<wpt lat="40.760456" lon="-73.952450"><ele>10</ele><time>2026-10-06T15:21:46Z</time></wpt>
<wpt lat="40.760431" lon="-73.952475"><ele>10</ele><time>2026-10-06T15:21:48Z</time></wpt>
<wpt lat="40.760407" lon="-73.952500"><ele>10</ele><time>2026-10-06T15:21:51Z</time></wpt>
<wpt lat="40.760382" lon="-73.952524"><ele>10</ele><time>2026-10-06T15:21:53Z</time></wpt>
<wpt lat="40.760360" lon="-73.952546"><ele>10</ele><time>2026-10-06T15:21:55Z</time></wpt>
<wpt lat="40.760337" lon="-73.952568"><ele>10</ele><time>2026-10-06T15:21:57Z</time></wpt>
<wpt lat="40.760314" lon="-73.952590"><ele>10</ele><time>2026-10-06T15:21:59Z</time></wpt>
<wpt lat="40.760281" lon="-73.952622"><ele>10</ele><time>2026-10-06T15:22:02Z</time></wpt>
<wpt lat="40.760248" lon="-73.952653"><ele>10</ele><time>2026-10-06T15:22:05Z</time></wpt>
<wpt lat="40.760222" lon="-73.952676"><ele>10</ele><time>2026-10-06T15:22:07Z</time></wpt>
<wpt lat="40.760197" lon="-73.952698"><ele>10</ele><time>2026-10-06T15:22:09Z</time></wpt>
<wpt lat="40.760186" lon="-73.952708"><ele>10</ele><time>2026-10-06T15:22:10Z</time></wpt>
<wpt lat="40.760163" lon="-73.952733"><ele>10</ele><time>2026-10-06T15:22:12Z</time></wpt>
<wpt lat="40.760140" lon="-73.952757"><ele>10</ele><time>2026-10-06T15:22:14Z</time></wpt>
<wpt lat="40.760118" lon="-73.952782"><ele>10</ele><time>2026-10-06T15:22:17Z</time></wpt>
<wpt lat="40.760095" lon="-73.952807"><ele>10</ele><time>2026-10-06T15:22:19Z</time></wpt>
<wpt lat="40.760072" lon="-73.952831"><ele>10</ele><time>2026-10-06T15:22:21Z</time></wpt>
<wpt lat="40.760050" lon="-73.952856"><ele>10</ele><time>2026-10-06T15:22:23Z</time></wpt>
<wpt lat="40.760027" lon="-73.952881"><ele>10</ele><time>2026-10-06T15:22:25Z</time></wpt>
<wpt lat="40.760005" lon="-73.952905"><ele>10</ele><time>2026-10-06T15:22:27Z</time></wpt>
<wpt lat="40.759982" lon="-73.952930"><ele>10</ele><time>2026-10-06T15:22:29Z</time></wpt>
<wpt lat="40.759958" lon="-73.952957"><ele>10</ele><time>2026-10-06T15:22:31Z</time></wpt>
<wpt lat="40.759922" lon="-73.952938"><ele>10</ele><time>2026-10-06T15:22:34Z</time></wpt>
<wpt lat="40.759894" lon="-73.952972"><ele>10</ele><time>2026-10-06T15:22:37Z</time></wpt>
<wpt lat="40.759865" lon="-73.953007"><ele>10</ele><time>2026-10-06T15:22:40Z</time></wpt>
<wpt lat="40.759843" lon="-73.952974"><ele>10</ele><time>2026-10-06T15:22:42Z</time></wpt>
<wpt lat="40.759820" lon="-73.952941"><ele>10</ele><time>2026-10-06T15:22:45Z</time></wpt>
<wpt lat="40.759797" lon="-73.952969"><ele>10</ele><time>2026-10-06T15:22:47Z</time></wpt>
<wpt lat="40.759774" lon="-73.952998"><ele>10</ele><time>2026-10-06T15:22:49Z</time></wpt>
<wpt lat="40.759751" lon="-73.953027"><ele>10</ele><time>2026-10-06T15:22:51Z</time></wpt>
<wpt lat="40.759728" lon="-73.953055"><ele>10</ele><time>2026-10-06T15:22:54Z</time></wpt>
<wpt lat="40.759705" lon="-73.953084"><ele>10</ele><time>2026-10-06T15:22:56Z</time></wpt>
<wpt lat="40.759683" lon="-73.953108"><ele>10</ele><time>2026-10-06T15:22:58Z</time></wpt>
<wpt lat="40.759661" lon="-73.953132"><ele>10</ele><time>2026-10-06T15:23:00Z</time></wpt>
<wpt lat="40.759639" lon="-73.953156"><ele>10</ele><time>2026-10-06T15:23:02Z</time></wpt>
<wpt lat="40.759617" lon="-73.953180"><ele>10</ele><time>2026-10-06T15:23:04Z</time></wpt>
<wpt lat="40.759595" lon="-73.953204"><ele>10</ele><time>2026-10-06T15:23:06Z</time></wpt>
<wpt lat="40.759573" lon="-73.953228"><ele>10</ele><time>2026-10-06T15:23:08Z</time></wpt>
<wpt lat="40.759551" lon="-73.953252"><ele>10</ele><time>2026-10-06T15:23:10Z</time></wpt>
<wpt lat="40.759529" lon="-73.953276"><ele>10</ele><time>2026-10-06T15:23:12Z</time></wpt>
<wpt lat="40.759507" lon="-73.953300"><ele>10</ele><time>2026-10-06T15:23:14Z</time></wpt>
<wpt lat="40.759485" lon="-73.953324"><ele>10</ele><time>2026-10-06T15:23:16Z</time></wpt>
<wpt lat="40.759463" lon="-73.953347"><ele>10</ele><time>2026-10-06T15:23:18Z</time></wpt>
<wpt lat="40.759441" lon="-73.953371"><ele>10</ele><time>2026-10-06T15:23:20Z</time></wpt>
<wpt lat="40.759438" lon="-73.953366"><ele>10</ele><time>2026-10-06T15:23:21Z</time></wpt>
<wpt lat="40.759418" lon="-73.953334"><ele>10</ele><time>2026-10-06T15:23:23Z</time></wpt>
<wpt lat="40.759393" lon="-73.953357"><ele>10</ele><time>2026-10-06T15:23:25Z</time></wpt>
<wpt lat="40.759367" lon="-73.953380"><ele>10</ele><time>2026-10-06T15:23:27Z</time></wpt>
<wpt lat="40.759329" lon="-73.953410"><ele>10</ele><time>2026-10-06T15:23:31Z</time></wpt>
<wpt lat="40.759304" lon="-73.953428"><ele>10</ele><time>2026-10-06T15:23:33Z</time></wpt>
<wpt lat="40.759279" lon="-73.953447"><ele>10</ele><time>2026-10-06T15:23:35Z</time></wpt>
<wpt lat="40.759254" lon="-73.953466"><ele>10</ele><time>2026-10-06T15:23:37Z</time></wpt>
<wpt lat="40.759230" lon="-73.953485"><ele>10</ele><time>2026-10-06T15:23:39Z</time></wpt>
<wpt lat="40.759205" lon="-73.953504"><ele>10</ele><time>2026-10-06T15:23:41Z</time></wpt>
<wpt lat="40.759180" lon="-73.953522"><ele>10</ele><time>2026-10-06T15:23:43Z</time></wpt>
<wpt lat="40.759155" lon="-73.953541"><ele>10</ele><time>2026-10-06T15:23:45Z</time></wpt>
<wpt lat="40.759130" lon="-73.953560"><ele>10</ele><time>2026-10-06T15:23:47Z</time></wpt>
<wpt lat="40.759099" lon="-73.953586"><ele>10</ele><time>2026-10-06T15:23:50Z</time></wpt>
<wpt lat="40.759070" lon="-73.953624"><ele>10</ele><time>2026-10-06T15:23:53Z</time></wpt>
<wpt lat="40.759048" lon="-73.953665"><ele>10</ele><time>2026-10-06T15:23:55Z</time></wpt>
<wpt lat="40.759032" lon="-73.953699"><ele>10</ele><time>2026-10-06T15:23:57Z</time></wpt>
<wpt lat="40.759015" lon="-73.953733"><ele>10</ele><time>2026-10-06T15:24:00Z</time></wpt>
<wpt lat="40.758975" lon="-73.953705"><ele>10</ele><time>2026-10-06T15:24:03Z</time></wpt>
<wpt lat="40.758969" lon="-73.953700"><ele>10</ele><time>2026-10-06T15:24:03Z</time></wpt>
<wpt lat="40.758962" lon="-73.953696"><ele>10</ele><time>2026-10-06T15:24:04Z</time></wpt>
<wpt lat="40.758946" lon="-73.953731"><ele>10</ele><time>2026-10-06T15:24:06Z</time></wpt>
<wpt lat="40.758930" lon="-73.953767"><ele>10</ele><time>2026-10-06T15:24:08Z</time></wpt>
<wpt lat="40.758914" lon="-73.953802"><ele>10</ele><time>2026-10-06T15:24:10Z</time></wpt>
<wpt lat="40.758899" lon="-73.953837"><ele>10</ele><time>2026-10-06T15:24:13Z</time></wpt>
<wpt lat="40.758879" lon="-73.953868"><ele>10</ele><time>2026-10-06T15:24:15Z</time></wpt>
<wpt lat="40.758860" lon="-73.953899"><ele>10</ele><time>2026-10-06T15:24:17Z</time></wpt>
<wpt lat="40.758841" lon="-73.953929"><ele>10</ele><time>2026-10-06T15:24:19Z</time></wpt>
<wpt lat="40.758822" lon="-73.953960"><ele>10</ele><time>2026-10-06T15:24:21Z</time></wpt>
<wpt lat="40.758799" lon="-73.953984"><ele>10</ele><time>2026-10-06T15:24:23Z</time></wpt>
<wpt lat="40.758776" lon="-73.954008"><ele>10</ele><time>2026-10-06T15:24:25Z</time></wpt>
<wpt lat="40.758753" lon="-73.954032"><ele>10</ele><time>2026-10-06T15:24:27Z</time></wpt>
<wpt lat="40.758730" lon="-73.954056"><ele>10</ele><time>2026-10-06T15:24:29Z</time></wpt>
<wpt lat="40.758707" lon="-73.954079"><ele>10</ele><time>2026-10-06T15:24:32Z</time></wpt>
<wpt lat="40.758684" lon="-73.954101"><ele>10</ele><time>2026-10-06T15:24:34Z</time></wpt>
<wpt lat="40.758661" lon="-73.954124"><ele>10</ele><time>2026-10-06T15:24:36Z</time></wpt>
<wpt lat="40.758638" lon="-73.954146"><ele>10</ele><time>2026-10-06T15:24:38Z</time></wpt>
<wpt lat="40.758615" lon="-73.954169"><ele>10</ele><time>2026-10-06T15:24:40Z</time></wpt>
<wpt lat="40.758592" lon="-73.954191"><ele>10</ele><time>2026-10-06T15:24:42Z</time></wpt>
<wpt lat="40.758568" lon="-73.954214"><ele>10</ele><time>2026-10-06T15:24:44Z</time></wpt>
<wpt lat="40.758544" lon="-73.954238"><ele>10</ele><time>2026-10-06T15:24:46Z</time></wpt>
<wpt lat="40.758519" lon="-73.954261"><ele>10</ele><time>2026-10-06T15:24:48Z</time></wpt>
<wpt lat="40.758495" lon="-73.954285"><ele>10</ele><time>2026-10-06T15:24:50Z</time></wpt>
<wpt lat="40.758470" lon="-73.954308"><ele>10</ele><time>2026-10-06T15:24:53Z</time></wpt>
<wpt lat="40.758446" lon="-73.954332"><ele>10</ele><time>2026-10-06T15:24:55Z</time></wpt>
<wpt lat="40.758421" lon="-73.954355"><ele>10</ele><time>2026-10-06T15:24:57Z</time></wpt>
<wpt lat="40.758397" lon="-73.954379"><ele>10</ele><time>2026-10-06T15:24:59Z</time></wpt>
<wpt lat="40.758373" lon="-73.954398"><ele>10</ele><time>2026-10-06T15:25:01Z</time></wpt>
<wpt lat="40.758349" lon="-73.954417"><ele>10</ele><time>2026-10-06T15:25:03Z</time></wpt>
<wpt lat="40.758325" lon="-73.954435"><ele>10</ele><time>2026-10-06T15:25:05Z</time></wpt>
<wpt lat="40.758301" lon="-73.954454"><ele>10</ele><time>2026-10-06T15:25:07Z</time></wpt>
<wpt lat="40.758276" lon="-73.954473"><ele>10</ele><time>2026-10-06T15:25:09Z</time></wpt>
<wpt lat="40.758252" lon="-73.954492"><ele>10</ele><time>2026-10-06T15:25:11Z</time></wpt>
<wpt lat="40.758228" lon="-73.954511"><ele>10</ele><time>2026-10-06T15:25:13Z</time></wpt>
<wpt lat="40.758204" lon="-73.954529"><ele>10</ele><time>2026-10-06T15:25:15Z</time></wpt>
<wpt lat="40.758180" lon="-73.954549"><ele>10</ele><time>2026-10-06T15:25:17Z</time></wpt>
<wpt lat="40.758156" lon="-73.954568"><ele>10</ele><time>2026-10-06T15:25:19Z</time></wpt>
<wpt lat="40.758131" lon="-73.954587"><ele>10</ele><time>2026-10-06T15:25:22Z</time></wpt>
<wpt lat="40.758107" lon="-73.954606"><ele>10</ele><time>2026-10-06T15:25:24Z</time></wpt>
<wpt lat="40.758083" lon="-73.954625"><ele>10</ele><time>2026-10-06T15:25:26Z</time></wpt>
<wpt lat="40.758058" lon="-73.954644"><ele>10</ele><time>2026-10-06T15:25:28Z</time></wpt>
<wpt lat="40.758034" lon="-73.954663"><ele>10</ele><time>2026-10-06T15:25:30Z</time></wpt>
<wpt lat="40.758010" lon="-73.954682"><ele>10</ele><time>2026-10-06T15:25:32Z</time></wpt>
<wpt lat="40.757983" lon="-73.954692"><ele>10</ele><time>2026-10-06T15:25:34Z</time></wpt>
<wpt lat="40.757956" lon="-73.954702"><ele>10</ele><time>2026-10-06T15:25:36Z</time></wpt>
<wpt lat="40.757929" lon="-73.954697"><ele>10</ele><time>2026-10-06T15:25:38Z</time></wpt>
<wpt lat="40.757902" lon="-73.954692"><ele>10</ele><time>2026-10-06T15:25:40Z</time></wpt>
<wpt lat="40.757861" lon="-73.954661"><ele>10</ele><time>2026-10-06T15:25:43Z</time></wpt>
<wpt lat="40.757849" lon="-73.954640"><ele>10</ele><time>2026-10-06T15:25:45Z</time></wpt>
<wpt lat="40.757830" lon="-73.954652"><ele>10</ele><time>2026-10-06T15:25:46Z</time></wpt>
<wpt lat="40.757782" lon="-73.954680"><ele>10</ele><time>2026-10-06T15:25:50Z</time></wpt>
<wpt lat="40.757756" lon="-73.954696"><ele>10</ele><time>2026-10-06T15:25:52Z</time></wpt>
<wpt lat="40.757730" lon="-73.954711"><ele>10</ele><time>2026-10-06T15:25:54Z</time></wpt>
<wpt lat="40.757714" lon="-73.954721"><ele>10</ele><time>2026-10-06T15:25:56Z</time></wpt>
<wpt lat="40.757709" lon="-73.954704"><ele>10</ele><time>2026-10-06T15:25:56Z</time></wpt>
<wpt lat="40.757694" lon="-73.954666"><ele>10</ele><time>2026-10-06T15:25:59Z</time></wpt>
<wpt lat="40.757679" lon="-73.954628"><ele>10</ele><time>2026-10-06T15:26:01Z</time></wpt>
<wpt lat="40.757664" lon="-73.954589"><ele>10</ele><time>2026-10-06T15:26:03Z</time></wpt>
<wpt lat="40.757649" lon="-73.954551"><ele>10</ele><time>2026-10-06T15:26:05Z</time></wpt>
<wpt lat="40.757634" lon="-73.954513"><ele>10</ele><time>2026-10-06T15:26:08Z</time></wpt>
<wpt lat="40.757619" lon="-73.954475"><ele>10</ele><time>2026-10-06T15:26:10Z</time></wpt>
<wpt lat="40.757602" lon="-73.954430"><ele>10</ele><time>2026-10-06T15:26:13Z</time></wpt>
<wpt lat="40.757584" lon="-73.954386"><ele>10</ele><time>2026-10-06T15:26:15Z</time></wpt>
<wpt lat="40.757567" lon="-73.954341"><ele>10</ele><time>2026-10-06T15:26:18Z</time></wpt>
<wpt lat="40.757539" lon="-73.954358"><ele>10</ele><time>2026-10-06T15:26:20Z</time></wpt>
<wpt lat="40.757512" lon="-73.954375"><ele>10</ele><time>2026-10-06T15:26:22Z</time></wpt>
<wpt lat="40.757494" lon="-73.954329"><ele>10</ele><time>2026-10-06T15:26:25Z</time></wpt>
<wpt lat="40.757481" lon="-73.954295"><ele>10</ele><time>2026-10-06T15:26:27Z</time></wpt>
<wpt lat="40.757468" lon="-73.954261"><ele>10</ele><time>2026-10-06T15:26:29Z</time></wpt>
<wpt lat="40.757455" lon="-73.954226"><ele>10</ele><time>2026-10-06T15:26:31Z</time></wpt>
<wpt lat="40.757371" lon="-73.954239"><ele>10</ele><time>2026-10-06T15:27:33Z</time></wpt>
<wpt lat="40.757408" lon="-73.954333"><ele>10</ele><time>2026-10-06T15:27:35Z</time></wpt>
<wpt lat="40.757445" lon="-73.954426"><ele>10</ele><time>2026-10-06T15:27:37Z</time></wpt>
<wpt lat="40.757481" lon="-73.954520"><ele>10</ele><time>2026-10-06T15:27:39Z</time></wpt>
<wpt lat="40.757518" lon="-73.954614"><ele>10</ele><time>2026-10-06T15:27:41Z</time></wpt>
<wpt lat="40.757554" lon="-73.954708"><ele>10</ele><time>2026-10-06T15:27:43Z</time></wpt>
<wpt lat="40.757591" lon="-73.954801"><ele>10</ele><time>2026-10-06T15:27:45Z</time></wpt>
<wpt lat="40.757627" lon="-73.954895"><ele>10</ele><time>2026-10-06T15:27:48Z</time></wpt>
<wpt lat="40.757664" lon="-73.954989"><ele>10</ele><time>2026-10-06T15:27:50Z</time></wpt>
<wpt lat="40.757700" lon="-73.955083"><ele>52</ele><time>2026-10-06T15:27:52Z</time></wpt>
<wpt lat="40.757735" lon="-73.955177"><ele>52</ele><time>2026-10-06T15:27:54Z</time></wpt>
<wpt lat="40.757769" lon="-73.955271"><ele>52</ele><time>2026-10-06T15:27:56Z</time></wpt>
<wpt lat="40.757804" lon="-73.955364"><ele>52</ele><time>2026-10-06T15:27:58Z</time></wpt>
<wpt lat="40.757838" lon="-73.955458"><ele>52</ele><time>2026-10-06T15:28:00Z</time></wpt>
<wpt lat="40.757873" lon="-73.955552"><ele>52</ele><time>2026-10-06T15:28:02Z</time></wpt>
<wpt lat="40.757907" lon="-73.955646"><ele>52</ele><time>2026-10-06T15:28:04Z</time></wpt>
<wpt lat="40.757942" lon="-73.955740"><ele>52</ele><time>2026-10-06T15:28:06Z</time></wpt>
<wpt lat="40.757976" lon="-73.955834"><ele>52</ele><time>2026-10-06T15:28:08Z</time></wpt>
<wpt lat="40.758011" lon="-73.955928"><ele>52</ele><time>2026-10-06T15:28:10Z</time></wpt>
<wpt lat="40.758045" lon="-73.956022"><ele>52</ele><time>2026-10-06T15:28:12Z</time></wpt>
<wpt lat="40.758080" lon="-73.956116"><ele>52</ele><time>2026-10-06T15:28:14Z</time></wpt>
<wpt lat="40.758114" lon="-73.956210"><ele>52</ele><time>2026-10-06T15:28:16Z</time></wpt>
<wpt lat="40.758149" lon="-73.956304"><ele>52</ele><time>2026-10-06T15:28:18Z</time></wpt>
<wpt lat="40.758183" lon="-73.956398"><ele>52</ele><time>2026-10-06T15:28:20Z</time></wpt>
<wpt lat="40.758218" lon="-73.956492"><ele>52</ele><time>2026-10-06T15:28:22Z</time></wpt>
<wpt lat="40.758252" lon="-73.956586"><ele>52</ele><time>2026-10-06T15:28:24Z</time></wpt>
<wpt lat="40.758287" lon="-73.956680"><ele>52</ele><time>2026-10-06T15:28:26Z</time></wpt>
<wpt lat="40.758321" lon="-73.956774"><ele>52</ele><time>2026-10-06T15:28:28Z</time></wpt>
<wpt lat="40.758356" lon="-73.956868"><ele>52</ele><time>2026-10-06T15:28:31Z</time></wpt>
<wpt lat="40.758390" lon="-73.956962"><ele>52</ele><time>2026-10-06T15:28:33Z</time></wpt>
<wpt lat="40.758425" lon="-73.957056"><ele>52</ele><time>2026-10-06T15:28:35Z</time></wpt>
<wpt lat="40.758459" lon="-73.957150"><ele>52</ele><time>2026-10-06T15:28:37Z</time></wpt>
<wpt lat="40.758494" lon="-73.957244"><ele>52</ele><time>2026-10-06T15:28:39Z</time></wpt>
<wpt lat="40.758528" lon="-73.957338"><ele>52</ele><time>2026-10-06T15:28:41Z</time></wpt>
<wpt lat="40.758563" lon="-73.957432"><ele>52</ele><time>2026-10-06T15:28:43Z</time></wpt>
<wpt lat="40.758597" lon="-73.957526"><ele>52</ele><time>2026-10-06T15:28:45Z</time></wpt>
<wpt lat="40.758632" lon="-73.957620"><ele>52</ele><time>2026-10-06T15:28:47Z</time></wpt>
<wpt lat="40.758666" lon="-73.957714"><ele>52</ele><time>2026-10-06T15:28:49Z</time></wpt>
<wpt lat="40.758700" lon="-73.957808"><ele>52</ele><time>2026-10-06T15:28:51Z</time></wpt>
<wpt lat="40.758735" lon="-73.957902"><ele>52</ele><time>2026-10-06T15:28:53Z</time></wpt>
<wpt lat="40.758769" lon="-73.957996"><ele>52</ele><time>2026-10-06T15:28:55Z</time></wpt>
<wpt lat="40.758804" lon="-73.958090"><ele>52</ele><time>2026-10-06T15:28:57Z</time></wpt>
<wpt lat="40.758838" lon="-73.958183"><ele>52</ele><time>2026-10-06T15:28:59Z</time></wpt>
<wpt lat="40.758873" lon="-73.958277"><ele>52</ele><time>2026-10-06T15:29:01Z</time></wpt>
<wpt lat="40.758907" lon="-73.958371"><ele>52</ele><time>2026-10-06T15:29:03Z</time></wpt>
<wpt lat="40.758942" lon="-73.958465"><ele>52</ele><time>2026-10-06T15:29:05Z</time></wpt>
<wpt lat="40.758976" lon="-73.958559"><ele>52</ele><time>2026-10-06T15:29:07Z</time></wpt>
<wpt lat="40.759011" lon="-73.958653"><ele>52</ele><time>2026-10-06T15:29:09Z</time></wpt>
<wpt lat="40.759045" lon="-73.958747"><ele>52</ele><time>2026-10-06T15:29:11Z</time></wpt>
<wpt lat="40.759080" lon="-73.958841"><ele>52</ele><time>2026-10-06T15:29:14Z</time></wpt>
<wpt lat="40.759114" lon="-73.958935"><ele>70</ele><time>2026-10-06T15:29:16Z</time></wpt>
<wpt lat="40.759151" lon="-73.959026"><ele>70</ele><time>2026-10-06T15:29:18Z</time></wpt>
<wpt lat="40.759188" lon="-73.959117"><ele>70</ele><time>2026-10-06T15:29:20Z</time></wpt>
<wpt lat="40.759225" lon="-73.959207"><ele>70</ele><time>2026-10-06T15:29:22Z</time></wpt>
<wpt lat="40.759261" lon="-73.959298"><ele>70</ele><time>2026-10-06T15:29:24Z</time></wpt>
<wpt lat="40.759298" lon="-73.959389"><ele>70</ele><time>2026-10-06T15:29:26Z</time></wpt>
<wpt lat="40.759335" lon="-73.959479"><ele>70</ele><time>2026-10-06T15:29:28Z</time></wpt>
<wpt lat="40.759371" lon="-73.959570"><ele>70</ele><time>2026-10-06T15:29:30Z</time></wpt>
<wpt lat="40.759408" lon="-73.959660"><ele>70</ele><time>2026-10-06T15:29:32Z</time></wpt>
<wpt lat="40.759445" lon="-73.959751"><ele>70</ele><time>2026-10-06T15:29:34Z</time></wpt>
<wpt lat="40.759482" lon="-73.959842"><ele>70</ele><time>2026-10-06T15:29:36Z</time></wpt>
<wpt lat="40.759518" lon="-73.959932"><ele>70</ele><time>2026-10-06T15:29:38Z</time></wpt>
<wpt lat="40.759555" lon="-73.960023"><ele>70</ele><time>2026-10-06T15:29:40Z</time></wpt>
<wpt lat="40.759592" lon="-73.960114"><ele>70</ele><time>2026-10-06T15:29:42Z</time></wpt>
<wpt lat="40.759629" lon="-73.960204"><ele>70</ele><time>2026-10-06T15:29:44Z</time></wpt>
<wpt lat="40.759665" lon="-73.960295"><ele>70</ele><time>2026-10-06T15:29:46Z</time></wpt>
<wpt lat="40.759702" lon="-73.960386"><ele>70</ele><time>2026-10-06T15:29:48Z</time></wpt>
<wpt lat="40.759739" lon="-73.960476"><ele>70</ele><time>2026-10-06T15:29:50Z</time></wpt>
<wpt lat="40.759775" lon="-73.960567"><ele>70</ele><time>2026-10-06T15:29:52Z</time></wpt>
<wpt lat="40.759812" lon="-73.960658"><ele>70</ele><time>2026-10-06T15:29:54Z</time></wpt>
<wpt lat="40.759849" lon="-73.960748"><ele>70</ele><time>2026-10-06T15:29:56Z</time></wpt>
<wpt lat="40.759886" lon="-73.960839"><ele>70</ele><time>2026-10-06T15:29:58Z</time></wpt>
<wpt lat="40.759922" lon="-73.960930"><ele>70</ele><time>2026-10-06T15:30:00Z</time></wpt>
<wpt lat="40.759959" lon="-73.961020"><ele>70</ele><time>2026-10-06T15:30:02Z</time></wpt>
<wpt lat="40.759996" lon="-73.961111"><ele>70</ele><time>2026-10-06T15:30:04Z</time></wpt>
<wpt lat="40.760033" lon="-73.961202"><ele>70</ele><time>2026-10-06T15:30:06Z</time></wpt>
<wpt lat="40.760069" lon="-73.961292"><ele>70</ele><time>2026-10-06T15:30:08Z</time></wpt>
<wpt lat="40.760106" lon="-73.961383"><ele>70</ele><time>2026-10-06T15:30:10Z</time></wpt>
<wpt lat="40.760143" lon="-73.961474"><ele>70</ele><time>2026-10-06T15:30:12Z</time></wpt>
<wpt lat="40.760179" lon="-73.961564"><ele>70</ele><time>2026-10-06T15:30:14Z</time></wpt>
<wpt lat="40.760216" lon="-73.961655"><ele>70</ele><time>2026-10-06T15:30:16Z</time></wpt>
<wpt lat="40.760253" lon="-73.961746"><ele>70</ele><time>2026-10-06T15:30:18Z</time></wpt>
<wpt lat="40.760290" lon="-73.961836"><ele>70</ele><time>2026-10-06T15:30:20Z</time></wpt>
<wpt lat="40.760326" lon="-73.961927"><ele>70</ele><time>2026-10-06T15:30:22Z</time></wpt>
<wpt lat="40.760363" lon="-73.962018"><ele>70</ele><time>2026-10-06T15:30:24Z</time></wpt>
<wpt lat="40.760400" lon="-73.962108"><ele>70</ele><time>2026-10-06T15:30:26Z</time></wpt>
<wpt lat="40.760436" lon="-73.962199"><ele>70</ele><time>2026-10-06T15:30:28Z</time></wpt>
<wpt lat="40.760473" lon="-73.962290"><ele>52</ele><time>2026-10-06T15:30:30Z</time></wpt>
<wpt lat="40.760508" lon="-73.962381"><ele>52</ele><time>2026-10-06T15:30:32Z</time></wpt>
<wpt lat="40.760543" lon="-73.962473"><ele>52</ele><time>2026-10-06T15:30:34Z</time></wpt>
<wpt lat="40.760578" lon="-73.962565"><ele>52</ele><time>2026-10-06T15:30:36Z</time></wpt>
<wpt lat="40.760613" lon="-73.962656"><ele>52</ele><time>2026-10-06T15:30:38Z</time></wpt>
<wpt lat="40.760649" lon="-73.962748"><ele>52</ele><time>2026-10-06T15:30:40Z</time></wpt>
<wpt lat="40.760684" lon="-73.962839"><ele>52</ele><time>2026-10-06T15:30:42Z</time></wpt>
<wpt lat="40.760719" lon="-73.962931"><ele>52</ele><time>2026-10-06T15:30:44Z</time></wpt>
<wpt lat="40.760754" lon="-73.963023"><ele>52</ele><time>2026-10-06T15:30:46Z</time></wpt>
<wpt lat="40.760789" lon="-73.963114"><ele>52</ele><time>2026-10-06T15:30:48Z</time></wpt>
<wpt lat="40.760824" lon="-73.963206"><ele>52</ele><time>2026-10-06T15:30:50Z</time></wpt>
<wpt lat="40.760859" lon="-73.963297"><ele>52</ele><time>2026-10-06T15:30:52Z</time></wpt>
<wpt lat="40.760894" lon="-73.963389"><ele>52</ele><time>2026-10-06T15:30:55Z</time></wpt>
<wpt lat="40.760929" lon="-73.963481"><ele>52</ele><time>2026-10-06T15:30:57Z</time></wpt>
<wpt lat="40.760964" lon="-73.963572"><ele>52</ele><time>2026-10-06T15:30:59Z</time></wpt>
<wpt lat="40.760999" lon="-73.963664"><ele>52</ele><time>2026-10-06T15:31:01Z</time></wpt>
<wpt lat="40.761034" lon="-73.963756"><ele>52</ele><time>2026-10-06T15:31:03Z</time></wpt>
<wpt lat="40.761069" lon="-73.963847"><ele>52</ele><time>2026-10-06T15:31:05Z</time></wpt>
<wpt lat="40.761104" lon="-73.963939"><ele>52</ele><time>2026-10-06T15:31:07Z</time></wpt>
<wpt lat="40.761139" lon="-73.964030"><ele>52</ele><time>2026-10-06T15:31:09Z</time></wpt>
</gpx>